# Great Strider form study 01; meters; Y up; Z forward
mtllib GreatStrider.mtl
o Ilyth_Torso
usemtl living_pearl
s 1
v 0.14192 4.94471 -1.07455
v 0.13498 4.98624 -1.11269
v 0.11482 5.02371 -1.14709
v 0.08342 5.05345 -1.17439
v 0.04386 5.07254 -1.19192
v 0.00000 5.07912 -1.19796
v -0.04386 5.07254 -1.19192
v -0.08342 5.05345 -1.17439
v -0.11482 5.02371 -1.14709
v -0.13498 4.98624 -1.11269
v -0.14192 4.94471 -1.07455
v -0.13498 4.90317 -1.03642
v -0.11482 4.86570 -1.00202
v -0.08342 4.83597 -0.97471
v -0.04386 4.81688 -0.95719
v -0.00000 4.81030 -0.95115
v 0.04386 4.81688 -0.95719
v 0.08342 4.83597 -0.97471
v 0.11482 4.86570 -1.00202
v 0.13498 4.90317 -1.03642
v 0.20537 5.00365 -1.01035
v 0.19532 5.04623 -1.04803
v 0.16615 5.08463 -1.08201
v 0.12072 5.11511 -1.10899
v 0.06346 5.13468 -1.12631
v 0.00000 5.14143 -1.13227
v -0.06346 5.13468 -1.12631
v -0.12072 5.11511 -1.10899
v -0.16615 5.08463 -1.08201
v -0.19532 5.04623 -1.04803
v -0.20537 5.00365 -1.01035
v -0.19532 4.96108 -0.97267
v -0.16615 4.92268 -0.93868
v -0.12072 4.89220 -0.91171
v -0.06346 4.87263 -0.89439
v -0.00000 4.86588 -0.88843
v 0.06346 4.87263 -0.89439
v 0.12072 4.89220 -0.91171
v 0.16615 4.92268 -0.93868
v 0.19532 4.96108 -0.97267
v 0.29361 5.08625 -0.91461
v 0.27924 5.13319 -0.94750
v 0.23753 5.17553 -0.97718
v 0.17258 5.20913 -1.00073
v 0.09073 5.23071 -1.01585
v 0.00000 5.23814 -1.02106
v -0.09073 5.23071 -1.01585
v -0.17258 5.20913 -1.00073
v -0.23753 5.17553 -0.97718
v -0.27924 5.13319 -0.94750
v -0.29361 5.08625 -0.91461
v -0.27924 5.03932 -0.88171
v -0.23753 4.99698 -0.85204
v -0.17258 4.96338 -0.82849
v -0.09073 4.94180 -0.81337
v -0.00000 4.93437 -0.80816
v 0.09073 4.94180 -0.81337
v 0.17258 4.96338 -0.82849
v 0.23753 4.99698 -0.85204
v 0.27924 5.03932 -0.88171
v -0.36494 5.15759 -0.79071
v -0.34708 5.10571 -0.76862
v -0.29524 5.05891 -0.74870
v -0.21451 5.02176 -0.73289
v -0.11277 4.99792 -0.72273
v -0.00000 4.98970 -0.71924
v 0.11277 4.99792 -0.72273
v 0.21451 5.02176 -0.73289
v 0.29524 5.05891 -0.74870
v 0.34708 5.10571 -0.76862
v 0.36494 5.15759 -0.79071
v 0.34708 5.20947 -0.81279
v 0.29524 5.25628 -0.83272
v 0.21451 5.29342 -0.84853
v 0.11277 5.31727 -0.85868
v 0.00000 5.32548 -0.86218
v -0.11277 5.31727 -0.85868
v -0.21451 5.29342 -0.84853
v -0.29524 5.25628 -0.83272
v -0.34708 5.20947 -0.81279
v -0.40361 5.20565 -0.63414
v -0.38386 5.15464 -0.62146
v -0.32653 5.10863 -0.61002
v -0.23724 5.07212 -0.60094
v -0.12472 5.04867 -0.59512
v -0.00000 5.04059 -0.59311
v 0.12472 5.04867 -0.59512
v 0.23724 5.07212 -0.60094
v 0.32653 5.10863 -0.61002
v 0.38386 5.15464 -0.62146
v 0.40361 5.20565 -0.63414
v 0.38386 5.25665 -0.64682
v 0.32653 5.30267 -0.65826
v 0.23724 5.33918 -0.66734
v 0.12472 5.36263 -0.67317
v 0.00000 5.37071 -0.67518
v -0.12472 5.36263 -0.67317
v -0.23724 5.33918 -0.66734
v -0.32653 5.30267 -0.65826
v -0.38386 5.25665 -0.64682
v -0.42539 5.24244 -0.44942
v -0.40457 5.19575 -0.44164
v -0.34415 5.15363 -0.43462
v -0.25004 5.12020 -0.42905
v -0.13145 5.09874 -0.42547
v -0.00000 5.09134 -0.42424
v 0.13145 5.09874 -0.42547
v 0.25004 5.12020 -0.42905
v 0.34415 5.15363 -0.43462
v 0.40457 5.19575 -0.44164
v 0.42539 5.24244 -0.44942
v 0.40457 5.28914 -0.45720
v 0.34415 5.33126 -0.46422
v 0.25004 5.36469 -0.46979
v 0.13145 5.38615 -0.47337
v 0.00000 5.39355 -0.47460
v -0.13145 5.38615 -0.47337
v -0.25004 5.36469 -0.46979
v -0.34415 5.33126 -0.46422
v -0.40457 5.28914 -0.45720
v -0.43590 5.26910 -0.25343
v -0.41457 5.22550 -0.24868
v -0.35265 5.18617 -0.24439
v -0.25622 5.15496 -0.24098
v -0.13470 5.13492 -0.23880
v -0.00000 5.12802 -0.23805
v 0.13470 5.13492 -0.23880
v 0.25622 5.15496 -0.24098
v 0.35265 5.18617 -0.24439
v 0.41457 5.22550 -0.24868
v 0.43590 5.26910 -0.25343
v 0.41457 5.31270 -0.25819
v 0.35265 5.35203 -0.26248
v 0.25622 5.38324 -0.26588
v 0.13470 5.40328 -0.26807
v 0.00000 5.41019 -0.26882
v -0.13470 5.40328 -0.26807
v -0.25622 5.38324 -0.26588
v -0.35265 5.35203 -0.26248
v -0.41457 5.31270 -0.25819
v -0.43628 5.28675 -0.04318
v -0.41493 5.24366 -0.04067
v -0.35296 5.20479 -0.03840
v -0.25644 5.17394 -0.03661
v -0.13482 5.15414 -0.03545
v -0.00000 5.14732 -0.03505
v 0.13482 5.15414 -0.03545
v 0.25644 5.17394 -0.03661
v 0.35296 5.20479 -0.03840
v 0.41493 5.24366 -0.04067
v 0.43628 5.28675 -0.04318
v 0.41493 5.32984 -0.04569
v 0.35296 5.36870 -0.04795
v 0.25644 5.39955 -0.04975
v 0.13482 5.41936 -0.05090
v 0.00000 5.42618 -0.05130
v -0.13482 5.41936 -0.05090
v -0.25644 5.39955 -0.04975
v -0.35296 5.36870 -0.04795
v -0.41493 5.32984 -0.04569
v -0.42539 5.29426 0.17834
v -0.40457 5.25005 0.17861
v -0.34415 5.21018 0.17886
v -0.25004 5.17853 0.17905
v -0.13145 5.15821 0.17918
v -0.00000 5.15121 0.17922
v 0.13145 5.15821 0.17918
v 0.25004 5.17853 0.17905
v 0.34415 5.21018 0.17886
v 0.40457 5.25005 0.17861
v 0.42539 5.29426 0.17834
v 0.40457 5.33846 0.17807
v 0.34415 5.37834 0.17783
v 0.25004 5.40998 0.17763
v 0.13145 5.43030 0.17751
v 0.00000 5.43730 0.17746
v -0.13145 5.43030 0.17751
v -0.25004 5.40998 0.17763
v -0.34415 5.37834 0.17783
v -0.40457 5.33846 0.17807
v -0.40549 5.28938 0.38522
v -0.38565 5.24253 0.38162
v -0.32805 5.20026 0.37837
v -0.23834 5.16672 0.37580
v -0.12530 5.14518 0.37415
v -0.00000 5.13776 0.37358
v 0.12530 5.14518 0.37415
v 0.23834 5.16672 0.37580
v 0.32805 5.20026 0.37837
v 0.38565 5.24253 0.38162
v 0.40549 5.28938 0.38522
v 0.38565 5.33623 0.38881
v 0.32805 5.37849 0.39206
v 0.23834 5.41203 0.39463
v 0.12530 5.43357 0.39629
v 0.00000 5.44099 0.39686
v -0.12530 5.43357 0.39629
v -0.23834 5.41203 0.39463
v -0.32805 5.37849 0.39206
v -0.38565 5.33623 0.38881
v -0.37470 5.26385 0.57445
v -0.35636 5.21138 0.56530
v -0.30314 5.16406 0.55704
v -0.22025 5.12650 0.55049
v -0.11579 5.10238 0.54629
v -0.00000 5.09407 0.54484
v 0.11579 5.10238 0.54629
v 0.22025 5.12650 0.55049
v 0.30314 5.16406 0.55704
v 0.35636 5.21138 0.56530
v 0.37470 5.26385 0.57445
v 0.35636 5.31631 0.58360
v 0.30314 5.36363 0.59185
v 0.22025 5.40119 0.59840
v 0.11579 5.42531 0.60261
v 0.00000 5.43362 0.60406
v -0.11579 5.42531 0.60261
v -0.22025 5.40119 0.59840
v -0.30314 5.36363 0.59185
v -0.35636 5.31631 0.58360
v -0.33491 5.22592 0.74903
v -0.31851 5.16593 0.73662
v -0.27094 5.11182 0.72543
v -0.19685 5.06887 0.71655
v -0.10349 5.04130 0.71084
v -0.00000 5.03179 0.70888
v 0.10349 5.04130 0.71084
v 0.19685 5.06887 0.71655
v 0.27094 5.11182 0.72543
v 0.31851 5.16593 0.73662
v 0.33491 5.22592 0.74903
v 0.31851 5.28591 0.76144
v 0.27094 5.34003 0.77264
v 0.19685 5.38298 0.78152
v 0.10349 5.41055 0.78722
v 0.00000 5.42005 0.78919
v -0.10349 5.41055 0.78722
v -0.19685 5.38298 0.78152
v -0.27094 5.34003 0.77264
v -0.31851 5.28591 0.76144
v -0.29398 5.19814 0.89208
v -0.27959 5.13299 0.88296
v -0.23784 5.07422 0.87473
v -0.17280 5.02758 0.86820
v -0.09085 4.99763 0.86400
v -0.00000 4.98731 0.86256
v 0.09085 4.99763 0.86400
v 0.17280 5.02758 0.86820
v 0.23784 5.07422 0.87473
v 0.27959 5.13299 0.88296
v 0.29398 5.19814 0.89208
v 0.27959 5.26329 0.90120
v 0.23784 5.32206 0.90943
v 0.17280 5.36870 0.91597
v 0.09085 5.39865 0.92016
v 0.00000 5.40897 0.92160
v -0.09085 5.39865 0.92016
v -0.17280 5.36870 0.91597
v -0.23784 5.32206 0.90943
v -0.27959 5.26329 0.90120
v -0.24968 5.19138 0.99571
v -0.23746 5.12793 0.99449
v -0.20199 5.07069 0.99339
v -0.14676 5.02526 0.99251
v -0.07715 4.99610 0.99195
v -0.00000 4.98605 0.99176
v 0.07715 4.99610 0.99195
v 0.14676 5.02526 0.99251
v 0.20199 5.07069 0.99339
v 0.23746 5.12793 0.99449
v 0.24968 5.19138 0.99571
v 0.23746 5.25483 0.99693
v 0.20199 5.31208 0.99803
v 0.14676 5.35750 0.99890
v 0.07715 5.38667 0.99946
v 0.00000 5.39672 0.99966
v -0.07715 5.38667 0.99946
v -0.14676 5.35750 0.99890
v -0.20199 5.31208 0.99803
v -0.23746 5.25483 0.99693
v -0.20425 5.19476 1.06779
v -0.19425 5.13719 1.07105
v -0.16524 5.08526 1.07399
v -0.12005 5.04404 1.07633
v -0.06312 5.01758 1.07782
v -0.00000 5.00846 1.07834
v 0.06312 5.01758 1.07782
v 0.12005 5.04404 1.07633
v 0.16524 5.08526 1.07399
v 0.19425 5.13719 1.07105
v 0.20425 5.19476 1.06779
v 0.19425 5.25233 1.06454
v 0.16524 5.30427 1.06160
v 0.12005 5.34548 1.05926
v 0.06312 5.37195 1.05776
v 0.00000 5.38106 1.05725
v -0.06312 5.37195 1.05776
v -0.12005 5.34548 1.05926
v -0.16524 5.30427 1.06160
v -0.19425 5.25233 1.06454
v -0.17233 5.19814 1.11510
v -0.16390 5.14502 1.11890
v -0.13942 5.09710 1.12232
v -0.10130 5.05907 1.12503
v -0.05325 5.03466 1.12678
v -0.00000 5.02624 1.12738
v 0.05325 5.03466 1.12678
v 0.10130 5.05907 1.12503
v 0.13942 5.09710 1.12232
v 0.16390 5.14502 1.11890
v 0.17233 5.19814 1.11510
v 0.16390 5.25126 1.11131
v 0.13942 5.29918 1.10788
v 0.10130 5.33721 1.10517
v 0.05325 5.36162 1.10342
v 0.00000 5.37004 1.10282
v -0.05325 5.36162 1.10342
v -0.10130 5.33721 1.10517
v -0.13942 5.29918 1.10788
v -0.16390 5.25126 1.11131
v 0.00000 4.94471 -1.07455
v 0.00000 5.19814 1.11510
f 1 2 22
f 1 22 21
f 2 3 23
f 2 23 22
f 3 4 24
f 3 24 23
f 4 5 25
f 4 25 24
f 5 6 26
f 5 26 25
f 6 7 27
f 6 27 26
f 7 8 28
f 7 28 27
f 8 9 29
f 8 29 28
f 9 10 30
f 9 30 29
f 10 11 31
f 10 31 30
f 11 12 32
f 11 32 31
f 12 13 33
f 12 33 32
f 13 14 34
f 13 34 33
f 14 15 35
f 14 35 34
f 15 16 36
f 15 36 35
f 16 17 37
f 16 37 36
f 17 18 38
f 17 38 37
f 18 19 39
f 18 39 38
f 19 20 40
f 19 40 39
f 20 1 21
f 20 21 40
f 21 22 42
f 21 42 41
f 22 23 43
f 22 43 42
f 23 24 44
f 23 44 43
f 24 25 45
f 24 45 44
f 25 26 46
f 25 46 45
f 26 27 47
f 26 47 46
f 27 28 48
f 27 48 47
f 28 29 49
f 28 49 48
f 29 30 50
f 29 50 49
f 30 31 51
f 30 51 50
f 31 32 52
f 31 52 51
f 32 33 53
f 32 53 52
f 33 34 54
f 33 54 53
f 34 35 55
f 34 55 54
f 35 36 56
f 35 56 55
f 36 37 57
f 36 57 56
f 37 38 58
f 37 58 57
f 38 39 59
f 38 59 58
f 39 40 60
f 39 60 59
f 40 21 41
f 40 41 60
f 41 42 62
f 41 62 61
f 42 43 63
f 42 63 62
f 43 44 64
f 43 64 63
f 44 45 65
f 44 65 64
f 45 46 66
f 45 66 65
f 46 47 67
f 46 67 66
f 47 48 68
f 47 68 67
f 48 49 69
f 48 69 68
f 49 50 70
f 49 70 69
f 50 51 71
f 50 71 70
f 51 52 72
f 51 72 71
f 52 53 73
f 52 73 72
f 53 54 74
f 53 74 73
f 54 55 75
f 54 75 74
f 55 56 76
f 55 76 75
f 56 57 77
f 56 77 76
f 57 58 78
f 57 78 77
f 58 59 79
f 58 79 78
f 59 60 80
f 59 80 79
f 60 41 61
f 60 61 80
f 61 62 82
f 61 82 81
f 62 63 83
f 62 83 82
f 63 64 84
f 63 84 83
f 64 65 85
f 64 85 84
f 65 66 86
f 65 86 85
f 66 67 87
f 66 87 86
f 67 68 88
f 67 88 87
f 68 69 89
f 68 89 88
f 69 70 90
f 69 90 89
f 70 71 91
f 70 91 90
f 71 72 92
f 71 92 91
f 72 73 93
f 72 93 92
f 73 74 94
f 73 94 93
f 74 75 95
f 74 95 94
f 75 76 96
f 75 96 95
f 76 77 97
f 76 97 96
f 77 78 98
f 77 98 97
f 78 79 99
f 78 99 98
f 79 80 100
f 79 100 99
f 80 61 81
f 80 81 100
f 81 82 102
f 81 102 101
f 82 83 103
f 82 103 102
f 83 84 104
f 83 104 103
f 84 85 105
f 84 105 104
f 85 86 106
f 85 106 105
f 86 87 107
f 86 107 106
f 87 88 108
f 87 108 107
f 88 89 109
f 88 109 108
f 89 90 110
f 89 110 109
f 90 91 111
f 90 111 110
f 91 92 112
f 91 112 111
f 92 93 113
f 92 113 112
f 93 94 114
f 93 114 113
f 94 95 115
f 94 115 114
f 95 96 116
f 95 116 115
f 96 97 117
f 96 117 116
f 97 98 118
f 97 118 117
f 98 99 119
f 98 119 118
f 99 100 120
f 99 120 119
f 100 81 101
f 100 101 120
f 101 102 122
f 101 122 121
f 102 103 123
f 102 123 122
f 103 104 124
f 103 124 123
f 104 105 125
f 104 125 124
f 105 106 126
f 105 126 125
f 106 107 127
f 106 127 126
f 107 108 128
f 107 128 127
f 108 109 129
f 108 129 128
f 109 110 130
f 109 130 129
f 110 111 131
f 110 131 130
f 111 112 132
f 111 132 131
f 112 113 133
f 112 133 132
f 113 114 134
f 113 134 133
f 114 115 135
f 114 135 134
f 115 116 136
f 115 136 135
f 116 117 137
f 116 137 136
f 117 118 138
f 117 138 137
f 118 119 139
f 118 139 138
f 119 120 140
f 119 140 139
f 120 101 121
f 120 121 140
f 121 122 142
f 121 142 141
f 122 123 143
f 122 143 142
f 123 124 144
f 123 144 143
f 124 125 145
f 124 145 144
f 125 126 146
f 125 146 145
f 126 127 147
f 126 147 146
f 127 128 148
f 127 148 147
f 128 129 149
f 128 149 148
f 129 130 150
f 129 150 149
f 130 131 151
f 130 151 150
f 131 132 152
f 131 152 151
f 132 133 153
f 132 153 152
f 133 134 154
f 133 154 153
f 134 135 155
f 134 155 154
f 135 136 156
f 135 156 155
f 136 137 157
f 136 157 156
f 137 138 158
f 137 158 157
f 138 139 159
f 138 159 158
f 139 140 160
f 139 160 159
f 140 121 141
f 140 141 160
f 141 142 162
f 141 162 161
f 142 143 163
f 142 163 162
f 143 144 164
f 143 164 163
f 144 145 165
f 144 165 164
f 145 146 166
f 145 166 165
f 146 147 167
f 146 167 166
f 147 148 168
f 147 168 167
f 148 149 169
f 148 169 168
f 149 150 170
f 149 170 169
f 150 151 171
f 150 171 170
f 151 152 172
f 151 172 171
f 152 153 173
f 152 173 172
f 153 154 174
f 153 174 173
f 154 155 175
f 154 175 174
f 155 156 176
f 155 176 175
f 156 157 177
f 156 177 176
f 157 158 178
f 157 178 177
f 158 159 179
f 158 179 178
f 159 160 180
f 159 180 179
f 160 141 161
f 160 161 180
f 161 162 182
f 161 182 181
f 162 163 183
f 162 183 182
f 163 164 184
f 163 184 183
f 164 165 185
f 164 185 184
f 165 166 186
f 165 186 185
f 166 167 187
f 166 187 186
f 167 168 188
f 167 188 187
f 168 169 189
f 168 189 188
f 169 170 190
f 169 190 189
f 170 171 191
f 170 191 190
f 171 172 192
f 171 192 191
f 172 173 193
f 172 193 192
f 173 174 194
f 173 194 193
f 174 175 195
f 174 195 194
f 175 176 196
f 175 196 195
f 176 177 197
f 176 197 196
f 177 178 198
f 177 198 197
f 178 179 199
f 178 199 198
f 179 180 200
f 179 200 199
f 180 161 181
f 180 181 200
f 181 182 202
f 181 202 201
f 182 183 203
f 182 203 202
f 183 184 204
f 183 204 203
f 184 185 205
f 184 205 204
f 185 186 206
f 185 206 205
f 186 187 207
f 186 207 206
f 187 188 208
f 187 208 207
f 188 189 209
f 188 209 208
f 189 190 210
f 189 210 209
f 190 191 211
f 190 211 210
f 191 192 212
f 191 212 211
f 192 193 213
f 192 213 212
f 193 194 214
f 193 214 213
f 194 195 215
f 194 215 214
f 195 196 216
f 195 216 215
f 196 197 217
f 196 217 216
f 197 198 218
f 197 218 217
f 198 199 219
f 198 219 218
f 199 200 220
f 199 220 219
f 200 181 201
f 200 201 220
f 201 202 222
f 201 222 221
f 202 203 223
f 202 223 222
f 203 204 224
f 203 224 223
f 204 205 225
f 204 225 224
f 205 206 226
f 205 226 225
f 206 207 227
f 206 227 226
f 207 208 228
f 207 228 227
f 208 209 229
f 208 229 228
f 209 210 230
f 209 230 229
f 210 211 231
f 210 231 230
f 211 212 232
f 211 232 231
f 212 213 233
f 212 233 232
f 213 214 234
f 213 234 233
f 214 215 235
f 214 235 234
f 215 216 236
f 215 236 235
f 216 217 237
f 216 237 236
f 217 218 238
f 217 238 237
f 218 219 239
f 218 239 238
f 219 220 240
f 219 240 239
f 220 201 221
f 220 221 240
f 221 222 242
f 221 242 241
f 222 223 243
f 222 243 242
f 223 224 244
f 223 244 243
f 224 225 245
f 224 245 244
f 225 226 246
f 225 246 245
f 226 227 247
f 226 247 246
f 227 228 248
f 227 248 247
f 228 229 249
f 228 249 248
f 229 230 250
f 229 250 249
f 230 231 251
f 230 251 250
f 231 232 252
f 231 252 251
f 232 233 253
f 232 253 252
f 233 234 254
f 233 254 253
f 234 235 255
f 234 255 254
f 235 236 256
f 235 256 255
f 236 237 257
f 236 257 256
f 237 238 258
f 237 258 257
f 238 239 259
f 238 259 258
f 239 240 260
f 239 260 259
f 240 221 241
f 240 241 260
f 241 242 262
f 241 262 261
f 242 243 263
f 242 263 262
f 243 244 264
f 243 264 263
f 244 245 265
f 244 265 264
f 245 246 266
f 245 266 265
f 246 247 267
f 246 267 266
f 247 248 268
f 247 268 267
f 248 249 269
f 248 269 268
f 249 250 270
f 249 270 269
f 250 251 271
f 250 271 270
f 251 252 272
f 251 272 271
f 252 253 273
f 252 273 272
f 253 254 274
f 253 274 273
f 254 255 275
f 254 275 274
f 255 256 276
f 255 276 275
f 256 257 277
f 256 277 276
f 257 258 278
f 257 278 277
f 258 259 279
f 258 279 278
f 259 260 280
f 259 280 279
f 260 241 261
f 260 261 280
f 261 262 282
f 261 282 281
f 262 263 283
f 262 283 282
f 263 264 284
f 263 284 283
f 264 265 285
f 264 285 284
f 265 266 286
f 265 286 285
f 266 267 287
f 266 287 286
f 267 268 288
f 267 288 287
f 268 269 289
f 268 289 288
f 269 270 290
f 269 290 289
f 270 271 291
f 270 291 290
f 271 272 292
f 271 292 291
f 272 273 293
f 272 293 292
f 273 274 294
f 273 294 293
f 274 275 295
f 274 295 294
f 275 276 296
f 275 296 295
f 276 277 297
f 276 297 296
f 277 278 298
f 277 298 297
f 278 279 299
f 278 299 298
f 279 280 300
f 279 300 299
f 280 261 281
f 280 281 300
f 281 282 302
f 281 302 301
f 282 283 303
f 282 303 302
f 283 284 304
f 283 304 303
f 284 285 305
f 284 305 304
f 285 286 306
f 285 306 305
f 286 287 307
f 286 307 306
f 287 288 308
f 287 308 307
f 288 289 309
f 288 309 308
f 289 290 310
f 289 310 309
f 290 291 311
f 290 311 310
f 291 292 312
f 291 312 311
f 292 293 313
f 292 313 312
f 293 294 314
f 293 314 313
f 294 295 315
f 294 315 314
f 295 296 316
f 295 316 315
f 296 297 317
f 296 317 316
f 297 298 318
f 297 318 317
f 298 299 319
f 298 319 318
f 299 300 320
f 299 320 319
f 300 281 301
f 300 301 320
f 321 2 1
f 321 3 2
f 321 4 3
f 321 5 4
f 321 6 5
f 321 7 6
f 321 8 7
f 321 9 8
f 321 10 9
f 321 11 10
f 321 12 11
f 321 13 12
f 321 14 13
f 321 15 14
f 321 16 15
f 321 17 16
f 321 18 17
f 321 19 18
f 321 20 19
f 321 1 20
f 322 301 302
f 322 302 303
f 322 303 304
f 322 304 305
f 322 305 306
f 322 306 307
f 322 307 308
f 322 308 309
f 322 309 310
f 322 310 311
f 322 311 312
f 322 312 313
f 322 313 314
f 322 314 315
f 322 315 316
f 322 316 317
f 322 317 318
f 322 318 319
f 322 319 320
f 322 320 301
o Ilyth_ShortNeck
usemtl living_pearl
s 1
v 0.26357 5.10691 0.78057
v 0.24351 5.16292 0.73266
v 0.18637 5.21040 0.69204
v 0.10086 5.24213 0.66490
v 0.00000 5.25327 0.65537
v -0.10086 5.24213 0.66490
v -0.18637 5.21040 0.69204
v -0.24351 5.16292 0.73266
v -0.26357 5.10691 0.78057
v -0.24351 5.05089 0.82848
v -0.18637 5.00341 0.86910
v -0.10086 4.97168 0.89624
v -0.00000 4.96054 0.90577
v 0.10086 4.97168 0.89624
v 0.18637 5.00341 0.86910
v 0.24351 5.05089 0.82848
v 0.25568 5.15797 0.84027
v 0.23622 5.21536 0.79110
v 0.18080 5.26401 0.74941
v 0.09785 5.29652 0.72156
v 0.00000 5.30794 0.71178
v -0.09785 5.29652 0.72156
v -0.18080 5.26401 0.74941
v -0.23622 5.21536 0.79110
v -0.25568 5.15797 0.84027
v -0.23622 5.10057 0.88944
v -0.18080 5.05192 0.93113
v -0.09785 5.01941 0.95898
v -0.00000 5.00799 0.96876
v 0.09785 5.01941 0.95898
v 0.18080 5.05192 0.93113
v 0.23622 5.10057 0.88944
v 0.24442 5.23043 0.92475
v 0.22582 5.28960 0.87346
v 0.17283 5.33977 0.82998
v 0.09354 5.37329 0.80093
v 0.00000 5.38506 0.79073
v -0.09354 5.37329 0.80093
v -0.17283 5.33977 0.82998
v -0.22582 5.28960 0.87346
v -0.24442 5.23043 0.92475
v -0.22582 5.17125 0.97603
v -0.17283 5.12109 1.01951
v -0.09354 5.08757 1.04856
v -0.00000 5.07580 1.05876
v 0.09354 5.08757 1.04856
v 0.17283 5.12109 1.01951
v 0.22582 5.17125 0.97603
v 0.23316 5.29951 1.00359
v 0.21541 5.36041 0.94948
v 0.16487 5.41204 0.90360
v 0.08923 5.44653 0.87295
v 0.00000 5.45865 0.86219
v -0.08923 5.44653 0.87295
v -0.16487 5.41204 0.90360
v -0.21541 5.36041 0.94948
v -0.23316 5.29951 1.00359
v -0.21541 5.23862 1.05771
v -0.16487 5.18699 1.10358
v -0.08923 5.15249 1.13423
v -0.00000 5.14038 1.14500
v 0.08923 5.15249 1.13423
v 0.16487 5.18699 1.10358
v 0.21541 5.23862 1.05771
v 0.22340 5.35621 1.06629
v 0.20639 5.41970 1.00798
v 0.15796 5.47352 0.95854
v 0.08549 5.50949 0.92550
v 0.00000 5.52212 0.91391
v -0.08549 5.50949 0.92550
v -0.15796 5.47352 0.95854
v -0.20639 5.41970 1.00798
v -0.22340 5.35621 1.06629
v -0.20639 5.29272 1.12461
v -0.15796 5.23889 1.17405
v -0.08549 5.20293 1.20708
v -0.00000 5.19030 1.21868
v 0.08549 5.20293 1.20708
v 0.15796 5.23889 1.17405
v 0.20639 5.29272 1.12461
v 0.21363 5.40952 1.12336
v 0.19737 5.47537 1.06000
v 0.15106 5.53119 1.00628
v 0.08175 5.56848 0.97039
v 0.00000 5.58158 0.95778
v -0.08175 5.56848 0.97039
v -0.15106 5.53119 1.00628
v -0.19737 5.47537 1.06000
v -0.21363 5.40952 1.12336
v -0.19737 5.34368 1.18673
v -0.15106 5.28786 1.24044
v -0.08175 5.25056 1.27634
v -0.00000 5.23746 1.28894
v 0.08175 5.25056 1.27634
v 0.15106 5.28786 1.24044
v 0.19737 5.34368 1.18673
v 0.20275 5.46171 1.17593
v 0.18731 5.52602 1.10860
v 0.14336 5.58055 1.05153
v 0.07759 5.61698 1.01340
v 0.00000 5.62977 1.00001
v -0.07759 5.61698 1.01340
v -0.14336 5.58055 1.05153
v -0.18731 5.52602 1.10860
v -0.20275 5.46171 1.17593
v -0.18731 5.39740 1.24325
v -0.14336 5.34287 1.30032
v -0.07759 5.30644 1.33845
v -0.00000 5.29365 1.35185
v 0.07759 5.30644 1.33845
v 0.14336 5.34287 1.30032
v 0.18731 5.39740 1.24325
v 0.18848 5.51878 1.22774
v 0.17413 5.57695 1.16141
v 0.13327 5.62627 1.10519
v 0.07213 5.65922 1.06762
v 0.00000 5.67079 1.05443
v -0.07213 5.65922 1.06762
v -0.13327 5.62627 1.10519
v -0.17413 5.57695 1.16141
v -0.18848 5.51878 1.22774
v -0.17413 5.46061 1.29406
v -0.13327 5.41129 1.35029
v -0.07213 5.37834 1.38786
v -0.00000 5.36677 1.40105
v 0.07213 5.37834 1.38786
v 0.13327 5.41129 1.35029
v 0.17413 5.46061 1.29406
v 0.17308 5.57472 1.27505
v 0.15991 5.62617 1.21393
v 0.12239 5.66979 1.16212
v 0.06624 5.69893 1.12751
v 0.00000 5.70917 1.11535
v -0.06624 5.69893 1.12751
v -0.12239 5.66979 1.16212
v -0.15991 5.62617 1.21393
v -0.17308 5.57472 1.27505
v -0.15991 5.52327 1.33616
v -0.12239 5.47965 1.38797
v -0.06624 5.45051 1.42258
v -0.00000 5.44028 1.43474
v 0.06624 5.45051 1.42258
v 0.12239 5.47965 1.38797
v 0.15991 5.52327 1.33616
v 0.16220 5.61377 1.30771
v 0.14985 5.66106 1.25118
v 0.11469 5.70116 1.20325
v 0.06207 5.72795 1.17122
v 0.00000 5.73735 1.15998
v -0.06207 5.72795 1.17122
v -0.11469 5.70116 1.20325
v -0.14985 5.66106 1.25118
v -0.16220 5.61377 1.30771
v -0.14985 5.56648 1.36424
v -0.11469 5.52638 1.41217
v -0.06207 5.49959 1.44420
v -0.00000 5.49019 1.45544
v 0.06207 5.49959 1.44420
v 0.11469 5.52638 1.41217
v 0.14985 5.56648 1.36424
v 0.00000 5.10691 0.78057
v 0.00000 5.61377 1.30771
f 323 324 340
f 323 340 339
f 324 325 341
f 324 341 340
f 325 326 342
f 325 342 341
f 326 327 343
f 326 343 342
f 327 328 344
f 327 344 343
f 328 329 345
f 328 345 344
f 329 330 346
f 329 346 345
f 330 331 347
f 330 347 346
f 331 332 348
f 331 348 347
f 332 333 349
f 332 349 348
f 333 334 350
f 333 350 349
f 334 335 351
f 334 351 350
f 335 336 352
f 335 352 351
f 336 337 353
f 336 353 352
f 337 338 354
f 337 354 353
f 338 323 339
f 338 339 354
f 339 340 356
f 339 356 355
f 340 341 357
f 340 357 356
f 341 342 358
f 341 358 357
f 342 343 359
f 342 359 358
f 343 344 360
f 343 360 359
f 344 345 361
f 344 361 360
f 345 346 362
f 345 362 361
f 346 347 363
f 346 363 362
f 347 348 364
f 347 364 363
f 348 349 365
f 348 365 364
f 349 350 366
f 349 366 365
f 350 351 367
f 350 367 366
f 351 352 368
f 351 368 367
f 352 353 369
f 352 369 368
f 353 354 370
f 353 370 369
f 354 339 355
f 354 355 370
f 355 356 372
f 355 372 371
f 356 357 373
f 356 373 372
f 357 358 374
f 357 374 373
f 358 359 375
f 358 375 374
f 359 360 376
f 359 376 375
f 360 361 377
f 360 377 376
f 361 362 378
f 361 378 377
f 362 363 379
f 362 379 378
f 363 364 380
f 363 380 379
f 364 365 381
f 364 381 380
f 365 366 382
f 365 382 381
f 366 367 383
f 366 383 382
f 367 368 384
f 367 384 383
f 368 369 385
f 368 385 384
f 369 370 386
f 369 386 385
f 370 355 371
f 370 371 386
f 371 372 388
f 371 388 387
f 372 373 389
f 372 389 388
f 373 374 390
f 373 390 389
f 374 375 391
f 374 391 390
f 375 376 392
f 375 392 391
f 376 377 393
f 376 393 392
f 377 378 394
f 377 394 393
f 378 379 395
f 378 395 394
f 379 380 396
f 379 396 395
f 380 381 397
f 380 397 396
f 381 382 398
f 381 398 397
f 382 383 399
f 382 399 398
f 383 384 400
f 383 400 399
f 384 385 401
f 384 401 400
f 385 386 402
f 385 402 401
f 386 371 387
f 386 387 402
f 387 388 404
f 387 404 403
f 388 389 405
f 388 405 404
f 389 390 406
f 389 406 405
f 390 391 407
f 390 407 406
f 391 392 408
f 391 408 407
f 392 393 409
f 392 409 408
f 393 394 410
f 393 410 409
f 394 395 411
f 394 411 410
f 395 396 412
f 395 412 411
f 396 397 413
f 396 413 412
f 397 398 414
f 397 414 413
f 398 399 415
f 398 415 414
f 399 400 416
f 399 416 415
f 400 401 417
f 400 417 416
f 401 402 418
f 401 418 417
f 402 387 403
f 402 403 418
f 403 404 420
f 403 420 419
f 404 405 421
f 404 421 420
f 405 406 422
f 405 422 421
f 406 407 423
f 406 423 422
f 407 408 424
f 407 424 423
f 408 409 425
f 408 425 424
f 409 410 426
f 409 426 425
f 410 411 427
f 410 427 426
f 411 412 428
f 411 428 427
f 412 413 429
f 412 429 428
f 413 414 430
f 413 430 429
f 414 415 431
f 414 431 430
f 415 416 432
f 415 432 431
f 416 417 433
f 416 433 432
f 417 418 434
f 417 434 433
f 418 403 419
f 418 419 434
f 419 420 436
f 419 436 435
f 420 421 437
f 420 437 436
f 421 422 438
f 421 438 437
f 422 423 439
f 422 439 438
f 423 424 440
f 423 440 439
f 424 425 441
f 424 441 440
f 425 426 442
f 425 442 441
f 426 427 443
f 426 443 442
f 427 428 444
f 427 444 443
f 428 429 445
f 428 445 444
f 429 430 446
f 429 446 445
f 430 431 447
f 430 447 446
f 431 432 448
f 431 448 447
f 432 433 449
f 432 449 448
f 433 434 450
f 433 450 449
f 434 419 435
f 434 435 450
f 435 436 452
f 435 452 451
f 436 437 453
f 436 453 452
f 437 438 454
f 437 454 453
f 438 439 455
f 438 455 454
f 439 440 456
f 439 456 455
f 440 441 457
f 440 457 456
f 441 442 458
f 441 458 457
f 442 443 459
f 442 459 458
f 443 444 460
f 443 460 459
f 444 445 461
f 444 461 460
f 445 446 462
f 445 462 461
f 446 447 463
f 446 463 462
f 447 448 464
f 447 464 463
f 448 449 465
f 448 465 464
f 449 450 466
f 449 466 465
f 450 435 451
f 450 451 466
f 451 452 468
f 451 468 467
f 452 453 469
f 452 469 468
f 453 454 470
f 453 470 469
f 454 455 471
f 454 471 470
f 455 456 472
f 455 472 471
f 456 457 473
f 456 473 472
f 457 458 474
f 457 474 473
f 458 459 475
f 458 475 474
f 459 460 476
f 459 476 475
f 460 461 477
f 460 477 476
f 461 462 478
f 461 478 477
f 462 463 479
f 462 479 478
f 463 464 480
f 463 480 479
f 464 465 481
f 464 481 480
f 465 466 482
f 465 482 481
f 466 451 467
f 466 467 482
f 483 324 323
f 483 325 324
f 483 326 325
f 483 327 326
f 483 328 327
f 483 329 328
f 483 330 329
f 483 331 330
f 483 332 331
f 483 333 332
f 483 334 333
f 483 335 334
f 483 336 335
f 483 337 336
f 483 338 337
f 483 323 338
f 484 467 468
f 484 468 469
f 484 469 470
f 484 470 471
f 484 471 472
f 484 472 473
f 484 473 474
f 484 474 475
f 484 475 476
f 484 476 477
f 484 477 478
f 484 478 479
f 484 479 480
f 484 480 481
f 484 481 482
f 484 482 467
o Ilyth_CompactHead
usemtl living_pearl
s 1
v 0.09124 5.66446 1.06442
v 0.08429 5.70627 1.04395
v 0.06451 5.74172 1.02661
v 0.03491 5.76540 1.01501
v 0.00000 5.77372 1.01094
v -0.03491 5.76540 1.01501
v -0.06451 5.74172 1.02661
v -0.08429 5.70627 1.04395
v -0.09124 5.66446 1.06442
v -0.08429 5.62264 1.08488
v -0.06451 5.58719 1.10222
v -0.03491 5.56351 1.11382
v -0.00000 5.55519 1.11789
v 0.03491 5.56351 1.11382
v 0.06451 5.58719 1.10222
v 0.08429 5.62264 1.08488
v -0.14042 5.69036 1.11735
v -0.12973 5.63717 1.14233
v -0.09929 5.59207 1.16351
v -0.05374 5.56194 1.17766
v -0.00000 5.55136 1.18262
v 0.05374 5.56194 1.17766
v 0.09929 5.59207 1.16351
v 0.12973 5.63717 1.14233
v 0.14042 5.69036 1.11735
v 0.12973 5.74356 1.09238
v 0.09929 5.78865 1.07120
v 0.05374 5.81878 1.05705
v 0.00000 5.82936 1.05208
v -0.05374 5.81878 1.05705
v -0.09929 5.78865 1.07120
v -0.12973 5.74356 1.09238
v -0.20763 5.72528 1.19395
v -0.19182 5.65411 1.21851
v -0.14681 5.59377 1.23933
v -0.07946 5.55346 1.25324
v -0.00000 5.53930 1.25812
v 0.07946 5.55346 1.25324
v 0.14681 5.59377 1.23933
v 0.19182 5.65411 1.21851
v 0.20763 5.72528 1.19395
v 0.19182 5.79645 1.16939
v 0.14681 5.85679 1.14857
v 0.07946 5.89710 1.13466
v 0.00000 5.91126 1.12977
v -0.07946 5.89710 1.13466
v -0.14681 5.85679 1.14857
v -0.19182 5.79645 1.16939
v -0.25343 5.74555 1.27730
v -0.23414 5.66050 1.28440
v -0.17920 5.58840 1.29042
v -0.09698 5.54023 1.29445
v -0.00000 5.52331 1.29586
v 0.09698 5.54023 1.29445
v 0.17920 5.58840 1.29042
v 0.23414 5.66050 1.28440
v 0.25343 5.74555 1.27730
v 0.23414 5.83060 1.27020
v 0.17920 5.90271 1.26417
v 0.09698 5.95088 1.26015
v 0.00000 5.96780 1.25874
v -0.09698 5.95088 1.26015
v -0.17920 5.90271 1.26417
v -0.23414 5.83060 1.27020
v -0.26019 5.73955 1.36478
v -0.24038 5.65681 1.35264
v -0.18398 5.58667 1.34235
v -0.09957 5.53980 1.33548
v -0.00000 5.52335 1.33306
v 0.09957 5.53980 1.33548
v 0.18398 5.58667 1.34235
v 0.24038 5.65681 1.35264
v 0.26019 5.73955 1.36478
v 0.24038 5.82228 1.37692
v 0.18398 5.89242 1.38721
v 0.09957 5.93929 1.39408
v 0.00000 5.95575 1.39649
v -0.09957 5.93929 1.39408
v -0.18398 5.89242 1.38721
v -0.24038 5.82228 1.37692
v -0.24555 5.71890 1.45902
v -0.22686 5.64555 1.44142
v -0.17363 5.58336 1.42650
v -0.09397 5.54181 1.41653
v -0.00000 5.52722 1.41303
v 0.09397 5.54181 1.41653
v 0.17363 5.58336 1.42650
v 0.22686 5.64555 1.44142
v 0.24555 5.71890 1.45902
v 0.22686 5.79225 1.47662
v 0.17363 5.85443 1.49154
v 0.09397 5.89598 1.50150
v 0.00000 5.91057 1.50500
v -0.09397 5.89598 1.50150
v -0.17363 5.85443 1.49154
v -0.22686 5.79225 1.47662
v -0.22302 5.69487 1.55100
v -0.20604 5.63133 1.53335
v -0.15770 5.57746 1.51838
v -0.08535 5.54146 1.50838
v -0.00000 5.52883 1.50486
v 0.08535 5.54146 1.50838
v 0.15770 5.57746 1.51838
v 0.20604 5.63133 1.53335
v 0.22302 5.69487 1.55100
v 0.20604 5.75841 1.56866
v 0.15770 5.81228 1.58363
v 0.08535 5.84827 1.59363
v 0.00000 5.86091 1.59715
v -0.08535 5.84827 1.59363
v -0.15770 5.81228 1.58363
v -0.20604 5.75841 1.56866
v -0.19430 5.66746 1.64412
v -0.17951 5.61403 1.62722
v -0.13739 5.56874 1.61289
v -0.07435 5.53848 1.60332
v -0.00000 5.52785 1.59996
v 0.07435 5.53848 1.60332
v 0.13739 5.56874 1.61289
v 0.17951 5.61403 1.62722
v 0.19430 5.66746 1.64412
v 0.17951 5.72089 1.66102
v 0.13739 5.76618 1.67535
v 0.07435 5.79644 1.68492
v 0.00000 5.80707 1.68828
v -0.07435 5.79644 1.68492
v -0.13739 5.76618 1.67535
v -0.17951 5.72089 1.66102
v -0.15769 5.63667 1.73498
v -0.14569 5.59416 1.72074
v -0.11150 5.55813 1.70867
v -0.06035 5.53405 1.70061
v -0.00000 5.52559 1.69778
v 0.06035 5.53405 1.70061
v 0.11150 5.55813 1.70867
v 0.14569 5.59416 1.72074
v 0.15769 5.63667 1.73498
v 0.14569 5.67918 1.74921
v 0.11150 5.71522 1.76128
v 0.06035 5.73930 1.76935
v 0.00000 5.74775 1.77218
v -0.06035 5.73930 1.76935
v -0.11150 5.71522 1.76128
v -0.14569 5.67918 1.74921
v -0.12165 5.61377 1.80444
v -0.11239 5.58033 1.79439
v -0.08602 5.55198 1.78588
v -0.04655 5.53304 1.78019
v -0.00000 5.52639 1.77819
v 0.04655 5.53304 1.78019
v 0.08602 5.55198 1.78588
v 0.11239 5.58033 1.79439
v 0.12165 5.61377 1.80444
v 0.11239 5.64721 1.81448
v 0.08602 5.67556 1.82299
v 0.04655 5.69450 1.82868
v 0.00000 5.70115 1.83068
v -0.04655 5.69450 1.82868
v -0.08602 5.67556 1.82299
v -0.11239 5.64721 1.81448
v -0.08560 5.60476 1.84123
v -0.07909 5.57838 1.83611
v -0.06053 5.55602 1.83177
v -0.03276 5.54108 1.82886
v -0.00000 5.53584 1.82784
v 0.03276 5.54108 1.82886
v 0.06053 5.55602 1.83177
v 0.07909 5.57838 1.83611
v 0.08560 5.60476 1.84123
v 0.07909 5.63113 1.84635
v 0.06053 5.65349 1.85070
v 0.03276 5.66843 1.85360
v 0.00000 5.67368 1.85462
v -0.03276 5.66843 1.85360
v -0.06053 5.65349 1.85070
v -0.07909 5.63113 1.84635
v -0.05012 5.60363 1.85663
v -0.04631 5.58354 1.85568
v -0.03544 5.56650 1.85489
v -0.01918 5.55512 1.85435
v -0.00000 5.55113 1.85416
v 0.01918 5.55512 1.85435
v 0.03544 5.56650 1.85489
v 0.04631 5.58354 1.85568
v 0.05012 5.60363 1.85663
v 0.04631 5.62373 1.85757
v 0.03544 5.64076 1.85837
v 0.01918 5.65214 1.85890
v 0.00000 5.65614 1.85909
v -0.01918 5.65214 1.85890
v -0.03544 5.64076 1.85837
v -0.04631 5.62373 1.85757
v -0.02534 5.60363 1.86526
v -0.02341 5.58811 1.86526
v -0.01792 5.57496 1.86526
v -0.00970 5.56617 1.86526
v -0.00000 5.56308 1.86526
v 0.00970 5.56617 1.86526
v 0.01792 5.57496 1.86526
v 0.02341 5.58811 1.86526
v 0.02534 5.60363 1.86526
v 0.02341 5.61915 1.86526
v 0.01792 5.63230 1.86526
v 0.00970 5.64109 1.86526
v 0.00000 5.64418 1.86526
v -0.00970 5.64109 1.86526
v -0.01792 5.63230 1.86526
v -0.02341 5.61915 1.86526
v 0.00000 5.66446 1.06442
v 0.00000 5.60363 1.86526
f 485 486 502
f 485 502 501
f 486 487 503
f 486 503 502
f 487 488 504
f 487 504 503
f 488 489 505
f 488 505 504
f 489 490 506
f 489 506 505
f 490 491 507
f 490 507 506
f 491 492 508
f 491 508 507
f 492 493 509
f 492 509 508
f 493 494 510
f 493 510 509
f 494 495 511
f 494 511 510
f 495 496 512
f 495 512 511
f 496 497 513
f 496 513 512
f 497 498 514
f 497 514 513
f 498 499 515
f 498 515 514
f 499 500 516
f 499 516 515
f 500 485 501
f 500 501 516
f 501 502 518
f 501 518 517
f 502 503 519
f 502 519 518
f 503 504 520
f 503 520 519
f 504 505 521
f 504 521 520
f 505 506 522
f 505 522 521
f 506 507 523
f 506 523 522
f 507 508 524
f 507 524 523
f 508 509 525
f 508 525 524
f 509 510 526
f 509 526 525
f 510 511 527
f 510 527 526
f 511 512 528
f 511 528 527
f 512 513 529
f 512 529 528
f 513 514 530
f 513 530 529
f 514 515 531
f 514 531 530
f 515 516 532
f 515 532 531
f 516 501 517
f 516 517 532
f 517 518 534
f 517 534 533
f 518 519 535
f 518 535 534
f 519 520 536
f 519 536 535
f 520 521 537
f 520 537 536
f 521 522 538
f 521 538 537
f 522 523 539
f 522 539 538
f 523 524 540
f 523 540 539
f 524 525 541
f 524 541 540
f 525 526 542
f 525 542 541
f 526 527 543
f 526 543 542
f 527 528 544
f 527 544 543
f 528 529 545
f 528 545 544
f 529 530 546
f 529 546 545
f 530 531 547
f 530 547 546
f 531 532 548
f 531 548 547
f 532 517 533
f 532 533 548
f 533 534 550
f 533 550 549
f 534 535 551
f 534 551 550
f 535 536 552
f 535 552 551
f 536 537 553
f 536 553 552
f 537 538 554
f 537 554 553
f 538 539 555
f 538 555 554
f 539 540 556
f 539 556 555
f 540 541 557
f 540 557 556
f 541 542 558
f 541 558 557
f 542 543 559
f 542 559 558
f 543 544 560
f 543 560 559
f 544 545 561
f 544 561 560
f 545 546 562
f 545 562 561
f 546 547 563
f 546 563 562
f 547 548 564
f 547 564 563
f 548 533 549
f 548 549 564
f 549 550 566
f 549 566 565
f 550 551 567
f 550 567 566
f 551 552 568
f 551 568 567
f 552 553 569
f 552 569 568
f 553 554 570
f 553 570 569
f 554 555 571
f 554 571 570
f 555 556 572
f 555 572 571
f 556 557 573
f 556 573 572
f 557 558 574
f 557 574 573
f 558 559 575
f 558 575 574
f 559 560 576
f 559 576 575
f 560 561 577
f 560 577 576
f 561 562 578
f 561 578 577
f 562 563 579
f 562 579 578
f 563 564 580
f 563 580 579
f 564 549 565
f 564 565 580
f 565 566 582
f 565 582 581
f 566 567 583
f 566 583 582
f 567 568 584
f 567 584 583
f 568 569 585
f 568 585 584
f 569 570 586
f 569 586 585
f 570 571 587
f 570 587 586
f 571 572 588
f 571 588 587
f 572 573 589
f 572 589 588
f 573 574 590
f 573 590 589
f 574 575 591
f 574 591 590
f 575 576 592
f 575 592 591
f 576 577 593
f 576 593 592
f 577 578 594
f 577 594 593
f 578 579 595
f 578 595 594
f 579 580 596
f 579 596 595
f 580 565 581
f 580 581 596
f 581 582 598
f 581 598 597
f 582 583 599
f 582 599 598
f 583 584 600
f 583 600 599
f 584 585 601
f 584 601 600
f 585 586 602
f 585 602 601
f 586 587 603
f 586 603 602
f 587 588 604
f 587 604 603
f 588 589 605
f 588 605 604
f 589 590 606
f 589 606 605
f 590 591 607
f 590 607 606
f 591 592 608
f 591 608 607
f 592 593 609
f 592 609 608
f 593 594 610
f 593 610 609
f 594 595 611
f 594 611 610
f 595 596 612
f 595 612 611
f 596 581 597
f 596 597 612
f 597 598 614
f 597 614 613
f 598 599 615
f 598 615 614
f 599 600 616
f 599 616 615
f 600 601 617
f 600 617 616
f 601 602 618
f 601 618 617
f 602 603 619
f 602 619 618
f 603 604 620
f 603 620 619
f 604 605 621
f 604 621 620
f 605 606 622
f 605 622 621
f 606 607 623
f 606 623 622
f 607 608 624
f 607 624 623
f 608 609 625
f 608 625 624
f 609 610 626
f 609 626 625
f 610 611 627
f 610 627 626
f 611 612 628
f 611 628 627
f 612 597 613
f 612 613 628
f 613 614 630
f 613 630 629
f 614 615 631
f 614 631 630
f 615 616 632
f 615 632 631
f 616 617 633
f 616 633 632
f 617 618 634
f 617 634 633
f 618 619 635
f 618 635 634
f 619 620 636
f 619 636 635
f 620 621 637
f 620 637 636
f 621 622 638
f 621 638 637
f 622 623 639
f 622 639 638
f 623 624 640
f 623 640 639
f 624 625 641
f 624 641 640
f 625 626 642
f 625 642 641
f 626 627 643
f 626 643 642
f 627 628 644
f 627 644 643
f 628 613 629
f 628 629 644
f 629 630 646
f 629 646 645
f 630 631 647
f 630 647 646
f 631 632 648
f 631 648 647
f 632 633 649
f 632 649 648
f 633 634 650
f 633 650 649
f 634 635 651
f 634 651 650
f 635 636 652
f 635 652 651
f 636 637 653
f 636 653 652
f 637 638 654
f 637 654 653
f 638 639 655
f 638 655 654
f 639 640 656
f 639 656 655
f 640 641 657
f 640 657 656
f 641 642 658
f 641 658 657
f 642 643 659
f 642 659 658
f 643 644 660
f 643 660 659
f 644 629 645
f 644 645 660
f 645 646 662
f 645 662 661
f 646 647 663
f 646 663 662
f 647 648 664
f 647 664 663
f 648 649 665
f 648 665 664
f 649 650 666
f 649 666 665
f 650 651 667
f 650 667 666
f 651 652 668
f 651 668 667
f 652 653 669
f 652 669 668
f 653 654 670
f 653 670 669
f 654 655 671
f 654 671 670
f 655 656 672
f 655 672 671
f 656 657 673
f 656 673 672
f 657 658 674
f 657 674 673
f 658 659 675
f 658 675 674
f 659 660 676
f 659 676 675
f 660 645 661
f 660 661 676
f 661 662 678
f 661 678 677
f 662 663 679
f 662 679 678
f 663 664 680
f 663 680 679
f 664 665 681
f 664 681 680
f 665 666 682
f 665 682 681
f 666 667 683
f 666 683 682
f 667 668 684
f 667 684 683
f 668 669 685
f 668 685 684
f 669 670 686
f 669 686 685
f 670 671 687
f 670 687 686
f 671 672 688
f 671 688 687
f 672 673 689
f 672 689 688
f 673 674 690
f 673 690 689
f 674 675 691
f 674 691 690
f 675 676 692
f 675 692 691
f 676 661 677
f 676 677 692
f 693 486 485
f 693 487 486
f 693 488 487
f 693 489 488
f 693 490 489
f 693 491 490
f 693 492 491
f 693 493 492
f 693 494 493
f 693 495 494
f 693 496 495
f 693 497 496
f 693 498 497
f 693 499 498
f 693 500 499
f 693 485 500
f 694 677 678
f 694 678 679
f 694 679 680
f 694 680 681
f 694 681 682
f 694 682 683
f 694 683 684
f 694 684 685
f 694 685 686
f 694 686 687
f 694 687 688
f 694 688 689
f 694 689 690
f 694 690 691
f 694 691 692
f 694 692 677
o Ilyth_CranialMineral
usemtl grown_mineral
s 1
v -0.08110 5.91789 1.08469
v -0.07023 5.90031 1.08706
v -0.04055 5.88744 1.08880
v -0.00000 5.88273 1.08944
v 0.04055 5.88744 1.08880
v 0.07023 5.90031 1.08706
v 0.08110 5.91789 1.08469
v 0.07023 5.93547 1.08232
v 0.04055 5.94834 1.08058
v 0.00000 5.95305 1.07994
v -0.04055 5.94834 1.08058
v -0.07023 5.93547 1.08232
v -0.12015 5.92803 1.15978
v -0.10405 5.90716 1.16237
v -0.06007 5.89188 1.16426
v -0.00000 5.88629 1.16495
v 0.06007 5.89188 1.16426
v 0.10405 5.90716 1.16237
v 0.12015 5.92803 1.15978
v 0.10405 5.94889 1.15719
v 0.06007 5.96417 1.15530
v 0.00000 5.96976 1.15461
v -0.06007 5.96417 1.15530
v -0.10405 5.94889 1.15719
v -0.17271 5.94042 1.26641
v -0.14957 5.91501 1.26764
v -0.08635 5.89641 1.26855
v -0.00000 5.88960 1.26888
v 0.08635 5.89641 1.26855
v 0.14957 5.91501 1.26764
v 0.17271 5.94042 1.26641
v 0.14957 5.96582 1.26518
v 0.08635 5.98442 1.26427
v 0.00000 5.99123 1.26394
v -0.08635 5.98442 1.26427
v -0.14957 5.96582 1.26518
v -0.20275 5.93816 1.36853
v -0.17558 5.91058 1.36450
v -0.10137 5.89039 1.36154
v -0.00000 5.88299 1.36046
v 0.10137 5.89039 1.36154
v 0.17558 5.91058 1.36450
v 0.20275 5.93816 1.36853
v 0.17558 5.96575 1.37257
v 0.10137 5.98594 1.37552
v 0.00000 5.99333 1.37660
v -0.10137 5.98594 1.37552
v -0.17558 5.96575 1.37257
v -0.19167 5.91301 1.45376
v -0.16599 5.88801 1.44398
v -0.09583 5.86971 1.43681
v -0.00000 5.86301 1.43419
v 0.09583 5.86971 1.43681
v 0.16599 5.88801 1.44398
v 0.19167 5.91301 1.45376
v 0.16599 5.93801 1.46355
v 0.09583 5.95631 1.47071
v 0.00000 5.96300 1.47333
v -0.09583 5.95631 1.47071
v -0.16599 5.93801 1.46355
v -0.15807 5.87321 1.53448
v -0.13689 5.85229 1.52305
v -0.07903 5.83697 1.51469
v -0.00000 5.83136 1.51162
v 0.07903 5.83697 1.51469
v 0.13689 5.85229 1.52305
v 0.15807 5.87321 1.53448
v 0.13689 5.89413 1.54592
v 0.07903 5.90945 1.55428
v 0.00000 5.91505 1.55735
v -0.07903 5.90945 1.55428
v -0.13689 5.89413 1.54592
v -0.12165 5.82665 1.61183
v -0.10535 5.80980 1.60056
v -0.06082 5.79745 1.59232
v -0.00000 5.79294 1.58930
v 0.06082 5.79745 1.59232
v 0.10535 5.80980 1.60056
v 0.12165 5.82665 1.61183
v 0.10535 5.84351 1.62309
v 0.06082 5.85585 1.63134
v 0.00000 5.86037 1.63436
v -0.06082 5.85585 1.63134
v -0.10535 5.84351 1.62309
v -0.08410 5.76733 1.69293
v -0.07283 5.75481 1.68304
v -0.04205 5.74564 1.67580
v -0.00000 5.74228 1.67315
v 0.04205 5.74564 1.67580
v 0.07283 5.75481 1.68304
v 0.08410 5.76733 1.69293
v 0.07283 5.77985 1.70282
v 0.04205 5.78902 1.71005
v 0.00000 5.79238 1.71270
v -0.04205 5.78902 1.71005
v -0.07283 5.77985 1.70282
v -0.04374 5.70125 1.77065
v -0.03788 5.69284 1.76344
v -0.02187 5.68669 1.75816
v -0.00000 5.68443 1.75623
v 0.02187 5.68669 1.75816
v 0.03788 5.69284 1.76344
v 0.04374 5.70125 1.77065
v 0.03788 5.70966 1.77786
v 0.02187 5.71581 1.78313
v 0.00000 5.71807 1.78507
v -0.02187 5.71581 1.78313
v -0.03788 5.70966 1.77786
v -0.01521 5.65432 1.82471
v -0.01317 5.64858 1.81973
v -0.00760 5.64437 1.81608
v -0.00000 5.64284 1.81474
v 0.00760 5.64437 1.81608
v 0.01317 5.64858 1.81973
v 0.01521 5.65432 1.82471
v 0.01317 5.66006 1.82970
v 0.00760 5.66426 1.83334
v 0.00000 5.66580 1.83468
v -0.00760 5.66426 1.83334
v -0.01317 5.66006 1.82970
v 0.00000 5.91789 1.08469
v 0.00000 5.65432 1.82471
f 695 696 708
f 695 708 707
f 696 697 709
f 696 709 708
f 697 698 710
f 697 710 709
f 698 699 711
f 698 711 710
f 699 700 712
f 699 712 711
f 700 701 713
f 700 713 712
f 701 702 714
f 701 714 713
f 702 703 715
f 702 715 714
f 703 704 716
f 703 716 715
f 704 705 717
f 704 717 716
f 705 706 718
f 705 718 717
f 706 695 707
f 706 707 718
f 707 708 720
f 707 720 719
f 708 709 721
f 708 721 720
f 709 710 722
f 709 722 721
f 710 711 723
f 710 723 722
f 711 712 724
f 711 724 723
f 712 713 725
f 712 725 724
f 713 714 726
f 713 726 725
f 714 715 727
f 714 727 726
f 715 716 728
f 715 728 727
f 716 717 729
f 716 729 728
f 717 718 730
f 717 730 729
f 718 707 719
f 718 719 730
f 719 720 732
f 719 732 731
f 720 721 733
f 720 733 732
f 721 722 734
f 721 734 733
f 722 723 735
f 722 735 734
f 723 724 736
f 723 736 735
f 724 725 737
f 724 737 736
f 725 726 738
f 725 738 737
f 726 727 739
f 726 739 738
f 727 728 740
f 727 740 739
f 728 729 741
f 728 741 740
f 729 730 742
f 729 742 741
f 730 719 731
f 730 731 742
f 731 732 744
f 731 744 743
f 732 733 745
f 732 745 744
f 733 734 746
f 733 746 745
f 734 735 747
f 734 747 746
f 735 736 748
f 735 748 747
f 736 737 749
f 736 749 748
f 737 738 750
f 737 750 749
f 738 739 751
f 738 751 750
f 739 740 752
f 739 752 751
f 740 741 753
f 740 753 752
f 741 742 754
f 741 754 753
f 742 731 743
f 742 743 754
f 743 744 756
f 743 756 755
f 744 745 757
f 744 757 756
f 745 746 758
f 745 758 757
f 746 747 759
f 746 759 758
f 747 748 760
f 747 760 759
f 748 749 761
f 748 761 760
f 749 750 762
f 749 762 761
f 750 751 763
f 750 763 762
f 751 752 764
f 751 764 763
f 752 753 765
f 752 765 764
f 753 754 766
f 753 766 765
f 754 743 755
f 754 755 766
f 755 756 768
f 755 768 767
f 756 757 769
f 756 769 768
f 757 758 770
f 757 770 769
f 758 759 771
f 758 771 770
f 759 760 772
f 759 772 771
f 760 761 773
f 760 773 772
f 761 762 774
f 761 774 773
f 762 763 775
f 762 775 774
f 763 764 776
f 763 776 775
f 764 765 777
f 764 777 776
f 765 766 778
f 765 778 777
f 766 755 767
f 766 767 778
f 767 768 780
f 767 780 779
f 768 769 781
f 768 781 780
f 769 770 782
f 769 782 781
f 770 771 783
f 770 783 782
f 771 772 784
f 771 784 783
f 772 773 785
f 772 785 784
f 773 774 786
f 773 786 785
f 774 775 787
f 774 787 786
f 775 776 788
f 775 788 787
f 776 777 789
f 776 789 788
f 777 778 790
f 777 790 789
f 778 767 779
f 778 779 790
f 779 780 792
f 779 792 791
f 780 781 793
f 780 793 792
f 781 782 794
f 781 794 793
f 782 783 795
f 782 795 794
f 783 784 796
f 783 796 795
f 784 785 797
f 784 797 796
f 785 786 798
f 785 798 797
f 786 787 799
f 786 799 798
f 787 788 800
f 787 800 799
f 788 789 801
f 788 801 800
f 789 790 802
f 789 802 801
f 790 779 791
f 790 791 802
f 791 792 804
f 791 804 803
f 792 793 805
f 792 805 804
f 793 794 806
f 793 806 805
f 794 795 807
f 794 807 806
f 795 796 808
f 795 808 807
f 796 797 809
f 796 809 808
f 797 798 810
f 797 810 809
f 798 799 811
f 798 811 810
f 799 800 812
f 799 812 811
f 800 801 813
f 800 813 812
f 801 802 814
f 801 814 813
f 802 791 803
f 802 803 814
f 815 696 695
f 815 697 696
f 815 698 697
f 815 699 698
f 815 700 699
f 815 701 700
f 815 702 701
f 815 703 702
f 815 704 703
f 815 705 704
f 815 706 705
f 815 695 706
f 816 803 804
f 816 804 805
f 816 805 806
f 816 806 807
f 816 807 808
f 816 808 809
f 816 809 810
f 816 810 811
f 816 811 812
f 816 812 813
f 816 813 814
f 816 814 803
o Ilyth_FeedingSeam
usemtl soft_charcoal
s 1
v -0.10440 5.58171 1.76389
v -0.09764 5.58365 1.75779
v -0.09306 5.59136 1.75527
v -0.09335 5.60031 1.75779
v -0.09834 5.60528 1.76389
v -0.10511 5.60334 1.76998
v -0.10969 5.59563 1.77251
v -0.10939 5.58668 1.76998
v -0.07801 5.57493 1.79092
v -0.07137 5.57696 1.78471
v -0.06692 5.58472 1.78214
v -0.06725 5.59366 1.78471
v -0.07217 5.59855 1.79092
v -0.07881 5.59652 1.79713
v -0.08327 5.58876 1.79970
v -0.08294 5.57981 1.79713
v -0.03970 5.56575 1.82696
v -0.03417 5.56838 1.81995
v -0.03062 5.57648 1.81704
v -0.03113 5.58531 1.81995
v -0.03539 5.58970 1.82696
v -0.04092 5.58707 1.83398
v -0.04447 5.57897 1.83689
v -0.04396 5.57014 1.83398
v 0.00000 5.56106 1.84499
v 0.00000 5.56462 1.83638
v 0.00000 5.57322 1.83282
v -0.00000 5.58182 1.83638
v -0.00000 5.58538 1.84499
v -0.00000 5.58182 1.85359
v -0.00000 5.57322 1.85715
v 0.00000 5.56462 1.85359
v 0.03970 5.56575 1.82696
v 0.03417 5.56838 1.81995
v 0.03062 5.57648 1.81704
v 0.03113 5.58531 1.81995
v 0.03539 5.58970 1.82696
v 0.04092 5.58707 1.83398
v 0.04447 5.57897 1.83689
v 0.04396 5.57014 1.83398
v 0.07801 5.57493 1.79092
v 0.07137 5.57696 1.78471
v 0.06692 5.58472 1.78214
v 0.06725 5.59366 1.78471
v 0.07217 5.59855 1.79092
v 0.07881 5.59652 1.79713
v 0.08327 5.58876 1.79970
v 0.08294 5.57981 1.79713
v 0.10440 5.58171 1.76389
v 0.09764 5.58365 1.75779
v 0.09306 5.59136 1.75527
v 0.09335 5.60031 1.75779
v 0.09834 5.60528 1.76389
v 0.10511 5.60334 1.76998
v 0.10969 5.59563 1.77251
v 0.10939 5.58668 1.76998
v -0.10137 5.59349 1.76389
v 0.10137 5.59349 1.76389
f 817 818 826
f 817 826 825
f 818 819 827
f 818 827 826
f 819 820 828
f 819 828 827
f 820 821 829
f 820 829 828
f 821 822 830
f 821 830 829
f 822 823 831
f 822 831 830
f 823 824 832
f 823 832 831
f 824 817 825
f 824 825 832
f 825 826 834
f 825 834 833
f 826 827 835
f 826 835 834
f 827 828 836
f 827 836 835
f 828 829 837
f 828 837 836
f 829 830 838
f 829 838 837
f 830 831 839
f 830 839 838
f 831 832 840
f 831 840 839
f 832 825 833
f 832 833 840
f 833 834 842
f 833 842 841
f 834 835 843
f 834 843 842
f 835 836 844
f 835 844 843
f 836 837 845
f 836 845 844
f 837 838 846
f 837 846 845
f 838 839 847
f 838 847 846
f 839 840 848
f 839 848 847
f 840 833 841
f 840 841 848
f 841 842 850
f 841 850 849
f 842 843 851
f 842 851 850
f 843 844 852
f 843 852 851
f 844 845 853
f 844 853 852
f 845 846 854
f 845 854 853
f 846 847 855
f 846 855 854
f 847 848 856
f 847 856 855
f 848 841 849
f 848 849 856
f 849 850 858
f 849 858 857
f 850 851 859
f 850 859 858
f 851 852 860
f 851 860 859
f 852 853 861
f 852 861 860
f 853 854 862
f 853 862 861
f 854 855 863
f 854 863 862
f 855 856 864
f 855 864 863
f 856 849 857
f 856 857 864
f 857 858 866
f 857 866 865
f 858 859 867
f 858 867 866
f 859 860 868
f 859 868 867
f 860 861 869
f 860 869 868
f 861 862 870
f 861 870 869
f 862 863 871
f 862 871 870
f 863 864 872
f 863 872 871
f 864 857 865
f 864 865 872
f 873 818 817
f 873 819 818
f 873 820 819
f 873 821 820
f 873 822 821
f 873 823 822
f 873 824 823
f 873 817 824
f 874 865 866
f 874 866 867
f 874 867 868
f 874 868 869
f 874 869 870
f 874 870 871
f 874 871 872
f 874 872 865
o Ilyth_Eye_L
usemtl eye
s 1
v -0.20781 5.69792 1.49018
v -0.20797 5.69792 1.48941
v -0.20841 5.69792 1.48875
v -0.20907 5.69792 1.48831
v -0.20984 5.69792 1.48815
v -0.21062 5.69792 1.48831
v -0.21128 5.69792 1.48875
v -0.21171 5.69792 1.48941
v -0.21187 5.69792 1.49018
v -0.21171 5.69792 1.49096
v -0.21128 5.69792 1.49161
v -0.21062 5.69792 1.49205
v -0.20984 5.69792 1.49221
v -0.20907 5.69792 1.49205
v -0.20841 5.69792 1.49161
v -0.20797 5.69792 1.49096
v -0.20669 5.69837 1.49018
v -0.20693 5.69837 1.48825
v -0.20761 5.69837 1.48661
v -0.20864 5.69837 1.48552
v -0.20984 5.69837 1.48514
v -0.21105 5.69837 1.48552
v -0.21207 5.69837 1.48661
v -0.21275 5.69837 1.48825
v -0.21299 5.69837 1.49018
v -0.21275 5.69837 1.49211
v -0.21207 5.69837 1.49375
v -0.21105 5.69837 1.49484
v -0.20984 5.69837 1.49523
v -0.20864 5.69837 1.49484
v -0.20761 5.69837 1.49375
v -0.20693 5.69837 1.49211
v -0.20311 5.69908 1.49018
v -0.20363 5.69908 1.48606
v -0.20509 5.69908 1.48257
v -0.20727 5.69908 1.48024
v -0.20984 5.69908 1.47942
v -0.21242 5.69908 1.48024
v -0.21460 5.69908 1.48257
v -0.21606 5.69908 1.48606
v -0.21657 5.69908 1.49018
v -0.21606 5.69908 1.49430
v -0.21460 5.69908 1.49779
v -0.21242 5.69908 1.50013
v -0.20984 5.69908 1.50094
v -0.20727 5.69908 1.50013
v -0.20509 5.69908 1.49779
v -0.20363 5.69908 1.49430
v -0.19971 5.70019 1.49018
v -0.20048 5.70019 1.48398
v -0.20267 5.70019 1.47871
v -0.20596 5.70019 1.47520
v -0.20984 5.70019 1.47396
v -0.21372 5.70019 1.47520
v -0.21701 5.70019 1.47871
v -0.21921 5.70019 1.48398
v -0.21998 5.70019 1.49018
v -0.21921 5.70019 1.49639
v -0.21701 5.70019 1.50165
v -0.21372 5.70019 1.50516
v -0.20984 5.70019 1.50640
v -0.20596 5.70019 1.50516
v -0.20267 5.70019 1.50165
v -0.20048 5.70019 1.49639
v -0.19683 5.70181 1.49018
v -0.19782 5.70181 1.48221
v -0.20064 5.70181 1.47546
v -0.20486 5.70181 1.47094
v -0.20984 5.70181 1.46936
v -0.21482 5.70181 1.47094
v -0.21904 5.70181 1.47546
v -0.22187 5.70181 1.48221
v -0.22286 5.70181 1.49018
v -0.22187 5.70181 1.49815
v -0.21904 5.70181 1.50491
v -0.21482 5.70181 1.50942
v -0.20984 5.70181 1.51100
v -0.20486 5.70181 1.50942
v -0.20064 5.70181 1.50491
v -0.19782 5.70181 1.49815
v -0.19411 5.70383 1.49018
v -0.19531 5.70383 1.48055
v -0.19872 5.70383 1.47239
v -0.20382 5.70383 1.46693
v -0.20984 5.70383 1.46502
v -0.21586 5.70383 1.46693
v -0.22096 5.70383 1.47239
v -0.22437 5.70383 1.48055
v -0.22557 5.70383 1.49018
v -0.22437 5.70383 1.49981
v -0.22096 5.70383 1.50797
v -0.21586 5.70383 1.51343
v -0.20984 5.70383 1.51535
v -0.20382 5.70383 1.51343
v -0.19872 5.70383 1.50797
v -0.19531 5.70383 1.49981
v -0.19170 5.70617 1.49018
v -0.19308 5.70617 1.47907
v -0.19701 5.70617 1.46965
v -0.20290 5.70617 1.46336
v -0.20984 5.70617 1.46115
v -0.21678 5.70617 1.46336
v -0.22267 5.70617 1.46965
v -0.22660 5.70617 1.47907
v -0.22798 5.70617 1.49018
v -0.22660 5.70617 1.50129
v -0.22267 5.70617 1.51071
v -0.21678 5.70617 1.51700
v -0.20984 5.70617 1.51921
v -0.20290 5.70617 1.51700
v -0.19701 5.70617 1.51071
v -0.19308 5.70617 1.50129
v -0.18960 5.70884 1.49018
v -0.19114 5.70884 1.47778
v -0.19553 5.70884 1.46727
v -0.20209 5.70884 1.46025
v -0.20984 5.70884 1.45779
v -0.21759 5.70884 1.46025
v -0.22416 5.70884 1.46727
v -0.22855 5.70884 1.47778
v -0.23009 5.70884 1.49018
v -0.22855 5.70884 1.50258
v -0.22416 5.70884 1.51309
v -0.21759 5.70884 1.52011
v -0.20984 5.70884 1.52258
v -0.20209 5.70884 1.52011
v -0.19553 5.70884 1.51309
v -0.19114 5.70884 1.50258
v -0.18779 5.71181 1.49018
v -0.18947 5.71181 1.47668
v -0.19425 5.71181 1.46523
v -0.20140 5.71181 1.45758
v -0.20984 5.71181 1.45490
v -0.21828 5.71181 1.45758
v -0.22544 5.71181 1.46523
v -0.23022 5.71181 1.47668
v -0.23189 5.71181 1.49018
v -0.23022 5.71181 1.50368
v -0.22544 5.71181 1.51513
v -0.21828 5.71181 1.52278
v -0.20984 5.71181 1.52547
v -0.20140 5.71181 1.52278
v -0.19425 5.71181 1.51513
v -0.18947 5.71181 1.50368
v -0.18637 5.71496 1.49018
v -0.18815 5.71496 1.47581
v -0.19324 5.71496 1.46362
v -0.20086 5.71496 1.45548
v -0.20984 5.71496 1.45262
v -0.21883 5.71496 1.45548
v -0.22644 5.71496 1.46362
v -0.23153 5.71496 1.47581
v -0.23332 5.71496 1.49018
v -0.23153 5.71496 1.50455
v -0.22644 5.71496 1.51674
v -0.21883 5.71496 1.52488
v -0.20984 5.71496 1.52774
v -0.20086 5.71496 1.52488
v -0.19324 5.71496 1.51674
v -0.18815 5.71496 1.50455
v -0.18535 5.71829 1.49018
v -0.18721 5.71829 1.47518
v -0.19252 5.71829 1.46247
v -0.20047 5.71829 1.45398
v -0.20984 5.71829 1.45099
v -0.21921 5.71829 1.45398
v -0.22716 5.71829 1.46247
v -0.23247 5.71829 1.47518
v -0.23433 5.71829 1.49018
v -0.23247 5.71829 1.50518
v -0.22716 5.71829 1.51789
v -0.21921 5.71829 1.52639
v -0.20984 5.71829 1.52937
v -0.20047 5.71829 1.52639
v -0.19252 5.71829 1.51789
v -0.18721 5.71829 1.50518
v -0.18472 5.72178 1.49018
v -0.18663 5.72178 1.47480
v -0.19208 5.72178 1.46176
v -0.20023 5.72178 1.45304
v -0.20984 5.72178 1.44998
v -0.21946 5.72178 1.45304
v -0.22761 5.72178 1.46176
v -0.23305 5.72178 1.47480
v -0.23497 5.72178 1.49018
v -0.23305 5.72178 1.50557
v -0.22761 5.72178 1.51861
v -0.21946 5.72178 1.52732
v -0.20984 5.72178 1.53038
v -0.20023 5.72178 1.52732
v -0.19208 5.72178 1.51861
v -0.18663 5.72178 1.50557
v -0.18450 5.72528 1.49018
v -0.18643 5.72528 1.47466
v -0.19192 5.72528 1.46151
v -0.20014 5.72528 1.45272
v -0.20984 5.72528 1.44963
v -0.21954 5.72528 1.45272
v -0.22776 5.72528 1.46151
v -0.23326 5.72528 1.47466
v -0.23519 5.72528 1.49018
v -0.23326 5.72528 1.50570
v -0.22776 5.72528 1.51885
v -0.21954 5.72528 1.52764
v -0.20984 5.72528 1.53073
v -0.20014 5.72528 1.52764
v -0.19192 5.72528 1.51885
v -0.18643 5.72528 1.50570
v -0.18472 5.72877 1.49018
v -0.18663 5.72877 1.47480
v -0.19208 5.72877 1.46176
v -0.20023 5.72877 1.45304
v -0.20984 5.72877 1.44998
v -0.21946 5.72877 1.45304
v -0.22761 5.72877 1.46176
v -0.23305 5.72877 1.47480
v -0.23497 5.72877 1.49018
v -0.23305 5.72877 1.50557
v -0.22761 5.72877 1.51861
v -0.21946 5.72877 1.52732
v -0.20984 5.72877 1.53038
v -0.20023 5.72877 1.52732
v -0.19208 5.72877 1.51861
v -0.18663 5.72877 1.50557
v -0.18535 5.73227 1.49018
v -0.18721 5.73227 1.47518
v -0.19252 5.73227 1.46247
v -0.20047 5.73227 1.45398
v -0.20984 5.73227 1.45099
v -0.21921 5.73227 1.45398
v -0.22716 5.73227 1.46247
v -0.23247 5.73227 1.47518
v -0.23433 5.73227 1.49018
v -0.23247 5.73227 1.50518
v -0.22716 5.73227 1.51789
v -0.21921 5.73227 1.52639
v -0.20984 5.73227 1.52937
v -0.20047 5.73227 1.52639
v -0.19252 5.73227 1.51789
v -0.18721 5.73227 1.50518
v -0.18637 5.73560 1.49018
v -0.18815 5.73560 1.47581
v -0.19324 5.73560 1.46362
v -0.20086 5.73560 1.45548
v -0.20984 5.73560 1.45262
v -0.21883 5.73560 1.45548
v -0.22644 5.73560 1.46362
v -0.23153 5.73560 1.47581
v -0.23332 5.73560 1.49018
v -0.23153 5.73560 1.50455
v -0.22644 5.73560 1.51674
v -0.21883 5.73560 1.52488
v -0.20984 5.73560 1.52774
v -0.20086 5.73560 1.52488
v -0.19324 5.73560 1.51674
v -0.18815 5.73560 1.50455
v -0.18779 5.73874 1.49018
v -0.18947 5.73874 1.47668
v -0.19425 5.73874 1.46523
v -0.20140 5.73874 1.45758
v -0.20984 5.73874 1.45490
v -0.21828 5.73874 1.45758
v -0.22544 5.73874 1.46523
v -0.23022 5.73874 1.47668
v -0.23189 5.73874 1.49018
v -0.23022 5.73874 1.50368
v -0.22544 5.73874 1.51513
v -0.21828 5.73874 1.52278
v -0.20984 5.73874 1.52547
v -0.20140 5.73874 1.52278
v -0.19425 5.73874 1.51513
v -0.18947 5.73874 1.50368
v -0.18960 5.74172 1.49018
v -0.19114 5.74172 1.47778
v -0.19553 5.74172 1.46727
v -0.20209 5.74172 1.46025
v -0.20984 5.74172 1.45779
v -0.21759 5.74172 1.46025
v -0.22416 5.74172 1.46727
v -0.22855 5.74172 1.47778
v -0.23009 5.74172 1.49018
v -0.22855 5.74172 1.50258
v -0.22416 5.74172 1.51309
v -0.21759 5.74172 1.52011
v -0.20984 5.74172 1.52258
v -0.20209 5.74172 1.52011
v -0.19553 5.74172 1.51309
v -0.19114 5.74172 1.50258
v -0.19170 5.74439 1.49018
v -0.19308 5.74439 1.47907
v -0.19701 5.74439 1.46965
v -0.20290 5.74439 1.46336
v -0.20984 5.74439 1.46115
v -0.21678 5.74439 1.46336
v -0.22267 5.74439 1.46965
v -0.22660 5.74439 1.47907
v -0.22798 5.74439 1.49018
v -0.22660 5.74439 1.50129
v -0.22267 5.74439 1.51071
v -0.21678 5.74439 1.51700
v -0.20984 5.74439 1.51921
v -0.20290 5.74439 1.51700
v -0.19701 5.74439 1.51071
v -0.19308 5.74439 1.50129
v -0.19411 5.74673 1.49018
v -0.19531 5.74673 1.48055
v -0.19872 5.74673 1.47239
v -0.20382 5.74673 1.46693
v -0.20984 5.74673 1.46502
v -0.21586 5.74673 1.46693
v -0.22096 5.74673 1.47239
v -0.22437 5.74673 1.48055
v -0.22557 5.74673 1.49018
v -0.22437 5.74673 1.49981
v -0.22096 5.74673 1.50797
v -0.21586 5.74673 1.51343
v -0.20984 5.74673 1.51535
v -0.20382 5.74673 1.51343
v -0.19872 5.74673 1.50797
v -0.19531 5.74673 1.49981
v -0.19683 5.74875 1.49018
v -0.19782 5.74875 1.48221
v -0.20064 5.74875 1.47546
v -0.20486 5.74875 1.47094
v -0.20984 5.74875 1.46936
v -0.21482 5.74875 1.47094
v -0.21904 5.74875 1.47546
v -0.22187 5.74875 1.48221
v -0.22286 5.74875 1.49018
v -0.22187 5.74875 1.49815
v -0.21904 5.74875 1.50491
v -0.21482 5.74875 1.50942
v -0.20984 5.74875 1.51100
v -0.20486 5.74875 1.50942
v -0.20064 5.74875 1.50491
v -0.19782 5.74875 1.49815
v -0.19971 5.75037 1.49018
v -0.20048 5.75037 1.48398
v -0.20267 5.75037 1.47871
v -0.20596 5.75037 1.47520
v -0.20984 5.75037 1.47396
v -0.21372 5.75037 1.47520
v -0.21701 5.75037 1.47871
v -0.21921 5.75037 1.48398
v -0.21998 5.75037 1.49018
v -0.21921 5.75037 1.49639
v -0.21701 5.75037 1.50165
v -0.21372 5.75037 1.50516
v -0.20984 5.75037 1.50640
v -0.20596 5.75037 1.50516
v -0.20267 5.75037 1.50165
v -0.20048 5.75037 1.49639
v -0.20311 5.75148 1.49018
v -0.20363 5.75148 1.48606
v -0.20509 5.75148 1.48257
v -0.20727 5.75148 1.48024
v -0.20984 5.75148 1.47942
v -0.21242 5.75148 1.48024
v -0.21460 5.75148 1.48257
v -0.21606 5.75148 1.48606
v -0.21657 5.75148 1.49018
v -0.21606 5.75148 1.49430
v -0.21460 5.75148 1.49779
v -0.21242 5.75148 1.50013
v -0.20984 5.75148 1.50094
v -0.20727 5.75148 1.50013
v -0.20509 5.75148 1.49779
v -0.20363 5.75148 1.49430
v -0.20669 5.75219 1.49018
v -0.20693 5.75219 1.48825
v -0.20761 5.75219 1.48661
v -0.20864 5.75219 1.48552
v -0.20984 5.75219 1.48514
v -0.21105 5.75219 1.48552
v -0.21207 5.75219 1.48661
v -0.21275 5.75219 1.48825
v -0.21299 5.75219 1.49018
v -0.21275 5.75219 1.49211
v -0.21207 5.75219 1.49375
v -0.21105 5.75219 1.49484
v -0.20984 5.75219 1.49523
v -0.20864 5.75219 1.49484
v -0.20761 5.75219 1.49375
v -0.20693 5.75219 1.49211
v -0.20921 5.75264 1.49018
v -0.20926 5.75264 1.48979
v -0.20939 5.75264 1.48946
v -0.20960 5.75264 1.48924
v -0.20984 5.75264 1.48917
v -0.21008 5.75264 1.48924
v -0.21029 5.75264 1.48946
v -0.21043 5.75264 1.48979
v -0.21048 5.75264 1.49018
v -0.21043 5.75264 1.49057
v -0.21029 5.75264 1.49090
v -0.21008 5.75264 1.49112
v -0.20984 5.75264 1.49119
v -0.20960 5.75264 1.49112
v -0.20939 5.75264 1.49090
v -0.20926 5.75264 1.49057
v -0.20984 5.69792 1.49018
v -0.20984 5.75264 1.49018
f 875 876 892
f 875 892 891
f 876 877 893
f 876 893 892
f 877 878 894
f 877 894 893
f 878 879 895
f 878 895 894
f 879 880 896
f 879 896 895
f 880 881 897
f 880 897 896
f 881 882 898
f 881 898 897
f 882 883 899
f 882 899 898
f 883 884 900
f 883 900 899
f 884 885 901
f 884 901 900
f 885 886 902
f 885 902 901
f 886 887 903
f 886 903 902
f 887 888 904
f 887 904 903
f 888 889 905
f 888 905 904
f 889 890 906
f 889 906 905
f 890 875 891
f 890 891 906
f 891 892 908
f 891 908 907
f 892 893 909
f 892 909 908
f 893 894 910
f 893 910 909
f 894 895 911
f 894 911 910
f 895 896 912
f 895 912 911
f 896 897 913
f 896 913 912
f 897 898 914
f 897 914 913
f 898 899 915
f 898 915 914
f 899 900 916
f 899 916 915
f 900 901 917
f 900 917 916
f 901 902 918
f 901 918 917
f 902 903 919
f 902 919 918
f 903 904 920
f 903 920 919
f 904 905 921
f 904 921 920
f 905 906 922
f 905 922 921
f 906 891 907
f 906 907 922
f 907 908 924
f 907 924 923
f 908 909 925
f 908 925 924
f 909 910 926
f 909 926 925
f 910 911 927
f 910 927 926
f 911 912 928
f 911 928 927
f 912 913 929
f 912 929 928
f 913 914 930
f 913 930 929
f 914 915 931
f 914 931 930
f 915 916 932
f 915 932 931
f 916 917 933
f 916 933 932
f 917 918 934
f 917 934 933
f 918 919 935
f 918 935 934
f 919 920 936
f 919 936 935
f 920 921 937
f 920 937 936
f 921 922 938
f 921 938 937
f 922 907 923
f 922 923 938
f 923 924 940
f 923 940 939
f 924 925 941
f 924 941 940
f 925 926 942
f 925 942 941
f 926 927 943
f 926 943 942
f 927 928 944
f 927 944 943
f 928 929 945
f 928 945 944
f 929 930 946
f 929 946 945
f 930 931 947
f 930 947 946
f 931 932 948
f 931 948 947
f 932 933 949
f 932 949 948
f 933 934 950
f 933 950 949
f 934 935 951
f 934 951 950
f 935 936 952
f 935 952 951
f 936 937 953
f 936 953 952
f 937 938 954
f 937 954 953
f 938 923 939
f 938 939 954
f 939 940 956
f 939 956 955
f 940 941 957
f 940 957 956
f 941 942 958
f 941 958 957
f 942 943 959
f 942 959 958
f 943 944 960
f 943 960 959
f 944 945 961
f 944 961 960
f 945 946 962
f 945 962 961
f 946 947 963
f 946 963 962
f 947 948 964
f 947 964 963
f 948 949 965
f 948 965 964
f 949 950 966
f 949 966 965
f 950 951 967
f 950 967 966
f 951 952 968
f 951 968 967
f 952 953 969
f 952 969 968
f 953 954 970
f 953 970 969
f 954 939 955
f 954 955 970
f 955 956 972
f 955 972 971
f 956 957 973
f 956 973 972
f 957 958 974
f 957 974 973
f 958 959 975
f 958 975 974
f 959 960 976
f 959 976 975
f 960 961 977
f 960 977 976
f 961 962 978
f 961 978 977
f 962 963 979
f 962 979 978
f 963 964 980
f 963 980 979
f 964 965 981
f 964 981 980
f 965 966 982
f 965 982 981
f 966 967 983
f 966 983 982
f 967 968 984
f 967 984 983
f 968 969 985
f 968 985 984
f 969 970 986
f 969 986 985
f 970 955 971
f 970 971 986
f 971 972 988
f 971 988 987
f 972 973 989
f 972 989 988
f 973 974 990
f 973 990 989
f 974 975 991
f 974 991 990
f 975 976 992
f 975 992 991
f 976 977 993
f 976 993 992
f 977 978 994
f 977 994 993
f 978 979 995
f 978 995 994
f 979 980 996
f 979 996 995
f 980 981 997
f 980 997 996
f 981 982 998
f 981 998 997
f 982 983 999
f 982 999 998
f 983 984 1000
f 983 1000 999
f 984 985 1001
f 984 1001 1000
f 985 986 1002
f 985 1002 1001
f 986 971 987
f 986 987 1002
f 987 988 1004
f 987 1004 1003
f 988 989 1005
f 988 1005 1004
f 989 990 1006
f 989 1006 1005
f 990 991 1007
f 990 1007 1006
f 991 992 1008
f 991 1008 1007
f 992 993 1009
f 992 1009 1008
f 993 994 1010
f 993 1010 1009
f 994 995 1011
f 994 1011 1010
f 995 996 1012
f 995 1012 1011
f 996 997 1013
f 996 1013 1012
f 997 998 1014
f 997 1014 1013
f 998 999 1015
f 998 1015 1014
f 999 1000 1016
f 999 1016 1015
f 1000 1001 1017
f 1000 1017 1016
f 1001 1002 1018
f 1001 1018 1017
f 1002 987 1003
f 1002 1003 1018
f 1003 1004 1020
f 1003 1020 1019
f 1004 1005 1021
f 1004 1021 1020
f 1005 1006 1022
f 1005 1022 1021
f 1006 1007 1023
f 1006 1023 1022
f 1007 1008 1024
f 1007 1024 1023
f 1008 1009 1025
f 1008 1025 1024
f 1009 1010 1026
f 1009 1026 1025
f 1010 1011 1027
f 1010 1027 1026
f 1011 1012 1028
f 1011 1028 1027
f 1012 1013 1029
f 1012 1029 1028
f 1013 1014 1030
f 1013 1030 1029
f 1014 1015 1031
f 1014 1031 1030
f 1015 1016 1032
f 1015 1032 1031
f 1016 1017 1033
f 1016 1033 1032
f 1017 1018 1034
f 1017 1034 1033
f 1018 1003 1019
f 1018 1019 1034
f 1019 1020 1036
f 1019 1036 1035
f 1020 1021 1037
f 1020 1037 1036
f 1021 1022 1038
f 1021 1038 1037
f 1022 1023 1039
f 1022 1039 1038
f 1023 1024 1040
f 1023 1040 1039
f 1024 1025 1041
f 1024 1041 1040
f 1025 1026 1042
f 1025 1042 1041
f 1026 1027 1043
f 1026 1043 1042
f 1027 1028 1044
f 1027 1044 1043
f 1028 1029 1045
f 1028 1045 1044
f 1029 1030 1046
f 1029 1046 1045
f 1030 1031 1047
f 1030 1047 1046
f 1031 1032 1048
f 1031 1048 1047
f 1032 1033 1049
f 1032 1049 1048
f 1033 1034 1050
f 1033 1050 1049
f 1034 1019 1035
f 1034 1035 1050
f 1035 1036 1052
f 1035 1052 1051
f 1036 1037 1053
f 1036 1053 1052
f 1037 1038 1054
f 1037 1054 1053
f 1038 1039 1055
f 1038 1055 1054
f 1039 1040 1056
f 1039 1056 1055
f 1040 1041 1057
f 1040 1057 1056
f 1041 1042 1058
f 1041 1058 1057
f 1042 1043 1059
f 1042 1059 1058
f 1043 1044 1060
f 1043 1060 1059
f 1044 1045 1061
f 1044 1061 1060
f 1045 1046 1062
f 1045 1062 1061
f 1046 1047 1063
f 1046 1063 1062
f 1047 1048 1064
f 1047 1064 1063
f 1048 1049 1065
f 1048 1065 1064
f 1049 1050 1066
f 1049 1066 1065
f 1050 1035 1051
f 1050 1051 1066
f 1051 1052 1068
f 1051 1068 1067
f 1052 1053 1069
f 1052 1069 1068
f 1053 1054 1070
f 1053 1070 1069
f 1054 1055 1071
f 1054 1071 1070
f 1055 1056 1072
f 1055 1072 1071
f 1056 1057 1073
f 1056 1073 1072
f 1057 1058 1074
f 1057 1074 1073
f 1058 1059 1075
f 1058 1075 1074
f 1059 1060 1076
f 1059 1076 1075
f 1060 1061 1077
f 1060 1077 1076
f 1061 1062 1078
f 1061 1078 1077
f 1062 1063 1079
f 1062 1079 1078
f 1063 1064 1080
f 1063 1080 1079
f 1064 1065 1081
f 1064 1081 1080
f 1065 1066 1082
f 1065 1082 1081
f 1066 1051 1067
f 1066 1067 1082
f 1067 1068 1084
f 1067 1084 1083
f 1068 1069 1085
f 1068 1085 1084
f 1069 1070 1086
f 1069 1086 1085
f 1070 1071 1087
f 1070 1087 1086
f 1071 1072 1088
f 1071 1088 1087
f 1072 1073 1089
f 1072 1089 1088
f 1073 1074 1090
f 1073 1090 1089
f 1074 1075 1091
f 1074 1091 1090
f 1075 1076 1092
f 1075 1092 1091
f 1076 1077 1093
f 1076 1093 1092
f 1077 1078 1094
f 1077 1094 1093
f 1078 1079 1095
f 1078 1095 1094
f 1079 1080 1096
f 1079 1096 1095
f 1080 1081 1097
f 1080 1097 1096
f 1081 1082 1098
f 1081 1098 1097
f 1082 1067 1083
f 1082 1083 1098
f 1083 1084 1100
f 1083 1100 1099
f 1084 1085 1101
f 1084 1101 1100
f 1085 1086 1102
f 1085 1102 1101
f 1086 1087 1103
f 1086 1103 1102
f 1087 1088 1104
f 1087 1104 1103
f 1088 1089 1105
f 1088 1105 1104
f 1089 1090 1106
f 1089 1106 1105
f 1090 1091 1107
f 1090 1107 1106
f 1091 1092 1108
f 1091 1108 1107
f 1092 1093 1109
f 1092 1109 1108
f 1093 1094 1110
f 1093 1110 1109
f 1094 1095 1111
f 1094 1111 1110
f 1095 1096 1112
f 1095 1112 1111
f 1096 1097 1113
f 1096 1113 1112
f 1097 1098 1114
f 1097 1114 1113
f 1098 1083 1099
f 1098 1099 1114
f 1099 1100 1116
f 1099 1116 1115
f 1100 1101 1117
f 1100 1117 1116
f 1101 1102 1118
f 1101 1118 1117
f 1102 1103 1119
f 1102 1119 1118
f 1103 1104 1120
f 1103 1120 1119
f 1104 1105 1121
f 1104 1121 1120
f 1105 1106 1122
f 1105 1122 1121
f 1106 1107 1123
f 1106 1123 1122
f 1107 1108 1124
f 1107 1124 1123
f 1108 1109 1125
f 1108 1125 1124
f 1109 1110 1126
f 1109 1126 1125
f 1110 1111 1127
f 1110 1127 1126
f 1111 1112 1128
f 1111 1128 1127
f 1112 1113 1129
f 1112 1129 1128
f 1113 1114 1130
f 1113 1130 1129
f 1114 1099 1115
f 1114 1115 1130
f 1115 1116 1132
f 1115 1132 1131
f 1116 1117 1133
f 1116 1133 1132
f 1117 1118 1134
f 1117 1134 1133
f 1118 1119 1135
f 1118 1135 1134
f 1119 1120 1136
f 1119 1136 1135
f 1120 1121 1137
f 1120 1137 1136
f 1121 1122 1138
f 1121 1138 1137
f 1122 1123 1139
f 1122 1139 1138
f 1123 1124 1140
f 1123 1140 1139
f 1124 1125 1141
f 1124 1141 1140
f 1125 1126 1142
f 1125 1142 1141
f 1126 1127 1143
f 1126 1143 1142
f 1127 1128 1144
f 1127 1144 1143
f 1128 1129 1145
f 1128 1145 1144
f 1129 1130 1146
f 1129 1146 1145
f 1130 1115 1131
f 1130 1131 1146
f 1131 1132 1148
f 1131 1148 1147
f 1132 1133 1149
f 1132 1149 1148
f 1133 1134 1150
f 1133 1150 1149
f 1134 1135 1151
f 1134 1151 1150
f 1135 1136 1152
f 1135 1152 1151
f 1136 1137 1153
f 1136 1153 1152
f 1137 1138 1154
f 1137 1154 1153
f 1138 1139 1155
f 1138 1155 1154
f 1139 1140 1156
f 1139 1156 1155
f 1140 1141 1157
f 1140 1157 1156
f 1141 1142 1158
f 1141 1158 1157
f 1142 1143 1159
f 1142 1159 1158
f 1143 1144 1160
f 1143 1160 1159
f 1144 1145 1161
f 1144 1161 1160
f 1145 1146 1162
f 1145 1162 1161
f 1146 1131 1147
f 1146 1147 1162
f 1147 1148 1164
f 1147 1164 1163
f 1148 1149 1165
f 1148 1165 1164
f 1149 1150 1166
f 1149 1166 1165
f 1150 1151 1167
f 1150 1167 1166
f 1151 1152 1168
f 1151 1168 1167
f 1152 1153 1169
f 1152 1169 1168
f 1153 1154 1170
f 1153 1170 1169
f 1154 1155 1171
f 1154 1171 1170
f 1155 1156 1172
f 1155 1172 1171
f 1156 1157 1173
f 1156 1173 1172
f 1157 1158 1174
f 1157 1174 1173
f 1158 1159 1175
f 1158 1175 1174
f 1159 1160 1176
f 1159 1176 1175
f 1160 1161 1177
f 1160 1177 1176
f 1161 1162 1178
f 1161 1178 1177
f 1162 1147 1163
f 1162 1163 1178
f 1163 1164 1180
f 1163 1180 1179
f 1164 1165 1181
f 1164 1181 1180
f 1165 1166 1182
f 1165 1182 1181
f 1166 1167 1183
f 1166 1183 1182
f 1167 1168 1184
f 1167 1184 1183
f 1168 1169 1185
f 1168 1185 1184
f 1169 1170 1186
f 1169 1186 1185
f 1170 1171 1187
f 1170 1187 1186
f 1171 1172 1188
f 1171 1188 1187
f 1172 1173 1189
f 1172 1189 1188
f 1173 1174 1190
f 1173 1190 1189
f 1174 1175 1191
f 1174 1191 1190
f 1175 1176 1192
f 1175 1192 1191
f 1176 1177 1193
f 1176 1193 1192
f 1177 1178 1194
f 1177 1194 1193
f 1178 1163 1179
f 1178 1179 1194
f 1179 1180 1196
f 1179 1196 1195
f 1180 1181 1197
f 1180 1197 1196
f 1181 1182 1198
f 1181 1198 1197
f 1182 1183 1199
f 1182 1199 1198
f 1183 1184 1200
f 1183 1200 1199
f 1184 1185 1201
f 1184 1201 1200
f 1185 1186 1202
f 1185 1202 1201
f 1186 1187 1203
f 1186 1203 1202
f 1187 1188 1204
f 1187 1204 1203
f 1188 1189 1205
f 1188 1205 1204
f 1189 1190 1206
f 1189 1206 1205
f 1190 1191 1207
f 1190 1207 1206
f 1191 1192 1208
f 1191 1208 1207
f 1192 1193 1209
f 1192 1209 1208
f 1193 1194 1210
f 1193 1210 1209
f 1194 1179 1195
f 1194 1195 1210
f 1195 1196 1212
f 1195 1212 1211
f 1196 1197 1213
f 1196 1213 1212
f 1197 1198 1214
f 1197 1214 1213
f 1198 1199 1215
f 1198 1215 1214
f 1199 1200 1216
f 1199 1216 1215
f 1200 1201 1217
f 1200 1217 1216
f 1201 1202 1218
f 1201 1218 1217
f 1202 1203 1219
f 1202 1219 1218
f 1203 1204 1220
f 1203 1220 1219
f 1204 1205 1221
f 1204 1221 1220
f 1205 1206 1222
f 1205 1222 1221
f 1206 1207 1223
f 1206 1223 1222
f 1207 1208 1224
f 1207 1224 1223
f 1208 1209 1225
f 1208 1225 1224
f 1209 1210 1226
f 1209 1226 1225
f 1210 1195 1211
f 1210 1211 1226
f 1211 1212 1228
f 1211 1228 1227
f 1212 1213 1229
f 1212 1229 1228
f 1213 1214 1230
f 1213 1230 1229
f 1214 1215 1231
f 1214 1231 1230
f 1215 1216 1232
f 1215 1232 1231
f 1216 1217 1233
f 1216 1233 1232
f 1217 1218 1234
f 1217 1234 1233
f 1218 1219 1235
f 1218 1235 1234
f 1219 1220 1236
f 1219 1236 1235
f 1220 1221 1237
f 1220 1237 1236
f 1221 1222 1238
f 1221 1238 1237
f 1222 1223 1239
f 1222 1239 1238
f 1223 1224 1240
f 1223 1240 1239
f 1224 1225 1241
f 1224 1241 1240
f 1225 1226 1242
f 1225 1242 1241
f 1226 1211 1227
f 1226 1227 1242
f 1227 1228 1244
f 1227 1244 1243
f 1228 1229 1245
f 1228 1245 1244
f 1229 1230 1246
f 1229 1246 1245
f 1230 1231 1247
f 1230 1247 1246
f 1231 1232 1248
f 1231 1248 1247
f 1232 1233 1249
f 1232 1249 1248
f 1233 1234 1250
f 1233 1250 1249
f 1234 1235 1251
f 1234 1251 1250
f 1235 1236 1252
f 1235 1252 1251
f 1236 1237 1253
f 1236 1253 1252
f 1237 1238 1254
f 1237 1254 1253
f 1238 1239 1255
f 1238 1255 1254
f 1239 1240 1256
f 1239 1256 1255
f 1240 1241 1257
f 1240 1257 1256
f 1241 1242 1258
f 1241 1258 1257
f 1242 1227 1243
f 1242 1243 1258
f 1243 1244 1260
f 1243 1260 1259
f 1244 1245 1261
f 1244 1261 1260
f 1245 1246 1262
f 1245 1262 1261
f 1246 1247 1263
f 1246 1263 1262
f 1247 1248 1264
f 1247 1264 1263
f 1248 1249 1265
f 1248 1265 1264
f 1249 1250 1266
f 1249 1266 1265
f 1250 1251 1267
f 1250 1267 1266
f 1251 1252 1268
f 1251 1268 1267
f 1252 1253 1269
f 1252 1269 1268
f 1253 1254 1270
f 1253 1270 1269
f 1254 1255 1271
f 1254 1271 1270
f 1255 1256 1272
f 1255 1272 1271
f 1256 1257 1273
f 1256 1273 1272
f 1257 1258 1274
f 1257 1274 1273
f 1258 1243 1259
f 1258 1259 1274
f 1275 876 875
f 1275 877 876
f 1275 878 877
f 1275 879 878
f 1275 880 879
f 1275 881 880
f 1275 882 881
f 1275 883 882
f 1275 884 883
f 1275 885 884
f 1275 886 885
f 1275 887 886
f 1275 888 887
f 1275 889 888
f 1275 890 889
f 1275 875 890
f 1276 1259 1260
f 1276 1260 1261
f 1276 1261 1262
f 1276 1262 1263
f 1276 1263 1264
f 1276 1264 1265
f 1276 1265 1266
f 1276 1266 1267
f 1276 1267 1268
f 1276 1268 1269
f 1276 1269 1270
f 1276 1270 1271
f 1276 1271 1272
f 1276 1272 1273
f 1276 1273 1274
f 1276 1274 1259
o Ilyth_SensorySail_L
usemtl sail_membrane
s 1
v -0.16926 5.82057 1.11113
v -0.16690 5.82057 1.10908
v -0.16455 5.82057 1.10702
v -0.16220 5.82057 1.10496
v -0.15984 5.82057 1.10291
v -0.15749 5.82057 1.10085
v -0.15514 5.82057 1.09879
v -0.42315 5.82184 1.08494
v -0.37714 5.85632 1.04473
v -0.33112 5.87701 1.00452
v -0.28511 5.88391 0.96431
v -0.23910 5.87701 0.92410
v -0.19309 5.85632 0.88389
v -0.14708 5.82184 0.84368
v -0.62913 5.82310 1.01687
v -0.55543 5.88682 0.95247
v -0.48173 5.92505 0.88806
v -0.40803 5.93779 0.82365
v -0.33432 5.92505 0.75925
v -0.26062 5.88682 0.69484
v -0.18692 5.82310 0.63044
v -0.80310 5.82437 0.92083
v -0.71238 5.90762 0.84156
v -0.62166 5.95757 0.76228
v -0.53094 5.97422 0.68300
v -0.44022 5.95757 0.60372
v -0.34950 5.90762 0.52444
v -0.25878 5.82437 0.44517
v -0.94335 5.82564 0.79533
v -0.84685 5.91575 0.71100
v -0.75035 5.96981 0.62667
v -0.65386 5.98784 0.54234
v -0.55736 5.96981 0.45802
v -0.46086 5.91575 0.37369
v -0.36436 5.82564 0.28936
v -1.04893 5.82691 0.63952
v -0.95821 5.91016 0.56025
v -0.86749 5.96011 0.48097
v -0.77677 5.97676 0.40169
v -0.68605 5.96011 0.32241
v -0.59533 5.91016 0.24313
v -0.50461 5.82691 0.16386
v -1.12079 5.82817 0.45425
v -1.04709 5.89189 0.38985
v -0.97339 5.93012 0.32544
v -0.89968 5.94286 0.26104
v -0.82598 5.93012 0.19663
v -0.75228 5.89189 0.13222
v -0.67858 5.82817 0.06782
v -1.16063 5.82944 0.24101
v -1.11462 5.86392 0.20080
v -1.06861 5.88461 0.16059
v -1.02260 5.89151 0.12038
v -0.97659 5.88461 0.08017
v -0.93057 5.86392 0.03996
v -0.88456 5.82944 -0.00025
v -1.15257 5.83071 -0.01410
v -1.15022 5.83071 -0.01616
v -1.14787 5.83071 -0.01822
v -1.14551 5.83071 -0.02027
v -1.14316 5.83071 -0.02233
v -1.14081 5.83071 -0.02439
v -1.13845 5.83071 -0.02644
v -0.16926 5.83273 1.11113
v -0.16690 5.83273 1.10908
v -0.16455 5.83273 1.10702
v -0.16220 5.83273 1.10496
v -0.15984 5.83273 1.10291
v -0.15749 5.83273 1.10085
v -0.15514 5.83273 1.09879
v -0.42315 5.83400 1.08494
v -0.37714 5.86849 1.04473
v -0.33112 5.88918 1.00452
v -0.28511 5.89607 0.96431
v -0.23910 5.88918 0.92410
v -0.19309 5.86849 0.88389
v -0.14708 5.83400 0.84368
v -0.62913 5.83527 1.01687
v -0.55543 5.89899 0.95247
v -0.48173 5.93722 0.88806
v -0.40803 5.94996 0.82365
v -0.33432 5.93722 0.75925
v -0.26062 5.89899 0.69484
v -0.18692 5.83527 0.63044
v -0.80310 5.83654 0.92083
v -0.71238 5.91979 0.84156
v -0.62166 5.96974 0.76228
v -0.53094 5.98639 0.68300
v -0.44022 5.96974 0.60372
v -0.34950 5.91979 0.52444
v -0.25878 5.83654 0.44517
v -0.94335 5.83780 0.79533
v -0.84685 5.92791 0.71100
v -0.75035 5.98198 0.62667
v -0.65386 6.00000 0.54234
v -0.55736 5.98198 0.45802
v -0.46086 5.92791 0.37369
v -0.36436 5.83780 0.28936
v -1.04893 5.83907 0.63952
v -0.95821 5.92232 0.56025
v -0.86749 5.97227 0.48097
v -0.77677 5.98892 0.40169
v -0.68605 5.97227 0.32241
v -0.59533 5.92232 0.24313
v -0.50461 5.83907 0.16386
v -1.12079 5.84034 0.45425
v -1.04709 5.90405 0.38985
v -0.97339 5.94228 0.32544
v -0.89968 5.95503 0.26104
v -0.82598 5.94228 0.19663
v -0.75228 5.90405 0.13222
v -0.67858 5.84034 0.06782
v -1.16063 5.84160 0.24101
v -1.11462 5.87609 0.20080
v -1.06861 5.89678 0.16059
v -1.02260 5.90367 0.12038
v -0.97659 5.89678 0.08017
v -0.93057 5.87609 0.03996
v -0.88456 5.84160 -0.00025
v -1.15257 5.84287 -0.01410
v -1.15022 5.84287 -0.01616
v -1.14787 5.84287 -0.01822
v -1.14551 5.84287 -0.02027
v -1.14316 5.84287 -0.02233
v -1.14081 5.84287 -0.02439
v -1.13845 5.84287 -0.02644
f 1277 1285 1278
f 1277 1284 1285
f 1278 1286 1279
f 1278 1285 1286
f 1279 1287 1280
f 1279 1286 1287
f 1280 1288 1281
f 1280 1287 1288
f 1281 1289 1282
f 1281 1288 1289
f 1282 1290 1283
f 1282 1289 1290
f 1284 1292 1285
f 1284 1291 1292
f 1285 1293 1286
f 1285 1292 1293
f 1286 1294 1287
f 1286 1293 1294
f 1287 1295 1288
f 1287 1294 1295
f 1288 1296 1289
f 1288 1295 1296
f 1289 1297 1290
f 1289 1296 1297
f 1291 1299 1292
f 1291 1298 1299
f 1292 1300 1293
f 1292 1299 1300
f 1293 1301 1294
f 1293 1300 1301
f 1294 1302 1295
f 1294 1301 1302
f 1295 1303 1296
f 1295 1302 1303
f 1296 1304 1297
f 1296 1303 1304
f 1298 1306 1299
f 1298 1305 1306
f 1299 1307 1300
f 1299 1306 1307
f 1300 1308 1301
f 1300 1307 1308
f 1301 1309 1302
f 1301 1308 1309
f 1302 1310 1303
f 1302 1309 1310
f 1303 1311 1304
f 1303 1310 1311
f 1305 1313 1306
f 1305 1312 1313
f 1306 1314 1307
f 1306 1313 1314
f 1307 1315 1308
f 1307 1314 1315
f 1308 1316 1309
f 1308 1315 1316
f 1309 1317 1310
f 1309 1316 1317
f 1310 1318 1311
f 1310 1317 1318
f 1312 1320 1313
f 1312 1319 1320
f 1313 1321 1314
f 1313 1320 1321
f 1314 1322 1315
f 1314 1321 1322
f 1315 1323 1316
f 1315 1322 1323
f 1316 1324 1317
f 1316 1323 1324
f 1317 1325 1318
f 1317 1324 1325
f 1319 1327 1320
f 1319 1326 1327
f 1320 1328 1321
f 1320 1327 1328
f 1321 1329 1322
f 1321 1328 1329
f 1322 1330 1323
f 1322 1329 1330
f 1323 1331 1324
f 1323 1330 1331
f 1324 1332 1325
f 1324 1331 1332
f 1326 1334 1327
f 1326 1333 1334
f 1327 1335 1328
f 1327 1334 1335
f 1328 1336 1329
f 1328 1335 1336
f 1329 1337 1330
f 1329 1336 1337
f 1330 1338 1331
f 1330 1337 1338
f 1331 1339 1332
f 1331 1338 1339
f 1340 1341 1348
f 1340 1348 1347
f 1341 1342 1349
f 1341 1349 1348
f 1342 1343 1350
f 1342 1350 1349
f 1343 1344 1351
f 1343 1351 1350
f 1344 1345 1352
f 1344 1352 1351
f 1345 1346 1353
f 1345 1353 1352
f 1347 1348 1355
f 1347 1355 1354
f 1348 1349 1356
f 1348 1356 1355
f 1349 1350 1357
f 1349 1357 1356
f 1350 1351 1358
f 1350 1358 1357
f 1351 1352 1359
f 1351 1359 1358
f 1352 1353 1360
f 1352 1360 1359
f 1354 1355 1362
f 1354 1362 1361
f 1355 1356 1363
f 1355 1363 1362
f 1356 1357 1364
f 1356 1364 1363
f 1357 1358 1365
f 1357 1365 1364
f 1358 1359 1366
f 1358 1366 1365
f 1359 1360 1367
f 1359 1367 1366
f 1361 1362 1369
f 1361 1369 1368
f 1362 1363 1370
f 1362 1370 1369
f 1363 1364 1371
f 1363 1371 1370
f 1364 1365 1372
f 1364 1372 1371
f 1365 1366 1373
f 1365 1373 1372
f 1366 1367 1374
f 1366 1374 1373
f 1368 1369 1376
f 1368 1376 1375
f 1369 1370 1377
f 1369 1377 1376
f 1370 1371 1378
f 1370 1378 1377
f 1371 1372 1379
f 1371 1379 1378
f 1372 1373 1380
f 1372 1380 1379
f 1373 1374 1381
f 1373 1381 1380
f 1375 1376 1383
f 1375 1383 1382
f 1376 1377 1384
f 1376 1384 1383
f 1377 1378 1385
f 1377 1385 1384
f 1378 1379 1386
f 1378 1386 1385
f 1379 1380 1387
f 1379 1387 1386
f 1380 1381 1388
f 1380 1388 1387
f 1382 1383 1390
f 1382 1390 1389
f 1383 1384 1391
f 1383 1391 1390
f 1384 1385 1392
f 1384 1392 1391
f 1385 1386 1393
f 1385 1393 1392
f 1386 1387 1394
f 1386 1394 1393
f 1387 1388 1395
f 1387 1395 1394
f 1389 1390 1397
f 1389 1397 1396
f 1390 1391 1398
f 1390 1398 1397
f 1391 1392 1399
f 1391 1399 1398
f 1392 1393 1400
f 1392 1400 1399
f 1393 1394 1401
f 1393 1401 1400
f 1394 1395 1402
f 1394 1402 1401
f 1277 1278 1341
f 1277 1341 1340
f 1278 1279 1342
f 1278 1342 1341
f 1279 1280 1343
f 1279 1343 1342
f 1280 1281 1344
f 1280 1344 1343
f 1281 1282 1345
f 1281 1345 1344
f 1282 1283 1346
f 1282 1346 1345
f 1283 1290 1353
f 1283 1353 1346
f 1290 1297 1360
f 1290 1360 1353
f 1297 1304 1367
f 1297 1367 1360
f 1304 1311 1374
f 1304 1374 1367
f 1311 1318 1381
f 1311 1381 1374
f 1318 1325 1388
f 1318 1388 1381
f 1325 1332 1395
f 1325 1395 1388
f 1332 1339 1402
f 1332 1402 1395
f 1339 1338 1401
f 1339 1401 1402
f 1338 1337 1400
f 1338 1400 1401
f 1337 1336 1399
f 1337 1399 1400
f 1336 1335 1398
f 1336 1398 1399
f 1335 1334 1397
f 1335 1397 1398
f 1334 1333 1396
f 1334 1396 1397
f 1333 1326 1389
f 1333 1389 1396
f 1326 1319 1382
f 1326 1382 1389
f 1319 1312 1375
f 1319 1375 1382
f 1312 1305 1368
f 1312 1368 1375
f 1305 1298 1361
f 1305 1361 1368
f 1298 1291 1354
f 1298 1354 1361
f 1291 1284 1347
f 1291 1347 1354
f 1284 1277 1340
f 1284 1340 1347
o Ilyth_SailVein_L0
usemtl sail_vein
s 1
v -0.15661 5.83746 1.10496
v -0.15298 5.83157 1.09873
v -0.15475 5.82280 1.09615
v -0.16089 5.81629 1.09873
v -0.16779 5.81585 1.10496
v -0.17141 5.82174 1.11120
v -0.16964 5.83050 1.11378
v -0.16351 5.83702 1.11120
v -0.25321 5.88745 1.00171
v -0.24941 5.88154 0.99560
v -0.25106 5.87273 0.99306
v -0.25717 5.86618 0.99560
v -0.26417 5.86573 1.00171
v -0.26796 5.87163 1.00783
v -0.26632 5.88044 1.01037
v -0.26021 5.88699 1.00783
v -0.38885 5.95467 0.84890
v -0.38394 5.94880 0.84360
v -0.38462 5.93977 0.84141
v -0.39049 5.93289 0.84360
v -0.39811 5.93217 0.84890
v -0.40301 5.93804 0.85421
v -0.40233 5.94706 0.85640
v -0.39647 5.95395 0.85421
v -0.49559 5.97871 0.65436
v -0.49894 5.97011 0.65557
v -0.50693 5.96655 0.65875
v -0.51489 5.97011 0.66203
v -0.51814 5.97871 0.66349
v -0.51479 5.98731 0.66227
v -0.50679 5.99088 0.65910
v -0.49884 5.98731 0.65582
v -0.56555 5.95093 0.39208
v -0.56877 5.94242 0.39408
v -0.57707 5.93890 0.39638
v -0.58560 5.94242 0.39764
v -0.58935 5.95093 0.39712
v -0.58613 5.95943 0.39513
v -0.57783 5.96296 0.39283
v -0.56930 5.95943 0.39157
v -0.61462 5.89161 0.09122
v -0.61788 5.88317 0.09343
v -0.62626 5.87968 0.09546
v -0.63487 5.88317 0.09611
v -0.63865 5.89161 0.09501
v -0.63539 5.90004 0.09280
v -0.62700 5.90354 0.09077
v -0.61840 5.90004 0.09011
v -0.64689 5.84693 -0.12346
v -0.65016 5.83850 -0.12121
v -0.65856 5.83501 -0.11922
v -0.66717 5.83850 -0.11865
v -0.67095 5.84693 -0.11984
v -0.66769 5.85535 -0.12208
v -0.65929 5.85884 -0.12407
v -0.65068 5.85535 -0.12464
v -0.16220 5.82665 1.10496
v -0.65892 5.84693 -0.12165
f 1403 1404 1412
f 1403 1412 1411
f 1404 1405 1413
f 1404 1413 1412
f 1405 1406 1414
f 1405 1414 1413
f 1406 1407 1415
f 1406 1415 1414
f 1407 1408 1416
f 1407 1416 1415
f 1408 1409 1417
f 1408 1417 1416
f 1409 1410 1418
f 1409 1418 1417
f 1410 1403 1411
f 1410 1411 1418
f 1411 1412 1420
f 1411 1420 1419
f 1412 1413 1421
f 1412 1421 1420
f 1413 1414 1422
f 1413 1422 1421
f 1414 1415 1423
f 1414 1423 1422
f 1415 1416 1424
f 1415 1424 1423
f 1416 1417 1425
f 1416 1425 1424
f 1417 1418 1426
f 1417 1426 1425
f 1418 1411 1419
f 1418 1419 1426
f 1419 1420 1428
f 1419 1428 1427
f 1420 1421 1429
f 1420 1429 1428
f 1421 1422 1430
f 1421 1430 1429
f 1422 1423 1431
f 1422 1431 1430
f 1423 1424 1432
f 1423 1432 1431
f 1424 1425 1433
f 1424 1433 1432
f 1425 1426 1434
f 1425 1434 1433
f 1426 1419 1427
f 1426 1427 1434
f 1427 1428 1436
f 1427 1436 1435
f 1428 1429 1437
f 1428 1437 1436
f 1429 1430 1438
f 1429 1438 1437
f 1430 1431 1439
f 1430 1439 1438
f 1431 1432 1440
f 1431 1440 1439
f 1432 1433 1441
f 1432 1441 1440
f 1433 1434 1442
f 1433 1442 1441
f 1434 1427 1435
f 1434 1435 1442
f 1435 1436 1444
f 1435 1444 1443
f 1436 1437 1445
f 1436 1445 1444
f 1437 1438 1446
f 1437 1446 1445
f 1438 1439 1447
f 1438 1447 1446
f 1439 1440 1448
f 1439 1448 1447
f 1440 1441 1449
f 1440 1449 1448
f 1441 1442 1450
f 1441 1450 1449
f 1442 1435 1443
f 1442 1443 1450
f 1443 1444 1452
f 1443 1452 1451
f 1444 1445 1453
f 1444 1453 1452
f 1445 1446 1454
f 1445 1454 1453
f 1446 1447 1455
f 1446 1455 1454
f 1447 1448 1456
f 1447 1456 1455
f 1448 1449 1457
f 1448 1457 1456
f 1449 1450 1458
f 1449 1458 1457
f 1450 1443 1451
f 1450 1451 1458
f 1459 1404 1403
f 1459 1405 1404
f 1459 1406 1405
f 1459 1407 1406
f 1459 1408 1407
f 1459 1409 1408
f 1459 1410 1409
f 1459 1403 1410
f 1460 1451 1452
f 1460 1452 1453
f 1460 1453 1454
f 1460 1454 1455
f 1460 1455 1456
f 1460 1456 1457
f 1460 1457 1458
f 1460 1458 1451
o Ilyth_SailVein_L1
usemtl sail_vein
s 1
v -0.15632 5.83730 1.10496
v -0.15261 5.83118 1.09901
v -0.15451 5.82241 1.09654
v -0.16092 5.81612 1.09901
v -0.16807 5.81600 1.10496
v -0.17179 5.82212 1.11092
v -0.16988 5.83089 1.11338
v -0.16348 5.83718 1.11092
v -0.24696 5.88733 0.99721
v -0.24310 5.88123 0.99133
v -0.24485 5.87242 0.98889
v -0.25118 5.86605 0.99133
v -0.25840 5.86585 0.99721
v -0.26226 5.87195 1.00309
v -0.26052 5.88076 1.00553
v -0.25418 5.88713 1.00309
v -0.37693 5.95471 0.83989
v -0.37205 5.94891 0.83448
v -0.37269 5.93989 0.83224
v -0.37847 5.93295 0.83448
v -0.38600 5.93213 0.83989
v -0.39087 5.93793 0.84531
v -0.39023 5.94694 0.84755
v -0.38446 5.95389 0.84531
v -0.50649 5.99087 0.65892
v -0.49922 5.98708 0.65452
v -0.49642 5.97839 0.65269
v -0.49975 5.96989 0.65452
v -0.50724 5.96655 0.65892
v -0.51451 5.97034 0.66333
v -0.51731 5.97903 0.66516
v -0.51398 5.98754 0.66333
v -0.62975 5.96233 0.43065
v -0.62136 5.96165 0.42668
v -0.61539 5.95469 0.42504
v -0.61535 5.94553 0.42668
v -0.62126 5.93953 0.43065
v -0.62966 5.94020 0.43461
v -0.63562 5.94716 0.43626
v -0.63566 5.95633 0.43461
v -0.74648 5.90235 0.17872
v -0.73806 5.90279 0.17478
v -0.73122 5.89668 0.17315
v -0.72998 5.88760 0.17478
v -0.73506 5.88087 0.17872
v -0.74349 5.88042 0.18265
v -0.75032 5.88653 0.18428
v -0.75156 5.89561 0.18265
v -0.82703 5.85756 0.00000
v -0.81862 5.85816 -0.00393
v -0.81167 5.85218 -0.00556
v -0.81025 5.84313 -0.00393
v -0.81521 5.83630 -0.00000
v -0.82362 5.83569 0.00393
v -0.83057 5.84167 0.00556
v -0.83199 5.85073 0.00393
v -0.16220 5.82665 1.10496
v -0.82112 5.84693 0.00000
f 1461 1462 1470
f 1461 1470 1469
f 1462 1463 1471
f 1462 1471 1470
f 1463 1464 1472
f 1463 1472 1471
f 1464 1465 1473
f 1464 1473 1472
f 1465 1466 1474
f 1465 1474 1473
f 1466 1467 1475
f 1466 1475 1474
f 1467 1468 1476
f 1467 1476 1475
f 1468 1461 1469
f 1468 1469 1476
f 1469 1470 1478
f 1469 1478 1477
f 1470 1471 1479
f 1470 1479 1478
f 1471 1472 1480
f 1471 1480 1479
f 1472 1473 1481
f 1472 1481 1480
f 1473 1474 1482
f 1473 1482 1481
f 1474 1475 1483
f 1474 1483 1482
f 1475 1476 1484
f 1475 1484 1483
f 1476 1469 1477
f 1476 1477 1484
f 1477 1478 1486
f 1477 1486 1485
f 1478 1479 1487
f 1478 1487 1486
f 1479 1480 1488
f 1479 1488 1487
f 1480 1481 1489
f 1480 1489 1488
f 1481 1482 1490
f 1481 1490 1489
f 1482 1483 1491
f 1482 1491 1490
f 1483 1484 1492
f 1483 1492 1491
f 1484 1477 1485
f 1484 1485 1492
f 1485 1486 1494
f 1485 1494 1493
f 1486 1487 1495
f 1486 1495 1494
f 1487 1488 1496
f 1487 1496 1495
f 1488 1489 1497
f 1488 1497 1496
f 1489 1490 1498
f 1489 1498 1497
f 1490 1491 1499
f 1490 1499 1498
f 1491 1492 1500
f 1491 1500 1499
f 1492 1485 1493
f 1492 1493 1500
f 1493 1494 1502
f 1493 1502 1501
f 1494 1495 1503
f 1494 1503 1502
f 1495 1496 1504
f 1495 1504 1503
f 1496 1497 1505
f 1496 1505 1504
f 1497 1498 1506
f 1497 1506 1505
f 1498 1499 1507
f 1498 1507 1506
f 1499 1500 1508
f 1499 1508 1507
f 1500 1493 1501
f 1500 1501 1508
f 1501 1502 1510
f 1501 1510 1509
f 1502 1503 1511
f 1502 1511 1510
f 1503 1504 1512
f 1503 1512 1511
f 1504 1505 1513
f 1504 1513 1512
f 1505 1506 1514
f 1505 1514 1513
f 1506 1507 1515
f 1506 1515 1514
f 1507 1508 1516
f 1507 1516 1515
f 1508 1501 1509
f 1508 1509 1516
f 1517 1462 1461
f 1517 1463 1462
f 1517 1464 1463
f 1517 1465 1464
f 1517 1466 1465
f 1517 1467 1466
f 1517 1468 1467
f 1517 1461 1468
f 1518 1509 1510
f 1518 1510 1511
f 1518 1511 1512
f 1518 1512 1513
f 1518 1513 1514
f 1518 1514 1515
f 1518 1515 1516
f 1518 1516 1509
o Ilyth_SailVein_L2
usemtl sail_vein
s 1
v -0.15601 5.83712 1.10496
v -0.15224 5.83076 1.09930
v -0.15431 5.82199 1.09696
v -0.16100 5.81595 1.09930
v -0.16839 5.81618 1.10496
v -0.17215 5.82254 1.11063
v -0.17008 5.83131 1.11297
v -0.16339 5.83735 1.11063
v -0.24070 5.88719 0.99270
v -0.23679 5.88089 0.98707
v -0.23867 5.87208 0.98473
v -0.24524 5.86590 0.98707
v -0.25265 5.86599 0.99270
v -0.25656 5.87228 0.99834
v -0.25468 5.88110 1.00068
v -0.24811 5.88727 0.99834
v -0.36500 5.95474 0.83088
v -0.36017 5.94902 0.82536
v -0.36077 5.94001 0.82307
v -0.36645 5.93300 0.82536
v -0.37389 5.93210 0.83088
v -0.37873 5.93782 0.83640
v -0.37813 5.94683 0.83869
v -0.37244 5.95384 0.83640
v -0.50656 5.99087 0.65892
v -0.50005 5.98715 0.65341
v -0.49753 5.97848 0.65113
v -0.50048 5.96995 0.65341
v -0.50716 5.96655 0.65892
v -0.51368 5.97028 0.66444
v -0.51620 5.97894 0.66672
v -0.51325 5.98747 0.66444
v -0.67652 5.96273 0.46669
v -0.66948 5.96082 0.46090
v -0.66484 5.95311 0.45851
v -0.66530 5.94413 0.46090
v -0.67061 5.93913 0.46669
v -0.67765 5.94104 0.47248
v -0.68230 5.94874 0.47487
v -0.68183 5.95773 0.47248
v -0.85878 5.90314 0.26432
v -0.85173 5.90175 0.25841
v -0.84654 5.89442 0.25596
v -0.84625 5.88544 0.25841
v -0.85104 5.88007 0.26432
v -0.85809 5.88146 0.27023
v -0.86328 5.88879 0.27268
v -0.86357 5.89777 0.27023
v -0.98731 5.85842 0.12165
v -0.98026 5.85710 0.11571
v -0.97500 5.84982 0.11326
v -0.97461 5.84085 0.11571
v -0.97932 5.83544 0.12165
v -0.98637 5.83676 0.12758
v -0.99163 5.84403 0.13004
v -0.99202 5.85300 0.12758
v -0.16220 5.82665 1.10496
v -0.98332 5.84693 0.12165
f 1519 1520 1528
f 1519 1528 1527
f 1520 1521 1529
f 1520 1529 1528
f 1521 1522 1530
f 1521 1530 1529
f 1522 1523 1531
f 1522 1531 1530
f 1523 1524 1532
f 1523 1532 1531
f 1524 1525 1533
f 1524 1533 1532
f 1525 1526 1534
f 1525 1534 1533
f 1526 1519 1527
f 1526 1527 1534
f 1527 1528 1536
f 1527 1536 1535
f 1528 1529 1537
f 1528 1537 1536
f 1529 1530 1538
f 1529 1538 1537
f 1530 1531 1539
f 1530 1539 1538
f 1531 1532 1540
f 1531 1540 1539
f 1532 1533 1541
f 1532 1541 1540
f 1533 1534 1542
f 1533 1542 1541
f 1534 1527 1535
f 1534 1535 1542
f 1535 1536 1544
f 1535 1544 1543
f 1536 1537 1545
f 1536 1545 1544
f 1537 1538 1546
f 1537 1546 1545
f 1538 1539 1547
f 1538 1547 1546
f 1539 1540 1548
f 1539 1548 1547
f 1540 1541 1549
f 1540 1549 1548
f 1541 1542 1550
f 1541 1550 1549
f 1542 1535 1543
f 1542 1543 1550
f 1543 1544 1552
f 1543 1552 1551
f 1544 1545 1553
f 1544 1553 1552
f 1545 1546 1554
f 1545 1554 1553
f 1546 1547 1555
f 1546 1555 1554
f 1547 1548 1556
f 1547 1556 1555
f 1548 1549 1557
f 1548 1557 1556
f 1549 1550 1558
f 1549 1558 1557
f 1550 1543 1551
f 1550 1551 1558
f 1551 1552 1560
f 1551 1560 1559
f 1552 1553 1561
f 1552 1561 1560
f 1553 1554 1562
f 1553 1562 1561
f 1554 1555 1563
f 1554 1563 1562
f 1555 1556 1564
f 1555 1564 1563
f 1556 1557 1565
f 1556 1565 1564
f 1557 1558 1566
f 1557 1566 1565
f 1558 1551 1559
f 1558 1559 1566
f 1559 1560 1568
f 1559 1568 1567
f 1560 1561 1569
f 1560 1569 1568
f 1561 1562 1570
f 1561 1570 1569
f 1562 1563 1571
f 1562 1571 1570
f 1563 1564 1572
f 1563 1572 1571
f 1564 1565 1573
f 1564 1573 1572
f 1565 1566 1574
f 1565 1574 1573
f 1566 1559 1567
f 1566 1567 1574
f 1575 1520 1519
f 1575 1521 1520
f 1575 1522 1521
f 1575 1523 1522
f 1575 1524 1523
f 1575 1525 1524
f 1575 1526 1525
f 1575 1519 1526
f 1576 1567 1568
f 1576 1568 1569
f 1576 1569 1570
f 1576 1570 1571
f 1576 1571 1572
f 1576 1572 1573
f 1576 1573 1574
f 1576 1574 1567
o Ilyth_SailVein_L3
usemtl sail_vein
s 1
v -0.15567 5.83692 1.10496
v -0.15190 5.83030 1.09960
v -0.15417 5.82154 1.09739
v -0.16114 5.81578 1.09960
v -0.16873 5.81639 1.10496
v -0.17249 5.82301 1.11032
v -0.17022 5.83176 1.11254
v -0.16325 5.83752 1.11032
v -0.23442 5.88703 0.98820
v -0.23050 5.88053 0.98281
v -0.23253 5.87172 0.98058
v -0.23933 5.86576 0.98281
v -0.24691 5.86615 0.98820
v -0.25084 5.87265 0.99359
v -0.24880 5.88146 0.99582
v -0.24201 5.88741 0.99359
v -0.35308 5.95478 0.82187
v -0.34828 5.94912 0.81624
v -0.34885 5.94012 0.81391
v -0.35444 5.93306 0.81624
v -0.36179 5.93206 0.82187
v -0.36659 5.93772 0.82750
v -0.36602 5.94671 0.82983
v -0.36042 5.95378 0.82750
v -0.50661 5.99087 0.65892
v -0.50102 5.98719 0.65245
v -0.49885 5.97855 0.64977
v -0.50137 5.96999 0.65245
v -0.50712 5.96655 0.65892
v -0.51271 5.97023 0.66539
v -0.51488 5.97888 0.66807
v -0.51235 5.98743 0.66539
v -0.72388 5.96288 0.50273
v -0.71858 5.96026 0.49555
v -0.71506 5.95217 0.49257
v -0.71539 5.94335 0.49555
v -0.71937 5.93897 0.50273
v -0.72467 5.94160 0.50992
v -0.72819 5.94969 0.51290
v -0.72786 5.95851 0.50992
v -0.97195 5.90342 0.34992
v -0.96683 5.90101 0.34253
v -0.96301 5.89309 0.33947
v -0.96273 5.88430 0.34253
v -0.96615 5.87979 0.34992
v -0.97127 5.88220 0.35732
v -0.97509 5.89013 0.36038
v -0.97537 5.89891 0.35732
v -1.14850 5.85872 0.24329
v -1.14341 5.85633 0.23587
v -1.13955 5.84844 0.23280
v -1.13919 5.83966 0.23587
v -1.14253 5.83513 0.24329
v -1.14762 5.83752 0.25072
v -1.15147 5.84542 0.25379
v -1.15184 5.85420 0.25072
v -0.16220 5.82665 1.10496
v -1.14551 5.84693 0.24329
f 1577 1578 1586
f 1577 1586 1585
f 1578 1579 1587
f 1578 1587 1586
f 1579 1580 1588
f 1579 1588 1587
f 1580 1581 1589
f 1580 1589 1588
f 1581 1582 1590
f 1581 1590 1589
f 1582 1583 1591
f 1582 1591 1590
f 1583 1584 1592
f 1583 1592 1591
f 1584 1577 1585
f 1584 1585 1592
f 1585 1586 1594
f 1585 1594 1593
f 1586 1587 1595
f 1586 1595 1594
f 1587 1588 1596
f 1587 1596 1595
f 1588 1589 1597
f 1588 1597 1596
f 1589 1590 1598
f 1589 1598 1597
f 1590 1591 1599
f 1590 1599 1598
f 1591 1592 1600
f 1591 1600 1599
f 1592 1585 1593
f 1592 1593 1600
f 1593 1594 1602
f 1593 1602 1601
f 1594 1595 1603
f 1594 1603 1602
f 1595 1596 1604
f 1595 1604 1603
f 1596 1597 1605
f 1596 1605 1604
f 1597 1598 1606
f 1597 1606 1605
f 1598 1599 1607
f 1598 1607 1606
f 1599 1600 1608
f 1599 1608 1607
f 1600 1593 1601
f 1600 1601 1608
f 1601 1602 1610
f 1601 1610 1609
f 1602 1603 1611
f 1602 1611 1610
f 1603 1604 1612
f 1603 1612 1611
f 1604 1605 1613
f 1604 1613 1612
f 1605 1606 1614
f 1605 1614 1613
f 1606 1607 1615
f 1606 1615 1614
f 1607 1608 1616
f 1607 1616 1615
f 1608 1601 1609
f 1608 1609 1616
f 1609 1610 1618
f 1609 1618 1617
f 1610 1611 1619
f 1610 1619 1618
f 1611 1612 1620
f 1611 1620 1619
f 1612 1613 1621
f 1612 1621 1620
f 1613 1614 1622
f 1613 1622 1621
f 1614 1615 1623
f 1614 1623 1622
f 1615 1616 1624
f 1615 1624 1623
f 1616 1609 1617
f 1616 1617 1624
f 1617 1618 1626
f 1617 1626 1625
f 1618 1619 1627
f 1618 1627 1626
f 1619 1620 1628
f 1619 1628 1627
f 1620 1621 1629
f 1620 1629 1628
f 1621 1622 1630
f 1621 1630 1629
f 1622 1623 1631
f 1622 1631 1630
f 1623 1624 1632
f 1623 1632 1631
f 1624 1617 1625
f 1624 1625 1632
f 1633 1578 1577
f 1633 1579 1578
f 1633 1580 1579
f 1633 1581 1580
f 1633 1582 1581
f 1633 1583 1582
f 1633 1584 1583
f 1633 1577 1584
f 1634 1625 1626
f 1634 1626 1627
f 1634 1627 1628
f 1634 1628 1629
f 1634 1629 1630
f 1634 1630 1631
f 1634 1631 1632
f 1634 1632 1625
o Ilyth_Limb_L_Rear
usemtl living_pearl
s 1
v -0.52565 5.29429 -0.65892
v -0.47340 5.31321 -0.79885
v -0.38122 5.29043 -0.90129
v -0.27382 5.23205 -0.93878
v -0.17996 5.15373 -0.90129
v -0.12481 5.07644 -0.79885
v -0.12313 5.02089 -0.65892
v -0.17539 5.00197 -0.51899
v -0.26756 5.02475 -0.41656
v -0.37497 5.08313 -0.37906
v -0.46882 5.16145 -0.41656
v -0.52398 5.23875 -0.51899
v -0.69896 5.04915 -0.75504
v -0.64687 5.06691 -0.89201
v -0.55335 5.04274 -0.99228
v -0.44348 4.98310 -1.02898
v -0.34669 4.90398 -0.99228
v -0.28891 4.82658 -0.89201
v -0.28563 4.77163 -0.75504
v -0.33773 4.75387 -0.61807
v -0.43124 4.77805 -0.51780
v -0.54111 4.83769 -0.48110
v -0.63791 4.91681 -0.51780
v -0.69568 4.99421 -0.61807
v -0.94207 4.69596 -0.88833
v -0.89164 4.71251 -1.02120
v -0.79639 4.68868 -1.11846
v -0.68186 4.63085 -1.15407
v -0.57873 4.55453 -1.11846
v -0.51462 4.48016 -1.02120
v -0.50673 4.42767 -0.88833
v -0.55717 4.41113 -0.75546
v -0.65241 4.43496 -0.65819
v -0.76695 4.49279 -0.62259
v -0.87008 4.56911 -0.65819
v -0.93418 4.64348 -0.75546
v -1.13307 4.34980 -0.99345
v -1.08873 4.36542 -1.12116
v -0.99440 4.34883 -1.21465
v -0.87538 4.30449 -1.24887
v -0.76355 4.24427 -1.21465
v -0.68887 4.18431 -1.12116
v -0.67136 4.14067 -0.99345
v -0.71571 4.12506 -0.86575
v -0.81003 4.14164 -0.77226
v -0.92906 4.18598 -0.73804
v -1.04089 4.24620 -0.77226
v -1.11556 4.30616 -0.86575
v -1.19802 4.06990 -1.03776
v -1.16382 4.08154 -1.15755
v -1.07674 4.07865 -1.24525
v -0.96012 4.06201 -1.27734
v -0.84521 4.03607 -1.24525
v -0.76280 4.00779 -1.15755
v -0.73497 3.98474 -1.03776
v -0.76918 3.97310 -0.91796
v -0.85626 3.97599 -0.83027
v -0.97288 3.99263 -0.79817
v -1.08779 4.01857 -0.83027
v -1.17020 4.04685 -0.91796
v -1.18447 3.85415 -1.05390
v -1.15601 3.86215 -1.16159
v -1.07945 3.86459 -1.24043
v -0.97529 3.86082 -1.26929
v -0.87146 3.85184 -1.24043
v -0.79577 3.84006 -1.16159
v -0.76850 3.82864 -1.05390
v -0.79696 3.82064 -0.94621
v -0.87352 3.81820 -0.86737
v -0.97767 3.82198 -0.83852
v -1.08151 3.83095 -0.86737
v -1.15720 3.84273 -0.94621
v -1.17283 3.64047 -1.07455
v -1.14732 3.64901 -1.17020
v -1.08003 3.64999 -1.24022
v -0.98900 3.64314 -1.26584
v -0.89862 3.63030 -1.24022
v -0.83311 3.61491 -1.17020
v -0.81002 3.60109 -1.07455
v -0.83554 3.59255 -0.97891
v -0.90283 3.59157 -0.90889
v -0.99385 3.59842 -0.88326
v -1.08423 3.61126 -0.90889
v -1.14974 3.62665 -0.97891
v -1.18875 3.36199 -1.11322
v -1.16599 3.37053 -1.19879
v -1.10703 3.37083 -1.26143
v -1.02769 3.36281 -1.28436
v -0.94921 3.34862 -1.26143
v -0.89262 3.33207 -1.19879
v -0.87310 3.31758 -1.11322
v -0.89586 3.30905 -1.02766
v -0.95482 3.30875 -0.96501
v -1.03416 3.31677 -0.94209
v -1.11264 3.33096 -0.96501
v -1.16923 3.34751 -1.02766
v -1.21140 3.04367 -1.15640
v -1.19180 3.05059 -1.23333
v -1.14101 3.05041 -1.28965
v -1.07263 3.04318 -1.31026
v -1.00499 3.03084 -1.28965
v -0.95621 3.01670 -1.23333
v -0.93936 3.00454 -1.15640
v -0.95896 2.99762 -1.07947
v -1.00975 2.99780 -1.02315
v -1.07812 3.00503 -1.00254
v -1.14576 3.01737 -1.02315
v -1.19454 3.03151 -1.07947
v -1.24551 2.70235 -1.19620
v -1.22839 2.70655 -1.26684
v -1.18363 2.70473 -1.31855
v -1.12322 2.69739 -1.33748
v -1.06336 2.68648 -1.31855
v -1.02007 2.67493 -1.26684
v -1.00497 2.66584 -1.19620
v -1.02209 2.66164 -1.12556
v -1.06685 2.66345 -1.07384
v -1.12726 2.67080 -1.05492
v -1.18712 2.68171 -1.07384
v -1.23040 2.69325 -1.12556
v -1.30120 2.31684 -1.22626
v -1.28495 2.31912 -1.29442
v -1.24205 2.31589 -1.34432
v -1.18400 2.30800 -1.36258
v -1.12635 2.29758 -1.34432
v -1.08455 2.28740 -1.29442
v -1.06980 2.28020 -1.22626
v -1.08605 2.27792 -1.15809
v -1.12895 2.28115 -1.10819
v -1.18700 2.28903 -1.08993
v -1.24465 2.29946 -1.10819
v -1.28645 2.30964 -1.15809
v -1.36853 1.90724 -1.25293
v -1.35197 1.91000 -1.32068
v -1.30840 1.90702 -1.37028
v -1.24950 1.89912 -1.38843
v -1.19104 1.88840 -1.37028
v -1.14869 1.87774 -1.32068
v -1.13380 1.86999 -1.25293
v -1.15036 1.86724 -1.18518
v -1.19393 1.87021 -1.13559
v -1.25283 1.87812 -1.11743
v -1.31129 1.88884 -1.13559
v -1.35364 1.89950 -1.18518
v -1.42296 1.54603 -1.28744
v -1.40622 1.55216 -1.35277
v -1.36309 1.55193 -1.40059
v -1.30512 1.54541 -1.41810
v -1.24785 1.53435 -1.40059
v -1.20661 1.52170 -1.35277
v -1.19247 1.51086 -1.28744
v -1.20920 1.50473 -1.22210
v -1.25233 1.50495 -1.17428
v -1.31030 1.51147 -1.15677
v -1.36757 1.52254 -1.17428
v -1.40881 1.53519 -1.22210
v -1.45069 1.26920 -1.33720
v -1.43517 1.27948 -1.39522
v -1.39627 1.28307 -1.43769
v -1.34441 1.27900 -1.45323
v -1.29350 1.26836 -1.43769
v -1.25717 1.25401 -1.39522
v -1.24516 1.23978 -1.33720
v -1.26068 1.22950 -1.27919
v -1.29958 1.22592 -1.23671
v -1.35143 1.22999 -1.22117
v -1.40234 1.24062 -1.23671
v -1.43867 1.25498 -1.27919
v -1.46529 1.04222 -1.39480
v -1.45200 1.05314 -1.44427
v -1.41915 1.05792 -1.48049
v -1.37554 1.05530 -1.49375
v -1.33287 1.04597 -1.48049
v -1.30255 1.03243 -1.44427
v -1.29273 1.01832 -1.39480
v -1.30602 1.00740 -1.34532
v -1.33887 1.00262 -1.30910
v -1.38248 1.00524 -1.29585
v -1.42515 1.01457 -1.30910
v -1.45546 1.02811 -1.34532
v -1.48336 0.83090 -1.44913
v -1.47179 0.84006 -1.49348
v -1.44315 0.84394 -1.52594
v -1.40511 0.84150 -1.53783
v -1.36786 0.83339 -1.52594
v -1.34138 0.82179 -1.49348
v -1.33278 0.80980 -1.44913
v -1.34434 0.80064 -1.40477
v -1.37299 0.79676 -1.37231
v -1.41103 0.79921 -1.36042
v -1.44828 0.80732 -1.37231
v -1.47476 0.81892 -1.40477
v -1.51511 0.60691 -1.50030
v -1.50361 0.61544 -1.54479
v -1.47503 0.61883 -1.57737
v -1.43701 0.61616 -1.58929
v -1.39975 0.60816 -1.57737
v -1.37323 0.59696 -1.54479
v -1.36456 0.58557 -1.50030
v -1.37605 0.57704 -1.45580
v -1.40464 0.57366 -1.42323
v -1.44266 0.57632 -1.41131
v -1.47992 0.58433 -1.42323
v -1.50644 0.59552 -1.45580
v -1.55042 0.39790 -1.54821
v -1.53809 0.40694 -1.59545
v -1.50740 0.41049 -1.63003
v -1.46657 0.40759 -1.64269
v -1.42655 0.39903 -1.63003
v -1.39805 0.38709 -1.59545
v -1.38872 0.37498 -1.54821
v -1.40105 0.36594 -1.50097
v -1.43174 0.36239 -1.46638
v -1.47257 0.36529 -1.45373
v -1.51259 0.37385 -1.46638
v -1.54109 0.38579 -1.50097
v -1.57550 0.25310 -1.58142
v -1.56250 0.26255 -1.63086
v -1.53012 0.26622 -1.66705
v -1.48704 0.26314 -1.68029
v -1.44481 0.25413 -1.66705
v -1.41473 0.24160 -1.63086
v -1.40487 0.22892 -1.58142
v -1.41787 0.21947 -1.53198
v -1.45024 0.21579 -1.49579
v -1.49332 0.21887 -1.48254
v -1.53556 0.22788 -1.49579
v -1.56563 0.24041 -1.53198
v -0.32439 5.15759 -0.65892
v -1.49018 0.24101 -1.58142
f 1635 1636 1648
f 1635 1648 1647
f 1636 1637 1649
f 1636 1649 1648
f 1637 1638 1650
f 1637 1650 1649
f 1638 1639 1651
f 1638 1651 1650
f 1639 1640 1652
f 1639 1652 1651
f 1640 1641 1653
f 1640 1653 1652
f 1641 1642 1654
f 1641 1654 1653
f 1642 1643 1655
f 1642 1655 1654
f 1643 1644 1656
f 1643 1656 1655
f 1644 1645 1657
f 1644 1657 1656
f 1645 1646 1658
f 1645 1658 1657
f 1646 1635 1647
f 1646 1647 1658
f 1647 1648 1660
f 1647 1660 1659
f 1648 1649 1661
f 1648 1661 1660
f 1649 1650 1662
f 1649 1662 1661
f 1650 1651 1663
f 1650 1663 1662
f 1651 1652 1664
f 1651 1664 1663
f 1652 1653 1665
f 1652 1665 1664
f 1653 1654 1666
f 1653 1666 1665
f 1654 1655 1667
f 1654 1667 1666
f 1655 1656 1668
f 1655 1668 1667
f 1656 1657 1669
f 1656 1669 1668
f 1657 1658 1670
f 1657 1670 1669
f 1658 1647 1659
f 1658 1659 1670
f 1659 1660 1672
f 1659 1672 1671
f 1660 1661 1673
f 1660 1673 1672
f 1661 1662 1674
f 1661 1674 1673
f 1662 1663 1675
f 1662 1675 1674
f 1663 1664 1676
f 1663 1676 1675
f 1664 1665 1677
f 1664 1677 1676
f 1665 1666 1678
f 1665 1678 1677
f 1666 1667 1679
f 1666 1679 1678
f 1667 1668 1680
f 1667 1680 1679
f 1668 1669 1681
f 1668 1681 1680
f 1669 1670 1682
f 1669 1682 1681
f 1670 1659 1671
f 1670 1671 1682
f 1671 1672 1684
f 1671 1684 1683
f 1672 1673 1685
f 1672 1685 1684
f 1673 1674 1686
f 1673 1686 1685
f 1674 1675 1687
f 1674 1687 1686
f 1675 1676 1688
f 1675 1688 1687
f 1676 1677 1689
f 1676 1689 1688
f 1677 1678 1690
f 1677 1690 1689
f 1678 1679 1691
f 1678 1691 1690
f 1679 1680 1692
f 1679 1692 1691
f 1680 1681 1693
f 1680 1693 1692
f 1681 1682 1694
f 1681 1694 1693
f 1682 1671 1683
f 1682 1683 1694
f 1683 1684 1696
f 1683 1696 1695
f 1684 1685 1697
f 1684 1697 1696
f 1685 1686 1698
f 1685 1698 1697
f 1686 1687 1699
f 1686 1699 1698
f 1687 1688 1700
f 1687 1700 1699
f 1688 1689 1701
f 1688 1701 1700
f 1689 1690 1702
f 1689 1702 1701
f 1690 1691 1703
f 1690 1703 1702
f 1691 1692 1704
f 1691 1704 1703
f 1692 1693 1705
f 1692 1705 1704
f 1693 1694 1706
f 1693 1706 1705
f 1694 1683 1695
f 1694 1695 1706
f 1695 1696 1708
f 1695 1708 1707
f 1696 1697 1709
f 1696 1709 1708
f 1697 1698 1710
f 1697 1710 1709
f 1698 1699 1711
f 1698 1711 1710
f 1699 1700 1712
f 1699 1712 1711
f 1700 1701 1713
f 1700 1713 1712
f 1701 1702 1714
f 1701 1714 1713
f 1702 1703 1715
f 1702 1715 1714
f 1703 1704 1716
f 1703 1716 1715
f 1704 1705 1717
f 1704 1717 1716
f 1705 1706 1718
f 1705 1718 1717
f 1706 1695 1707
f 1706 1707 1718
f 1707 1708 1720
f 1707 1720 1719
f 1708 1709 1721
f 1708 1721 1720
f 1709 1710 1722
f 1709 1722 1721
f 1710 1711 1723
f 1710 1723 1722
f 1711 1712 1724
f 1711 1724 1723
f 1712 1713 1725
f 1712 1725 1724
f 1713 1714 1726
f 1713 1726 1725
f 1714 1715 1727
f 1714 1727 1726
f 1715 1716 1728
f 1715 1728 1727
f 1716 1717 1729
f 1716 1729 1728
f 1717 1718 1730
f 1717 1730 1729
f 1718 1707 1719
f 1718 1719 1730
f 1719 1720 1732
f 1719 1732 1731
f 1720 1721 1733
f 1720 1733 1732
f 1721 1722 1734
f 1721 1734 1733
f 1722 1723 1735
f 1722 1735 1734
f 1723 1724 1736
f 1723 1736 1735
f 1724 1725 1737
f 1724 1737 1736
f 1725 1726 1738
f 1725 1738 1737
f 1726 1727 1739
f 1726 1739 1738
f 1727 1728 1740
f 1727 1740 1739
f 1728 1729 1741
f 1728 1741 1740
f 1729 1730 1742
f 1729 1742 1741
f 1730 1719 1731
f 1730 1731 1742
f 1731 1732 1744
f 1731 1744 1743
f 1732 1733 1745
f 1732 1745 1744
f 1733 1734 1746
f 1733 1746 1745
f 1734 1735 1747
f 1734 1747 1746
f 1735 1736 1748
f 1735 1748 1747
f 1736 1737 1749
f 1736 1749 1748
f 1737 1738 1750
f 1737 1750 1749
f 1738 1739 1751
f 1738 1751 1750
f 1739 1740 1752
f 1739 1752 1751
f 1740 1741 1753
f 1740 1753 1752
f 1741 1742 1754
f 1741 1754 1753
f 1742 1731 1743
f 1742 1743 1754
f 1743 1744 1756
f 1743 1756 1755
f 1744 1745 1757
f 1744 1757 1756
f 1745 1746 1758
f 1745 1758 1757
f 1746 1747 1759
f 1746 1759 1758
f 1747 1748 1760
f 1747 1760 1759
f 1748 1749 1761
f 1748 1761 1760
f 1749 1750 1762
f 1749 1762 1761
f 1750 1751 1763
f 1750 1763 1762
f 1751 1752 1764
f 1751 1764 1763
f 1752 1753 1765
f 1752 1765 1764
f 1753 1754 1766
f 1753 1766 1765
f 1754 1743 1755
f 1754 1755 1766
f 1755 1756 1768
f 1755 1768 1767
f 1756 1757 1769
f 1756 1769 1768
f 1757 1758 1770
f 1757 1770 1769
f 1758 1759 1771
f 1758 1771 1770
f 1759 1760 1772
f 1759 1772 1771
f 1760 1761 1773
f 1760 1773 1772
f 1761 1762 1774
f 1761 1774 1773
f 1762 1763 1775
f 1762 1775 1774
f 1763 1764 1776
f 1763 1776 1775
f 1764 1765 1777
f 1764 1777 1776
f 1765 1766 1778
f 1765 1778 1777
f 1766 1755 1767
f 1766 1767 1778
f 1767 1768 1780
f 1767 1780 1779
f 1768 1769 1781
f 1768 1781 1780
f 1769 1770 1782
f 1769 1782 1781
f 1770 1771 1783
f 1770 1783 1782
f 1771 1772 1784
f 1771 1784 1783
f 1772 1773 1785
f 1772 1785 1784
f 1773 1774 1786
f 1773 1786 1785
f 1774 1775 1787
f 1774 1787 1786
f 1775 1776 1788
f 1775 1788 1787
f 1776 1777 1789
f 1776 1789 1788
f 1777 1778 1790
f 1777 1790 1789
f 1778 1767 1779
f 1778 1779 1790
f 1779 1780 1792
f 1779 1792 1791
f 1780 1781 1793
f 1780 1793 1792
f 1781 1782 1794
f 1781 1794 1793
f 1782 1783 1795
f 1782 1795 1794
f 1783 1784 1796
f 1783 1796 1795
f 1784 1785 1797
f 1784 1797 1796
f 1785 1786 1798
f 1785 1798 1797
f 1786 1787 1799
f 1786 1799 1798
f 1787 1788 1800
f 1787 1800 1799
f 1788 1789 1801
f 1788 1801 1800
f 1789 1790 1802
f 1789 1802 1801
f 1790 1779 1791
f 1790 1791 1802
f 1791 1792 1804
f 1791 1804 1803
f 1792 1793 1805
f 1792 1805 1804
f 1793 1794 1806
f 1793 1806 1805
f 1794 1795 1807
f 1794 1807 1806
f 1795 1796 1808
f 1795 1808 1807
f 1796 1797 1809
f 1796 1809 1808
f 1797 1798 1810
f 1797 1810 1809
f 1798 1799 1811
f 1798 1811 1810
f 1799 1800 1812
f 1799 1812 1811
f 1800 1801 1813
f 1800 1813 1812
f 1801 1802 1814
f 1801 1814 1813
f 1802 1791 1803
f 1802 1803 1814
f 1803 1804 1816
f 1803 1816 1815
f 1804 1805 1817
f 1804 1817 1816
f 1805 1806 1818
f 1805 1818 1817
f 1806 1807 1819
f 1806 1819 1818
f 1807 1808 1820
f 1807 1820 1819
f 1808 1809 1821
f 1808 1821 1820
f 1809 1810 1822
f 1809 1822 1821
f 1810 1811 1823
f 1810 1823 1822
f 1811 1812 1824
f 1811 1824 1823
f 1812 1813 1825
f 1812 1825 1824
f 1813 1814 1826
f 1813 1826 1825
f 1814 1803 1815
f 1814 1815 1826
f 1815 1816 1828
f 1815 1828 1827
f 1816 1817 1829
f 1816 1829 1828
f 1817 1818 1830
f 1817 1830 1829
f 1818 1819 1831
f 1818 1831 1830
f 1819 1820 1832
f 1819 1832 1831
f 1820 1821 1833
f 1820 1833 1832
f 1821 1822 1834
f 1821 1834 1833
f 1822 1823 1835
f 1822 1835 1834
f 1823 1824 1836
f 1823 1836 1835
f 1824 1825 1837
f 1824 1837 1836
f 1825 1826 1838
f 1825 1838 1837
f 1826 1815 1827
f 1826 1827 1838
f 1827 1828 1840
f 1827 1840 1839
f 1828 1829 1841
f 1828 1841 1840
f 1829 1830 1842
f 1829 1842 1841
f 1830 1831 1843
f 1830 1843 1842
f 1831 1832 1844
f 1831 1844 1843
f 1832 1833 1845
f 1832 1845 1844
f 1833 1834 1846
f 1833 1846 1845
f 1834 1835 1847
f 1834 1847 1846
f 1835 1836 1848
f 1835 1848 1847
f 1836 1837 1849
f 1836 1849 1848
f 1837 1838 1850
f 1837 1850 1849
f 1838 1827 1839
f 1838 1839 1850
f 1839 1840 1852
f 1839 1852 1851
f 1840 1841 1853
f 1840 1853 1852
f 1841 1842 1854
f 1841 1854 1853
f 1842 1843 1855
f 1842 1855 1854
f 1843 1844 1856
f 1843 1856 1855
f 1844 1845 1857
f 1844 1857 1856
f 1845 1846 1858
f 1845 1858 1857
f 1846 1847 1859
f 1846 1859 1858
f 1847 1848 1860
f 1847 1860 1859
f 1848 1849 1861
f 1848 1861 1860
f 1849 1850 1862
f 1849 1862 1861
f 1850 1839 1851
f 1850 1851 1862
f 1863 1636 1635
f 1863 1637 1636
f 1863 1638 1637
f 1863 1639 1638
f 1863 1640 1639
f 1863 1641 1640
f 1863 1642 1641
f 1863 1643 1642
f 1863 1644 1643
f 1863 1645 1644
f 1863 1646 1645
f 1863 1635 1646
f 1864 1851 1852
f 1864 1852 1853
f 1864 1853 1854
f 1864 1854 1855
f 1864 1855 1856
f 1864 1856 1857
f 1864 1857 1858
f 1864 1858 1859
f 1864 1859 1860
f 1864 1860 1861
f 1864 1861 1862
f 1864 1862 1851
o Ilyth_Shoulder_L_Rear
usemtl grown_mineral
s 1
v -0.93415 3.87029 -0.99345
v -0.93442 3.87029 -0.99588
v -0.93519 3.87029 -0.99793
v -0.93634 3.87029 -0.99931
v -0.93770 3.87029 -0.99979
v -0.93906 3.87029 -0.99931
v -0.94021 3.87029 -0.99793
v -0.94098 3.87029 -0.99588
v -0.94125 3.87029 -0.99345
v -0.94098 3.87029 -0.99103
v -0.94021 3.87029 -0.98897
v -0.93906 3.87029 -0.98760
v -0.93770 3.87029 -0.98712
v -0.93634 3.87029 -0.98760
v -0.93519 3.87029 -0.98897
v -0.93442 3.87029 -0.99103
v -0.92005 3.87751 -0.99345
v -0.92139 3.87751 -1.00552
v -0.92522 3.87751 -1.01575
v -0.93094 3.87751 -1.02258
v -0.93770 3.87751 -1.02498
v -0.94445 3.87751 -1.02258
v -0.95018 3.87751 -1.01575
v -0.95401 3.87751 -1.00552
v -0.95535 3.87751 -0.99345
v -0.95401 3.87751 -0.98139
v -0.95018 3.87751 -0.97116
v -0.94445 3.87751 -0.96433
v -0.93770 3.87751 -0.96193
v -0.93094 3.87751 -0.96433
v -0.92522 3.87751 -0.97116
v -0.92139 3.87751 -0.98139
v -0.90003 3.88875 -0.99345
v -0.90289 3.88875 -1.01920
v -0.91106 3.88875 -1.04102
v -0.92328 3.88875 -1.05560
v -0.93770 3.88875 -1.06073
v -0.95212 3.88875 -1.05560
v -0.96434 3.88875 -1.04102
v -0.97250 3.88875 -1.01920
v -0.97537 3.88875 -0.99345
v -0.97250 3.88875 -0.96771
v -0.96434 3.88875 -0.94589
v -0.95212 3.88875 -0.93130
v -0.93770 3.88875 -0.92618
v -0.92328 3.88875 -0.93130
v -0.91106 3.88875 -0.94589
v -0.90289 3.88875 -0.96771
v -0.88094 3.90654 -0.99345
v -0.88526 3.90654 -1.03224
v -0.89756 3.90654 -1.06512
v -0.91598 3.90654 -1.08710
v -0.93770 3.90654 -1.09481
v -0.95942 3.90654 -1.08710
v -0.97783 3.90654 -1.06512
v -0.99014 3.90654 -1.03224
v -0.99446 3.90654 -0.99345
v -0.99014 3.90654 -0.95467
v -0.97783 3.90654 -0.92178
v -0.95942 3.90654 -0.89981
v -0.93770 3.90654 -0.89210
v -0.91598 3.90654 -0.89981
v -0.89756 3.90654 -0.92178
v -0.88526 3.90654 -0.95467
v -0.86482 3.93223 -0.99345
v -0.87036 3.93223 -1.04326
v -0.88616 3.93223 -1.08548
v -0.90981 3.93223 -1.11369
v -0.93770 3.93223 -1.12360
v -0.96559 3.93223 -1.11369
v -0.98923 3.93223 -1.08548
v -1.00503 3.93223 -1.04326
v -1.01058 3.93223 -0.99345
v -1.00503 3.93223 -0.94365
v -0.98923 3.93223 -0.90143
v -0.96559 3.93223 -0.87321
v -0.93770 3.93223 -0.86331
v -0.90981 3.93223 -0.87321
v -0.88616 3.93223 -0.90143
v -0.87036 3.93223 -0.94365
v -0.84963 3.96447 -0.99345
v -0.85633 3.96447 -1.05364
v -0.87542 3.96447 -1.10466
v -0.90399 3.96447 -1.13876
v -0.93770 3.96447 -1.15073
v -0.97140 3.96447 -1.13876
v -0.99998 3.96447 -1.10466
v -1.01907 3.96447 -1.05364
v -1.02577 3.96447 -0.99345
v -1.01907 3.96447 -0.93327
v -0.99998 3.96447 -0.88224
v -0.97140 3.96447 -0.84815
v -0.93770 3.96447 -0.83618
v -0.90399 3.96447 -0.84815
v -0.87542 3.96447 -0.88224
v -0.85633 3.96447 -0.93327
v -0.83610 4.00171 -0.99345
v -0.84383 4.00171 -1.06288
v -0.86586 4.00171 -1.12174
v -0.89882 4.00171 -1.16107
v -0.93770 4.00171 -1.17488
v -0.97658 4.00171 -1.16107
v -1.00954 4.00171 -1.12174
v -1.03157 4.00171 -1.06288
v -1.03930 4.00171 -0.99345
v -1.03157 4.00171 -0.92402
v -1.00954 4.00171 -0.86516
v -0.97658 4.00171 -0.82584
v -0.93770 4.00171 -0.81202
v -0.89882 4.00171 -0.82584
v -0.86586 4.00171 -0.86516
v -0.84383 4.00171 -0.92402
v -0.82432 4.04417 -0.99345
v -0.83295 4.04417 -1.07093
v -0.85753 4.04417 -1.13662
v -0.89431 4.04417 -1.18051
v -0.93770 4.04417 -1.19592
v -0.98109 4.04417 -1.18051
v -1.01787 4.04417 -1.13662
v -1.04245 4.04417 -1.07093
v -1.05108 4.04417 -0.99345
v -1.04245 4.04417 -0.91597
v -1.01787 4.04417 -0.85029
v -0.98109 4.04417 -0.80640
v -0.93770 4.04417 -0.79099
v -0.89431 4.04417 -0.80640
v -0.85753 4.04417 -0.85029
v -0.83295 4.04417 -0.91597
v -0.81420 4.09162 -0.99345
v -0.82360 4.09162 -1.07785
v -0.85037 4.09162 -1.14939
v -0.89044 4.09162 -1.19719
v -0.93770 4.09162 -1.21398
v -0.98496 4.09162 -1.19719
v -1.02502 4.09162 -1.14939
v -1.05179 4.09162 -1.07785
v -1.06119 4.09162 -0.99345
v -1.05179 4.09162 -0.90906
v -1.02502 4.09162 -0.83752
v -0.98496 4.09162 -0.78971
v -0.93770 4.09162 -0.77293
v -0.89044 4.09162 -0.78971
v -0.85037 4.09162 -0.83752
v -0.82360 4.09162 -0.90906
v -0.80624 4.14177 -0.99345
v -0.81625 4.14177 -1.08329
v -0.84475 4.14177 -1.15944
v -0.88739 4.14177 -1.21033
v -0.93770 4.14177 -1.22820
v -0.98800 4.14177 -1.21033
v -1.03065 4.14177 -1.15944
v -1.05915 4.14177 -1.08329
v -1.06915 4.14177 -0.99345
v -1.05915 4.14177 -0.90362
v -1.03065 4.14177 -0.82747
v -0.98800 4.14177 -0.77658
v -0.93770 4.14177 -0.75871
v -0.88739 4.14177 -0.77658
v -0.84475 4.14177 -0.82747
v -0.81625 4.14177 -0.90362
v -0.80054 4.19474 -0.99345
v -0.81098 4.19474 -1.08718
v -0.84072 4.19474 -1.16664
v -0.88521 4.19474 -1.21973
v -0.93770 4.19474 -1.23838
v -0.99019 4.19474 -1.21973
v -1.03468 4.19474 -1.16664
v -1.06441 4.19474 -1.08718
v -1.07486 4.19474 -0.99345
v -1.06441 4.19474 -0.89973
v -1.03468 4.19474 -0.82027
v -0.99019 4.19474 -0.76718
v -0.93770 4.19474 -0.74853
v -0.88521 4.19474 -0.76718
v -0.84072 4.19474 -0.82027
v -0.81098 4.19474 -0.89973
v -0.79700 4.25040 -0.99345
v -0.80771 4.25040 -1.08960
v -0.83821 4.25040 -1.17112
v -0.88385 4.25040 -1.22558
v -0.93770 4.25040 -1.24471
v -0.99154 4.25040 -1.22558
v -1.03719 4.25040 -1.17112
v -1.06769 4.25040 -1.08960
v -1.07840 4.25040 -0.99345
v -1.06769 4.25040 -0.89730
v -1.03719 4.25040 -0.81579
v -0.99154 4.25040 -0.76133
v -0.93770 4.25040 -0.74220
v -0.88385 4.25040 -0.76133
v -0.83821 4.25040 -0.81579
v -0.80771 4.25040 -0.89730
v -0.79578 4.30606 -0.99345
v -0.80658 4.30606 -1.09044
v -0.83735 4.30606 -1.17266
v -0.88339 4.30606 -1.22759
v -0.93770 4.30606 -1.24689
v -0.99201 4.30606 -1.22759
v -1.03805 4.30606 -1.17266
v -1.06882 4.30606 -1.09044
v -1.07962 4.30606 -0.99345
v -1.06882 4.30606 -0.89647
v -1.03805 4.30606 -0.81425
v -0.99201 4.30606 -0.75931
v -0.93770 4.30606 -0.74002
v -0.88339 4.30606 -0.75931
v -0.83735 4.30606 -0.81425
v -0.80658 4.30606 -0.89647
v -0.79700 4.36172 -0.99345
v -0.80771 4.36172 -1.08960
v -0.83821 4.36172 -1.17112
v -0.88385 4.36172 -1.22558
v -0.93770 4.36172 -1.24471
v -0.99154 4.36172 -1.22558
v -1.03719 4.36172 -1.17112
v -1.06769 4.36172 -1.08960
v -1.07840 4.36172 -0.99345
v -1.06769 4.36172 -0.89730
v -1.03719 4.36172 -0.81579
v -0.99154 4.36172 -0.76133
v -0.93770 4.36172 -0.74220
v -0.88385 4.36172 -0.76133
v -0.83821 4.36172 -0.81579
v -0.80771 4.36172 -0.89730
v -0.80054 4.41738 -0.99345
v -0.81098 4.41738 -1.08718
v -0.84072 4.41738 -1.16664
v -0.88521 4.41738 -1.21973
v -0.93770 4.41738 -1.23838
v -0.99019 4.41738 -1.21973
v -1.03468 4.41738 -1.16664
v -1.06441 4.41738 -1.08718
v -1.07486 4.41738 -0.99345
v -1.06441 4.41738 -0.89973
v -1.03468 4.41738 -0.82027
v -0.99019 4.41738 -0.76718
v -0.93770 4.41738 -0.74853
v -0.88521 4.41738 -0.76718
v -0.84072 4.41738 -0.82027
v -0.81098 4.41738 -0.89973
v -0.80624 4.47035 -0.99345
v -0.81625 4.47035 -1.08329
v -0.84475 4.47035 -1.15944
v -0.88739 4.47035 -1.21033
v -0.93770 4.47035 -1.22820
v -0.98800 4.47035 -1.21033
v -1.03065 4.47035 -1.15944
v -1.05915 4.47035 -1.08329
v -1.06915 4.47035 -0.99345
v -1.05915 4.47035 -0.90362
v -1.03065 4.47035 -0.82747
v -0.98800 4.47035 -0.77658
v -0.93770 4.47035 -0.75871
v -0.88739 4.47035 -0.77658
v -0.84475 4.47035 -0.82747
v -0.81625 4.47035 -0.90362
v -0.81420 4.52050 -0.99345
v -0.82360 4.52050 -1.07785
v -0.85037 4.52050 -1.14939
v -0.89044 4.52050 -1.19719
v -0.93770 4.52050 -1.21398
v -0.98496 4.52050 -1.19719
v -1.02502 4.52050 -1.14939
v -1.05179 4.52050 -1.07785
v -1.06119 4.52050 -0.99345
v -1.05179 4.52050 -0.90906
v -1.02502 4.52050 -0.83752
v -0.98496 4.52050 -0.78971
v -0.93770 4.52050 -0.77293
v -0.89044 4.52050 -0.78971
v -0.85037 4.52050 -0.83752
v -0.82360 4.52050 -0.90906
v -0.82432 4.56795 -0.99345
v -0.83295 4.56795 -1.07093
v -0.85753 4.56795 -1.13662
v -0.89431 4.56795 -1.18051
v -0.93770 4.56795 -1.19592
v -0.98109 4.56795 -1.18051
v -1.01787 4.56795 -1.13662
v -1.04245 4.56795 -1.07093
v -1.05108 4.56795 -0.99345
v -1.04245 4.56795 -0.91597
v -1.01787 4.56795 -0.85029
v -0.98109 4.56795 -0.80640
v -0.93770 4.56795 -0.79099
v -0.89431 4.56795 -0.80640
v -0.85753 4.56795 -0.85029
v -0.83295 4.56795 -0.91597
v -0.83610 4.61041 -0.99345
v -0.84383 4.61041 -1.06288
v -0.86586 4.61041 -1.12174
v -0.89882 4.61041 -1.16107
v -0.93770 4.61041 -1.17488
v -0.97658 4.61041 -1.16107
v -1.00954 4.61041 -1.12174
v -1.03157 4.61041 -1.06288
v -1.03930 4.61041 -0.99345
v -1.03157 4.61041 -0.92402
v -1.00954 4.61041 -0.86516
v -0.97658 4.61041 -0.82584
v -0.93770 4.61041 -0.81202
v -0.89882 4.61041 -0.82584
v -0.86586 4.61041 -0.86516
v -0.84383 4.61041 -0.92402
v -0.84963 4.64764 -0.99345
v -0.85633 4.64764 -1.05364
v -0.87542 4.64764 -1.10466
v -0.90399 4.64764 -1.13876
v -0.93770 4.64764 -1.15073
v -0.97140 4.64764 -1.13876
v -0.99998 4.64764 -1.10466
v -1.01907 4.64764 -1.05364
v -1.02577 4.64764 -0.99345
v -1.01907 4.64764 -0.93327
v -0.99998 4.64764 -0.88224
v -0.97140 4.64764 -0.84815
v -0.93770 4.64764 -0.83618
v -0.90399 4.64764 -0.84815
v -0.87542 4.64764 -0.88224
v -0.85633 4.64764 -0.93327
v -0.86482 4.67989 -0.99345
v -0.87036 4.67989 -1.04326
v -0.88616 4.67989 -1.08548
v -0.90981 4.67989 -1.11369
v -0.93770 4.67989 -1.12360
v -0.96559 4.67989 -1.11369
v -0.98923 4.67989 -1.08548
v -1.00503 4.67989 -1.04326
v -1.01058 4.67989 -0.99345
v -1.00503 4.67989 -0.94365
v -0.98923 4.67989 -0.90143
v -0.96559 4.67989 -0.87321
v -0.93770 4.67989 -0.86331
v -0.90981 4.67989 -0.87321
v -0.88616 4.67989 -0.90143
v -0.87036 4.67989 -0.94365
v -0.88094 4.70558 -0.99345
v -0.88526 4.70558 -1.03224
v -0.89756 4.70558 -1.06512
v -0.91598 4.70558 -1.08710
v -0.93770 4.70558 -1.09481
v -0.95942 4.70558 -1.08710
v -0.97783 4.70558 -1.06512
v -0.99014 4.70558 -1.03224
v -0.99446 4.70558 -0.99345
v -0.99014 4.70558 -0.95467
v -0.97783 4.70558 -0.92178
v -0.95942 4.70558 -0.89981
v -0.93770 4.70558 -0.89210
v -0.91598 4.70558 -0.89981
v -0.89756 4.70558 -0.92178
v -0.88526 4.70558 -0.95467
v -0.90003 4.72337 -0.99345
v -0.90289 4.72337 -1.01920
v -0.91106 4.72337 -1.04102
v -0.92328 4.72337 -1.05560
v -0.93770 4.72337 -1.06073
v -0.95212 4.72337 -1.05560
v -0.96434 4.72337 -1.04102
v -0.97250 4.72337 -1.01920
v -0.97537 4.72337 -0.99345
v -0.97250 4.72337 -0.96771
v -0.96434 4.72337 -0.94589
v -0.95212 4.72337 -0.93130
v -0.93770 4.72337 -0.92618
v -0.92328 4.72337 -0.93130
v -0.91106 4.72337 -0.94589
v -0.90289 4.72337 -0.96771
v -0.92005 4.73461 -0.99345
v -0.92139 4.73461 -1.00552
v -0.92522 4.73461 -1.01575
v -0.93094 4.73461 -1.02258
v -0.93770 4.73461 -1.02498
v -0.94445 4.73461 -1.02258
v -0.95018 4.73461 -1.01575
v -0.95401 4.73461 -1.00552
v -0.95535 4.73461 -0.99345
v -0.95401 4.73461 -0.98139
v -0.95018 4.73461 -0.97116
v -0.94445 4.73461 -0.96433
v -0.93770 4.73461 -0.96193
v -0.93094 4.73461 -0.96433
v -0.92522 4.73461 -0.97116
v -0.92139 4.73461 -0.98139
v -0.93415 4.74183 -0.99345
v -0.93442 4.74183 -0.99588
v -0.93519 4.74183 -0.99793
v -0.93634 4.74183 -0.99931
v -0.93770 4.74183 -0.99979
v -0.93906 4.74183 -0.99931
v -0.94021 4.74183 -0.99793
v -0.94098 4.74183 -0.99588
v -0.94125 4.74183 -0.99345
v -0.94098 4.74183 -0.99103
v -0.94021 4.74183 -0.98897
v -0.93906 4.74183 -0.98760
v -0.93770 4.74183 -0.98712
v -0.93634 4.74183 -0.98760
v -0.93519 4.74183 -0.98897
v -0.93442 4.74183 -0.99103
v -0.93770 3.87029 -0.99345
v -0.93770 4.74183 -0.99345
f 1865 1866 1882
f 1865 1882 1881
f 1866 1867 1883
f 1866 1883 1882
f 1867 1868 1884
f 1867 1884 1883
f 1868 1869 1885
f 1868 1885 1884
f 1869 1870 1886
f 1869 1886 1885
f 1870 1871 1887
f 1870 1887 1886
f 1871 1872 1888
f 1871 1888 1887
f 1872 1873 1889
f 1872 1889 1888
f 1873 1874 1890
f 1873 1890 1889
f 1874 1875 1891
f 1874 1891 1890
f 1875 1876 1892
f 1875 1892 1891
f 1876 1877 1893
f 1876 1893 1892
f 1877 1878 1894
f 1877 1894 1893
f 1878 1879 1895
f 1878 1895 1894
f 1879 1880 1896
f 1879 1896 1895
f 1880 1865 1881
f 1880 1881 1896
f 1881 1882 1898
f 1881 1898 1897
f 1882 1883 1899
f 1882 1899 1898
f 1883 1884 1900
f 1883 1900 1899
f 1884 1885 1901
f 1884 1901 1900
f 1885 1886 1902
f 1885 1902 1901
f 1886 1887 1903
f 1886 1903 1902
f 1887 1888 1904
f 1887 1904 1903
f 1888 1889 1905
f 1888 1905 1904
f 1889 1890 1906
f 1889 1906 1905
f 1890 1891 1907
f 1890 1907 1906
f 1891 1892 1908
f 1891 1908 1907
f 1892 1893 1909
f 1892 1909 1908
f 1893 1894 1910
f 1893 1910 1909
f 1894 1895 1911
f 1894 1911 1910
f 1895 1896 1912
f 1895 1912 1911
f 1896 1881 1897
f 1896 1897 1912
f 1897 1898 1914
f 1897 1914 1913
f 1898 1899 1915
f 1898 1915 1914
f 1899 1900 1916
f 1899 1916 1915
f 1900 1901 1917
f 1900 1917 1916
f 1901 1902 1918
f 1901 1918 1917
f 1902 1903 1919
f 1902 1919 1918
f 1903 1904 1920
f 1903 1920 1919
f 1904 1905 1921
f 1904 1921 1920
f 1905 1906 1922
f 1905 1922 1921
f 1906 1907 1923
f 1906 1923 1922
f 1907 1908 1924
f 1907 1924 1923
f 1908 1909 1925
f 1908 1925 1924
f 1909 1910 1926
f 1909 1926 1925
f 1910 1911 1927
f 1910 1927 1926
f 1911 1912 1928
f 1911 1928 1927
f 1912 1897 1913
f 1912 1913 1928
f 1913 1914 1930
f 1913 1930 1929
f 1914 1915 1931
f 1914 1931 1930
f 1915 1916 1932
f 1915 1932 1931
f 1916 1917 1933
f 1916 1933 1932
f 1917 1918 1934
f 1917 1934 1933
f 1918 1919 1935
f 1918 1935 1934
f 1919 1920 1936
f 1919 1936 1935
f 1920 1921 1937
f 1920 1937 1936
f 1921 1922 1938
f 1921 1938 1937
f 1922 1923 1939
f 1922 1939 1938
f 1923 1924 1940
f 1923 1940 1939
f 1924 1925 1941
f 1924 1941 1940
f 1925 1926 1942
f 1925 1942 1941
f 1926 1927 1943
f 1926 1943 1942
f 1927 1928 1944
f 1927 1944 1943
f 1928 1913 1929
f 1928 1929 1944
f 1929 1930 1946
f 1929 1946 1945
f 1930 1931 1947
f 1930 1947 1946
f 1931 1932 1948
f 1931 1948 1947
f 1932 1933 1949
f 1932 1949 1948
f 1933 1934 1950
f 1933 1950 1949
f 1934 1935 1951
f 1934 1951 1950
f 1935 1936 1952
f 1935 1952 1951
f 1936 1937 1953
f 1936 1953 1952
f 1937 1938 1954
f 1937 1954 1953
f 1938 1939 1955
f 1938 1955 1954
f 1939 1940 1956
f 1939 1956 1955
f 1940 1941 1957
f 1940 1957 1956
f 1941 1942 1958
f 1941 1958 1957
f 1942 1943 1959
f 1942 1959 1958
f 1943 1944 1960
f 1943 1960 1959
f 1944 1929 1945
f 1944 1945 1960
f 1945 1946 1962
f 1945 1962 1961
f 1946 1947 1963
f 1946 1963 1962
f 1947 1948 1964
f 1947 1964 1963
f 1948 1949 1965
f 1948 1965 1964
f 1949 1950 1966
f 1949 1966 1965
f 1950 1951 1967
f 1950 1967 1966
f 1951 1952 1968
f 1951 1968 1967
f 1952 1953 1969
f 1952 1969 1968
f 1953 1954 1970
f 1953 1970 1969
f 1954 1955 1971
f 1954 1971 1970
f 1955 1956 1972
f 1955 1972 1971
f 1956 1957 1973
f 1956 1973 1972
f 1957 1958 1974
f 1957 1974 1973
f 1958 1959 1975
f 1958 1975 1974
f 1959 1960 1976
f 1959 1976 1975
f 1960 1945 1961
f 1960 1961 1976
f 1961 1962 1978
f 1961 1978 1977
f 1962 1963 1979
f 1962 1979 1978
f 1963 1964 1980
f 1963 1980 1979
f 1964 1965 1981
f 1964 1981 1980
f 1965 1966 1982
f 1965 1982 1981
f 1966 1967 1983
f 1966 1983 1982
f 1967 1968 1984
f 1967 1984 1983
f 1968 1969 1985
f 1968 1985 1984
f 1969 1970 1986
f 1969 1986 1985
f 1970 1971 1987
f 1970 1987 1986
f 1971 1972 1988
f 1971 1988 1987
f 1972 1973 1989
f 1972 1989 1988
f 1973 1974 1990
f 1973 1990 1989
f 1974 1975 1991
f 1974 1991 1990
f 1975 1976 1992
f 1975 1992 1991
f 1976 1961 1977
f 1976 1977 1992
f 1977 1978 1994
f 1977 1994 1993
f 1978 1979 1995
f 1978 1995 1994
f 1979 1980 1996
f 1979 1996 1995
f 1980 1981 1997
f 1980 1997 1996
f 1981 1982 1998
f 1981 1998 1997
f 1982 1983 1999
f 1982 1999 1998
f 1983 1984 2000
f 1983 2000 1999
f 1984 1985 2001
f 1984 2001 2000
f 1985 1986 2002
f 1985 2002 2001
f 1986 1987 2003
f 1986 2003 2002
f 1987 1988 2004
f 1987 2004 2003
f 1988 1989 2005
f 1988 2005 2004
f 1989 1990 2006
f 1989 2006 2005
f 1990 1991 2007
f 1990 2007 2006
f 1991 1992 2008
f 1991 2008 2007
f 1992 1977 1993
f 1992 1993 2008
f 1993 1994 2010
f 1993 2010 2009
f 1994 1995 2011
f 1994 2011 2010
f 1995 1996 2012
f 1995 2012 2011
f 1996 1997 2013
f 1996 2013 2012
f 1997 1998 2014
f 1997 2014 2013
f 1998 1999 2015
f 1998 2015 2014
f 1999 2000 2016
f 1999 2016 2015
f 2000 2001 2017
f 2000 2017 2016
f 2001 2002 2018
f 2001 2018 2017
f 2002 2003 2019
f 2002 2019 2018
f 2003 2004 2020
f 2003 2020 2019
f 2004 2005 2021
f 2004 2021 2020
f 2005 2006 2022
f 2005 2022 2021
f 2006 2007 2023
f 2006 2023 2022
f 2007 2008 2024
f 2007 2024 2023
f 2008 1993 2009
f 2008 2009 2024
f 2009 2010 2026
f 2009 2026 2025
f 2010 2011 2027
f 2010 2027 2026
f 2011 2012 2028
f 2011 2028 2027
f 2012 2013 2029
f 2012 2029 2028
f 2013 2014 2030
f 2013 2030 2029
f 2014 2015 2031
f 2014 2031 2030
f 2015 2016 2032
f 2015 2032 2031
f 2016 2017 2033
f 2016 2033 2032
f 2017 2018 2034
f 2017 2034 2033
f 2018 2019 2035
f 2018 2035 2034
f 2019 2020 2036
f 2019 2036 2035
f 2020 2021 2037
f 2020 2037 2036
f 2021 2022 2038
f 2021 2038 2037
f 2022 2023 2039
f 2022 2039 2038
f 2023 2024 2040
f 2023 2040 2039
f 2024 2009 2025
f 2024 2025 2040
f 2025 2026 2042
f 2025 2042 2041
f 2026 2027 2043
f 2026 2043 2042
f 2027 2028 2044
f 2027 2044 2043
f 2028 2029 2045
f 2028 2045 2044
f 2029 2030 2046
f 2029 2046 2045
f 2030 2031 2047
f 2030 2047 2046
f 2031 2032 2048
f 2031 2048 2047
f 2032 2033 2049
f 2032 2049 2048
f 2033 2034 2050
f 2033 2050 2049
f 2034 2035 2051
f 2034 2051 2050
f 2035 2036 2052
f 2035 2052 2051
f 2036 2037 2053
f 2036 2053 2052
f 2037 2038 2054
f 2037 2054 2053
f 2038 2039 2055
f 2038 2055 2054
f 2039 2040 2056
f 2039 2056 2055
f 2040 2025 2041
f 2040 2041 2056
f 2041 2042 2058
f 2041 2058 2057
f 2042 2043 2059
f 2042 2059 2058
f 2043 2044 2060
f 2043 2060 2059
f 2044 2045 2061
f 2044 2061 2060
f 2045 2046 2062
f 2045 2062 2061
f 2046 2047 2063
f 2046 2063 2062
f 2047 2048 2064
f 2047 2064 2063
f 2048 2049 2065
f 2048 2065 2064
f 2049 2050 2066
f 2049 2066 2065
f 2050 2051 2067
f 2050 2067 2066
f 2051 2052 2068
f 2051 2068 2067
f 2052 2053 2069
f 2052 2069 2068
f 2053 2054 2070
f 2053 2070 2069
f 2054 2055 2071
f 2054 2071 2070
f 2055 2056 2072
f 2055 2072 2071
f 2056 2041 2057
f 2056 2057 2072
f 2057 2058 2074
f 2057 2074 2073
f 2058 2059 2075
f 2058 2075 2074
f 2059 2060 2076
f 2059 2076 2075
f 2060 2061 2077
f 2060 2077 2076
f 2061 2062 2078
f 2061 2078 2077
f 2062 2063 2079
f 2062 2079 2078
f 2063 2064 2080
f 2063 2080 2079
f 2064 2065 2081
f 2064 2081 2080
f 2065 2066 2082
f 2065 2082 2081
f 2066 2067 2083
f 2066 2083 2082
f 2067 2068 2084
f 2067 2084 2083
f 2068 2069 2085
f 2068 2085 2084
f 2069 2070 2086
f 2069 2086 2085
f 2070 2071 2087
f 2070 2087 2086
f 2071 2072 2088
f 2071 2088 2087
f 2072 2057 2073
f 2072 2073 2088
f 2073 2074 2090
f 2073 2090 2089
f 2074 2075 2091
f 2074 2091 2090
f 2075 2076 2092
f 2075 2092 2091
f 2076 2077 2093
f 2076 2093 2092
f 2077 2078 2094
f 2077 2094 2093
f 2078 2079 2095
f 2078 2095 2094
f 2079 2080 2096
f 2079 2096 2095
f 2080 2081 2097
f 2080 2097 2096
f 2081 2082 2098
f 2081 2098 2097
f 2082 2083 2099
f 2082 2099 2098
f 2083 2084 2100
f 2083 2100 2099
f 2084 2085 2101
f 2084 2101 2100
f 2085 2086 2102
f 2085 2102 2101
f 2086 2087 2103
f 2086 2103 2102
f 2087 2088 2104
f 2087 2104 2103
f 2088 2073 2089
f 2088 2089 2104
f 2089 2090 2106
f 2089 2106 2105
f 2090 2091 2107
f 2090 2107 2106
f 2091 2092 2108
f 2091 2108 2107
f 2092 2093 2109
f 2092 2109 2108
f 2093 2094 2110
f 2093 2110 2109
f 2094 2095 2111
f 2094 2111 2110
f 2095 2096 2112
f 2095 2112 2111
f 2096 2097 2113
f 2096 2113 2112
f 2097 2098 2114
f 2097 2114 2113
f 2098 2099 2115
f 2098 2115 2114
f 2099 2100 2116
f 2099 2116 2115
f 2100 2101 2117
f 2100 2117 2116
f 2101 2102 2118
f 2101 2118 2117
f 2102 2103 2119
f 2102 2119 2118
f 2103 2104 2120
f 2103 2120 2119
f 2104 2089 2105
f 2104 2105 2120
f 2105 2106 2122
f 2105 2122 2121
f 2106 2107 2123
f 2106 2123 2122
f 2107 2108 2124
f 2107 2124 2123
f 2108 2109 2125
f 2108 2125 2124
f 2109 2110 2126
f 2109 2126 2125
f 2110 2111 2127
f 2110 2127 2126
f 2111 2112 2128
f 2111 2128 2127
f 2112 2113 2129
f 2112 2129 2128
f 2113 2114 2130
f 2113 2130 2129
f 2114 2115 2131
f 2114 2131 2130
f 2115 2116 2132
f 2115 2132 2131
f 2116 2117 2133
f 2116 2133 2132
f 2117 2118 2134
f 2117 2134 2133
f 2118 2119 2135
f 2118 2135 2134
f 2119 2120 2136
f 2119 2136 2135
f 2120 2105 2121
f 2120 2121 2136
f 2121 2122 2138
f 2121 2138 2137
f 2122 2123 2139
f 2122 2139 2138
f 2123 2124 2140
f 2123 2140 2139
f 2124 2125 2141
f 2124 2141 2140
f 2125 2126 2142
f 2125 2142 2141
f 2126 2127 2143
f 2126 2143 2142
f 2127 2128 2144
f 2127 2144 2143
f 2128 2129 2145
f 2128 2145 2144
f 2129 2130 2146
f 2129 2146 2145
f 2130 2131 2147
f 2130 2147 2146
f 2131 2132 2148
f 2131 2148 2147
f 2132 2133 2149
f 2132 2149 2148
f 2133 2134 2150
f 2133 2150 2149
f 2134 2135 2151
f 2134 2151 2150
f 2135 2136 2152
f 2135 2152 2151
f 2136 2121 2137
f 2136 2137 2152
f 2137 2138 2154
f 2137 2154 2153
f 2138 2139 2155
f 2138 2155 2154
f 2139 2140 2156
f 2139 2156 2155
f 2140 2141 2157
f 2140 2157 2156
f 2141 2142 2158
f 2141 2158 2157
f 2142 2143 2159
f 2142 2159 2158
f 2143 2144 2160
f 2143 2160 2159
f 2144 2145 2161
f 2144 2161 2160
f 2145 2146 2162
f 2145 2162 2161
f 2146 2147 2163
f 2146 2163 2162
f 2147 2148 2164
f 2147 2164 2163
f 2148 2149 2165
f 2148 2165 2164
f 2149 2150 2166
f 2149 2166 2165
f 2150 2151 2167
f 2150 2167 2166
f 2151 2152 2168
f 2151 2168 2167
f 2152 2137 2153
f 2152 2153 2168
f 2153 2154 2170
f 2153 2170 2169
f 2154 2155 2171
f 2154 2171 2170
f 2155 2156 2172
f 2155 2172 2171
f 2156 2157 2173
f 2156 2173 2172
f 2157 2158 2174
f 2157 2174 2173
f 2158 2159 2175
f 2158 2175 2174
f 2159 2160 2176
f 2159 2176 2175
f 2160 2161 2177
f 2160 2177 2176
f 2161 2162 2178
f 2161 2178 2177
f 2162 2163 2179
f 2162 2179 2178
f 2163 2164 2180
f 2163 2180 2179
f 2164 2165 2181
f 2164 2181 2180
f 2165 2166 2182
f 2165 2182 2181
f 2166 2167 2183
f 2166 2183 2182
f 2167 2168 2184
f 2167 2184 2183
f 2168 2153 2169
f 2168 2169 2184
f 2169 2170 2186
f 2169 2186 2185
f 2170 2171 2187
f 2170 2187 2186
f 2171 2172 2188
f 2171 2188 2187
f 2172 2173 2189
f 2172 2189 2188
f 2173 2174 2190
f 2173 2190 2189
f 2174 2175 2191
f 2174 2191 2190
f 2175 2176 2192
f 2175 2192 2191
f 2176 2177 2193
f 2176 2193 2192
f 2177 2178 2194
f 2177 2194 2193
f 2178 2179 2195
f 2178 2195 2194
f 2179 2180 2196
f 2179 2196 2195
f 2180 2181 2197
f 2180 2197 2196
f 2181 2182 2198
f 2181 2198 2197
f 2182 2183 2199
f 2182 2199 2198
f 2183 2184 2200
f 2183 2200 2199
f 2184 2169 2185
f 2184 2185 2200
f 2185 2186 2202
f 2185 2202 2201
f 2186 2187 2203
f 2186 2203 2202
f 2187 2188 2204
f 2187 2204 2203
f 2188 2189 2205
f 2188 2205 2204
f 2189 2190 2206
f 2189 2206 2205
f 2190 2191 2207
f 2190 2207 2206
f 2191 2192 2208
f 2191 2208 2207
f 2192 2193 2209
f 2192 2209 2208
f 2193 2194 2210
f 2193 2210 2209
f 2194 2195 2211
f 2194 2211 2210
f 2195 2196 2212
f 2195 2212 2211
f 2196 2197 2213
f 2196 2213 2212
f 2197 2198 2214
f 2197 2214 2213
f 2198 2199 2215
f 2198 2215 2214
f 2199 2200 2216
f 2199 2216 2215
f 2200 2185 2201
f 2200 2201 2216
f 2201 2202 2218
f 2201 2218 2217
f 2202 2203 2219
f 2202 2219 2218
f 2203 2204 2220
f 2203 2220 2219
f 2204 2205 2221
f 2204 2221 2220
f 2205 2206 2222
f 2205 2222 2221
f 2206 2207 2223
f 2206 2223 2222
f 2207 2208 2224
f 2207 2224 2223
f 2208 2209 2225
f 2208 2225 2224
f 2209 2210 2226
f 2209 2226 2225
f 2210 2211 2227
f 2210 2227 2226
f 2211 2212 2228
f 2211 2228 2227
f 2212 2213 2229
f 2212 2229 2228
f 2213 2214 2230
f 2213 2230 2229
f 2214 2215 2231
f 2214 2231 2230
f 2215 2216 2232
f 2215 2232 2231
f 2216 2201 2217
f 2216 2217 2232
f 2217 2218 2234
f 2217 2234 2233
f 2218 2219 2235
f 2218 2235 2234
f 2219 2220 2236
f 2219 2236 2235
f 2220 2221 2237
f 2220 2237 2236
f 2221 2222 2238
f 2221 2238 2237
f 2222 2223 2239
f 2222 2239 2238
f 2223 2224 2240
f 2223 2240 2239
f 2224 2225 2241
f 2224 2241 2240
f 2225 2226 2242
f 2225 2242 2241
f 2226 2227 2243
f 2226 2243 2242
f 2227 2228 2244
f 2227 2244 2243
f 2228 2229 2245
f 2228 2245 2244
f 2229 2230 2246
f 2229 2246 2245
f 2230 2231 2247
f 2230 2247 2246
f 2231 2232 2248
f 2231 2248 2247
f 2232 2217 2233
f 2232 2233 2248
f 2233 2234 2250
f 2233 2250 2249
f 2234 2235 2251
f 2234 2251 2250
f 2235 2236 2252
f 2235 2252 2251
f 2236 2237 2253
f 2236 2253 2252
f 2237 2238 2254
f 2237 2254 2253
f 2238 2239 2255
f 2238 2255 2254
f 2239 2240 2256
f 2239 2256 2255
f 2240 2241 2257
f 2240 2257 2256
f 2241 2242 2258
f 2241 2258 2257
f 2242 2243 2259
f 2242 2259 2258
f 2243 2244 2260
f 2243 2260 2259
f 2244 2245 2261
f 2244 2261 2260
f 2245 2246 2262
f 2245 2262 2261
f 2246 2247 2263
f 2246 2263 2262
f 2247 2248 2264
f 2247 2264 2263
f 2248 2233 2249
f 2248 2249 2264
f 2265 1866 1865
f 2265 1867 1866
f 2265 1868 1867
f 2265 1869 1868
f 2265 1870 1869
f 2265 1871 1870
f 2265 1872 1871
f 2265 1873 1872
f 2265 1874 1873
f 2265 1875 1874
f 2265 1876 1875
f 2265 1877 1876
f 2265 1878 1877
f 2265 1879 1878
f 2265 1880 1879
f 2265 1865 1880
f 2266 2249 2250
f 2266 2250 2251
f 2266 2251 2252
f 2266 2252 2253
f 2266 2253 2254
f 2266 2254 2255
f 2266 2255 2256
f 2266 2256 2257
f 2266 2257 2258
f 2266 2258 2259
f 2266 2259 2260
f 2266 2260 2261
f 2266 2261 2262
f 2266 2262 2263
f 2266 2263 2264
f 2266 2264 2249
o Ilyth_Elbow_L_Rear
usemtl soft_charcoal
s 1
v -1.12182 2.52195 -1.19620
v -1.12208 2.52195 -1.19775
v -1.12282 2.52195 -1.19907
v -1.12393 2.52195 -1.19995
v -1.12524 2.52195 -1.20025
v -1.12655 2.52195 -1.19995
v -1.12766 2.52195 -1.19907
v -1.12840 2.52195 -1.19775
v -1.12866 2.52195 -1.19620
v -1.12840 2.52195 -1.19465
v -1.12766 2.52195 -1.19333
v -1.12655 2.52195 -1.19245
v -1.12524 2.52195 -1.19215
v -1.12393 2.52195 -1.19245
v -1.12282 2.52195 -1.19333
v -1.12208 2.52195 -1.19465
v -1.10822 2.52463 -1.19620
v -1.10951 2.52463 -1.20392
v -1.11320 2.52463 -1.21047
v -1.11872 2.52463 -1.21484
v -1.12524 2.52463 -1.21638
v -1.13175 2.52463 -1.21484
v -1.13728 2.52463 -1.21047
v -1.14097 2.52463 -1.20392
v -1.14226 2.52463 -1.19620
v -1.14097 2.52463 -1.18848
v -1.13728 2.52463 -1.18193
v -1.13175 2.52463 -1.17756
v -1.12524 2.52463 -1.17602
v -1.11872 2.52463 -1.17756
v -1.11320 2.52463 -1.18193
v -1.10951 2.52463 -1.18848
v -1.08891 2.52881 -1.19620
v -1.09168 2.52881 -1.21268
v -1.09955 2.52881 -1.22664
v -1.11134 2.52881 -1.23598
v -1.12524 2.52881 -1.23925
v -1.13914 2.52881 -1.23598
v -1.15093 2.52881 -1.22664
v -1.15880 2.52881 -1.21268
v -1.16157 2.52881 -1.19620
v -1.15880 2.52881 -1.17972
v -1.15093 2.52881 -1.16576
v -1.13914 2.52881 -1.15642
v -1.12524 2.52881 -1.15315
v -1.11134 2.52881 -1.15642
v -1.09955 2.52881 -1.16576
v -1.09168 2.52881 -1.17972
v -1.07051 2.53543 -1.19620
v -1.07467 2.53543 -1.22102
v -1.08654 2.53543 -1.24207
v -1.10429 2.53543 -1.25613
v -1.12524 2.53543 -1.26107
v -1.14618 2.53543 -1.25613
v -1.16394 2.53543 -1.24207
v -1.17581 2.53543 -1.22102
v -1.17997 2.53543 -1.19620
v -1.17581 2.53543 -1.17138
v -1.16394 2.53543 -1.15033
v -1.14618 2.53543 -1.13627
v -1.12524 2.53543 -1.13133
v -1.10429 2.53543 -1.13627
v -1.08654 2.53543 -1.15033
v -1.07467 2.53543 -1.17138
v -1.05496 2.54499 -1.19620
v -1.06031 2.54499 -1.22808
v -1.07554 2.54499 -1.25510
v -1.09834 2.54499 -1.27315
v -1.12524 2.54499 -1.27949
v -1.15213 2.54499 -1.27315
v -1.17493 2.54499 -1.25510
v -1.19017 2.54499 -1.22808
v -1.19552 2.54499 -1.19620
v -1.19017 2.54499 -1.16432
v -1.17493 2.54499 -1.13730
v -1.15213 2.54499 -1.11925
v -1.12524 2.54499 -1.11291
v -1.09834 2.54499 -1.11925
v -1.07554 2.54499 -1.13730
v -1.06031 2.54499 -1.16432
v -1.04031 2.55699 -1.19620
v -1.04678 2.55699 -1.23472
v -1.06519 2.55699 -1.26737
v -1.09274 2.55699 -1.28919
v -1.12524 2.55699 -1.29686
v -1.15774 2.55699 -1.28919
v -1.18529 2.55699 -1.26737
v -1.20370 2.55699 -1.23472
v -1.21017 2.55699 -1.19620
v -1.20370 2.55699 -1.15768
v -1.18529 2.55699 -1.12503
v -1.15774 2.55699 -1.10321
v -1.12524 2.55699 -1.09554
v -1.09274 2.55699 -1.10321
v -1.06519 2.55699 -1.12503
v -1.04678 2.55699 -1.15768
v -1.02727 2.57085 -1.19620
v -1.03472 2.57085 -1.24064
v -1.05596 2.57085 -1.27831
v -1.08775 2.57085 -1.30348
v -1.12524 2.57085 -1.31231
v -1.16273 2.57085 -1.30348
v -1.19452 2.57085 -1.27831
v -1.21575 2.57085 -1.24064
v -1.22321 2.57085 -1.19620
v -1.21575 2.57085 -1.15176
v -1.19452 2.57085 -1.11409
v -1.16273 2.57085 -1.08892
v -1.12524 2.57085 -1.08008
v -1.08775 2.57085 -1.08892
v -1.05596 2.57085 -1.11409
v -1.03472 2.57085 -1.15176
v -1.01591 2.58665 -1.19620
v -1.02423 2.58665 -1.24579
v -1.04793 2.58665 -1.28783
v -1.08340 2.58665 -1.31591
v -1.12524 2.58665 -1.32578
v -1.16708 2.58665 -1.31591
v -1.20255 2.58665 -1.28783
v -1.22625 2.58665 -1.24579
v -1.23457 2.58665 -1.19620
v -1.22625 2.58665 -1.14661
v -1.20255 2.58665 -1.10457
v -1.16708 2.58665 -1.07649
v -1.12524 2.58665 -1.06662
v -1.08340 2.58665 -1.07649
v -1.04793 2.58665 -1.10457
v -1.02423 2.58665 -1.14661
v -1.00615 2.60430 -1.19620
v -1.01522 2.60430 -1.25021
v -1.04103 2.60430 -1.29600
v -1.07967 2.60430 -1.32659
v -1.12524 2.60430 -1.33734
v -1.17081 2.60430 -1.32659
v -1.20944 2.60430 -1.29600
v -1.23526 2.60430 -1.25021
v -1.24432 2.60430 -1.19620
v -1.23526 2.60430 -1.14219
v -1.20944 2.60430 -1.09640
v -1.17081 2.60430 -1.06581
v -1.12524 2.60430 -1.05506
v -1.07967 2.60430 -1.06581
v -1.04103 2.60430 -1.09640
v -1.01522 2.60430 -1.14219
v -0.99848 2.62296 -1.19620
v -1.00813 2.62296 -1.25369
v -1.03561 2.62296 -1.30243
v -1.07673 2.62296 -1.33500
v -1.12524 2.62296 -1.34644
v -1.17375 2.62296 -1.33500
v -1.21487 2.62296 -1.30243
v -1.24235 2.62296 -1.25369
v -1.25200 2.62296 -1.19620
v -1.24235 2.62296 -1.13871
v -1.21487 2.62296 -1.08997
v -1.17375 2.62296 -1.05740
v -1.12524 2.62296 -1.04596
v -1.07673 2.62296 -1.05740
v -1.03561 2.62296 -1.08997
v -1.00813 2.62296 -1.13871
v -0.99298 2.64267 -1.19620
v -1.00305 2.64267 -1.25619
v -1.03172 2.64267 -1.30704
v -1.07463 2.64267 -1.34102
v -1.12524 2.64267 -1.35295
v -1.17585 2.64267 -1.34102
v -1.21876 2.64267 -1.30704
v -1.24743 2.64267 -1.25619
v -1.25750 2.64267 -1.19620
v -1.24743 2.64267 -1.13621
v -1.21876 2.64267 -1.08536
v -1.17585 2.64267 -1.05138
v -1.12524 2.64267 -1.03945
v -1.07463 2.64267 -1.05138
v -1.03172 2.64267 -1.08536
v -1.00305 2.64267 -1.13621
v -0.98956 2.66338 -1.19620
v -0.99989 2.66338 -1.25774
v -1.02930 2.66338 -1.30990
v -1.07332 2.66338 -1.34476
v -1.12524 2.66338 -1.35700
v -1.17716 2.66338 -1.34476
v -1.22118 2.66338 -1.30990
v -1.25059 2.66338 -1.25774
v -1.26092 2.66338 -1.19620
v -1.25059 2.66338 -1.13466
v -1.22118 2.66338 -1.08250
v -1.17716 2.66338 -1.04764
v -1.12524 2.66338 -1.03540
v -1.07332 2.66338 -1.04764
v -1.02930 2.66338 -1.08250
v -0.99989 2.66338 -1.13466
v -0.98839 2.68409 -1.19620
v -0.99880 2.68409 -1.25827
v -1.02847 2.68409 -1.31089
v -1.07287 2.68409 -1.34605
v -1.12524 2.68409 -1.35840
v -1.17761 2.68409 -1.34605
v -1.22201 2.68409 -1.31089
v -1.25167 2.68409 -1.25827
v -1.26209 2.68409 -1.19620
v -1.25167 2.68409 -1.13413
v -1.22201 2.68409 -1.08151
v -1.17761 2.68409 -1.04635
v -1.12524 2.68409 -1.03400
v -1.07287 2.68409 -1.04635
v -1.02847 2.68409 -1.08151
v -0.99880 2.68409 -1.13413
v -0.98956 2.70480 -1.19620
v -0.99989 2.70480 -1.25774
v -1.02930 2.70480 -1.30990
v -1.07332 2.70480 -1.34476
v -1.12524 2.70480 -1.35700
v -1.17716 2.70480 -1.34476
v -1.22118 2.70480 -1.30990
v -1.25059 2.70480 -1.25774
v -1.26092 2.70480 -1.19620
v -1.25059 2.70480 -1.13466
v -1.22118 2.70480 -1.08250
v -1.17716 2.70480 -1.04764
v -1.12524 2.70480 -1.03540
v -1.07332 2.70480 -1.04764
v -1.02930 2.70480 -1.08250
v -0.99989 2.70480 -1.13466
v -0.99298 2.72552 -1.19620
v -1.00305 2.72552 -1.25619
v -1.03172 2.72552 -1.30704
v -1.07463 2.72552 -1.34102
v -1.12524 2.72552 -1.35295
v -1.17585 2.72552 -1.34102
v -1.21876 2.72552 -1.30704
v -1.24743 2.72552 -1.25619
v -1.25750 2.72552 -1.19620
v -1.24743 2.72552 -1.13621
v -1.21876 2.72552 -1.08536
v -1.17585 2.72552 -1.05138
v -1.12524 2.72552 -1.03945
v -1.07463 2.72552 -1.05138
v -1.03172 2.72552 -1.08536
v -1.00305 2.72552 -1.13621
v -0.99848 2.74523 -1.19620
v -1.00813 2.74523 -1.25369
v -1.03561 2.74523 -1.30243
v -1.07673 2.74523 -1.33500
v -1.12524 2.74523 -1.34644
v -1.17375 2.74523 -1.33500
v -1.21487 2.74523 -1.30243
v -1.24235 2.74523 -1.25369
v -1.25200 2.74523 -1.19620
v -1.24235 2.74523 -1.13871
v -1.21487 2.74523 -1.08997
v -1.17375 2.74523 -1.05740
v -1.12524 2.74523 -1.04596
v -1.07673 2.74523 -1.05740
v -1.03561 2.74523 -1.08997
v -1.00813 2.74523 -1.13871
v -1.00615 2.76388 -1.19620
v -1.01522 2.76388 -1.25021
v -1.04103 2.76388 -1.29600
v -1.07967 2.76388 -1.32659
v -1.12524 2.76388 -1.33734
v -1.17081 2.76388 -1.32659
v -1.20944 2.76388 -1.29600
v -1.23526 2.76388 -1.25021
v -1.24432 2.76388 -1.19620
v -1.23526 2.76388 -1.14219
v -1.20944 2.76388 -1.09640
v -1.17081 2.76388 -1.06581
v -1.12524 2.76388 -1.05506
v -1.07967 2.76388 -1.06581
v -1.04103 2.76388 -1.09640
v -1.01522 2.76388 -1.14219
v -1.01591 2.78154 -1.19620
v -1.02423 2.78154 -1.24579
v -1.04793 2.78154 -1.28783
v -1.08340 2.78154 -1.31591
v -1.12524 2.78154 -1.32578
v -1.16708 2.78154 -1.31591
v -1.20255 2.78154 -1.28783
v -1.22625 2.78154 -1.24579
v -1.23457 2.78154 -1.19620
v -1.22625 2.78154 -1.14661
v -1.20255 2.78154 -1.10457
v -1.16708 2.78154 -1.07649
v -1.12524 2.78154 -1.06662
v -1.08340 2.78154 -1.07649
v -1.04793 2.78154 -1.10457
v -1.02423 2.78154 -1.14661
v -1.02727 2.79734 -1.19620
v -1.03472 2.79734 -1.24064
v -1.05596 2.79734 -1.27831
v -1.08775 2.79734 -1.30348
v -1.12524 2.79734 -1.31231
v -1.16273 2.79734 -1.30348
v -1.19452 2.79734 -1.27831
v -1.21575 2.79734 -1.24064
v -1.22321 2.79734 -1.19620
v -1.21575 2.79734 -1.15176
v -1.19452 2.79734 -1.11409
v -1.16273 2.79734 -1.08892
v -1.12524 2.79734 -1.08008
v -1.08775 2.79734 -1.08892
v -1.05596 2.79734 -1.11409
v -1.03472 2.79734 -1.15176
v -1.04031 2.81119 -1.19620
v -1.04678 2.81119 -1.23472
v -1.06519 2.81119 -1.26737
v -1.09274 2.81119 -1.28919
v -1.12524 2.81119 -1.29686
v -1.15774 2.81119 -1.28919
v -1.18529 2.81119 -1.26737
v -1.20370 2.81119 -1.23472
v -1.21017 2.81119 -1.19620
v -1.20370 2.81119 -1.15768
v -1.18529 2.81119 -1.12503
v -1.15774 2.81119 -1.10321
v -1.12524 2.81119 -1.09554
v -1.09274 2.81119 -1.10321
v -1.06519 2.81119 -1.12503
v -1.04678 2.81119 -1.15768
v -1.05496 2.82319 -1.19620
v -1.06031 2.82319 -1.22808
v -1.07554 2.82319 -1.25510
v -1.09834 2.82319 -1.27315
v -1.12524 2.82319 -1.27949
v -1.15213 2.82319 -1.27315
v -1.17493 2.82319 -1.25510
v -1.19017 2.82319 -1.22808
v -1.19552 2.82319 -1.19620
v -1.19017 2.82319 -1.16432
v -1.17493 2.82319 -1.13730
v -1.15213 2.82319 -1.11925
v -1.12524 2.82319 -1.11291
v -1.09834 2.82319 -1.11925
v -1.07554 2.82319 -1.13730
v -1.06031 2.82319 -1.16432
v -1.07051 2.83275 -1.19620
v -1.07467 2.83275 -1.22102
v -1.08654 2.83275 -1.24207
v -1.10429 2.83275 -1.25613
v -1.12524 2.83275 -1.26107
v -1.14618 2.83275 -1.25613
v -1.16394 2.83275 -1.24207
v -1.17581 2.83275 -1.22102
v -1.17997 2.83275 -1.19620
v -1.17581 2.83275 -1.17138
v -1.16394 2.83275 -1.15033
v -1.14618 2.83275 -1.13627
v -1.12524 2.83275 -1.13133
v -1.10429 2.83275 -1.13627
v -1.08654 2.83275 -1.15033
v -1.07467 2.83275 -1.17138
v -1.08891 2.83937 -1.19620
v -1.09168 2.83937 -1.21268
v -1.09955 2.83937 -1.22664
v -1.11134 2.83937 -1.23598
v -1.12524 2.83937 -1.23925
v -1.13914 2.83937 -1.23598
v -1.15093 2.83937 -1.22664
v -1.15880 2.83937 -1.21268
v -1.16157 2.83937 -1.19620
v -1.15880 2.83937 -1.17972
v -1.15093 2.83937 -1.16576
v -1.13914 2.83937 -1.15642
v -1.12524 2.83937 -1.15315
v -1.11134 2.83937 -1.15642
v -1.09955 2.83937 -1.16576
v -1.09168 2.83937 -1.17972
v -1.10822 2.84356 -1.19620
v -1.10951 2.84356 -1.20392
v -1.11320 2.84356 -1.21047
v -1.11872 2.84356 -1.21484
v -1.12524 2.84356 -1.21638
v -1.13175 2.84356 -1.21484
v -1.13728 2.84356 -1.21047
v -1.14097 2.84356 -1.20392
v -1.14226 2.84356 -1.19620
v -1.14097 2.84356 -1.18848
v -1.13728 2.84356 -1.18193
v -1.13175 2.84356 -1.17756
v -1.12524 2.84356 -1.17602
v -1.11872 2.84356 -1.17756
v -1.11320 2.84356 -1.18193
v -1.10951 2.84356 -1.18848
v -1.12182 2.84624 -1.19620
v -1.12208 2.84624 -1.19775
v -1.12282 2.84624 -1.19907
v -1.12393 2.84624 -1.19995
v -1.12524 2.84624 -1.20025
v -1.12655 2.84624 -1.19995
v -1.12766 2.84624 -1.19907
v -1.12840 2.84624 -1.19775
v -1.12866 2.84624 -1.19620
v -1.12840 2.84624 -1.19465
v -1.12766 2.84624 -1.19333
v -1.12655 2.84624 -1.19245
v -1.12524 2.84624 -1.19215
v -1.12393 2.84624 -1.19245
v -1.12282 2.84624 -1.19333
v -1.12208 2.84624 -1.19465
v -1.12524 2.52195 -1.19620
v -1.12524 2.84624 -1.19620
f 2267 2268 2284
f 2267 2284 2283
f 2268 2269 2285
f 2268 2285 2284
f 2269 2270 2286
f 2269 2286 2285
f 2270 2271 2287
f 2270 2287 2286
f 2271 2272 2288
f 2271 2288 2287
f 2272 2273 2289
f 2272 2289 2288
f 2273 2274 2290
f 2273 2290 2289
f 2274 2275 2291
f 2274 2291 2290
f 2275 2276 2292
f 2275 2292 2291
f 2276 2277 2293
f 2276 2293 2292
f 2277 2278 2294
f 2277 2294 2293
f 2278 2279 2295
f 2278 2295 2294
f 2279 2280 2296
f 2279 2296 2295
f 2280 2281 2297
f 2280 2297 2296
f 2281 2282 2298
f 2281 2298 2297
f 2282 2267 2283
f 2282 2283 2298
f 2283 2284 2300
f 2283 2300 2299
f 2284 2285 2301
f 2284 2301 2300
f 2285 2286 2302
f 2285 2302 2301
f 2286 2287 2303
f 2286 2303 2302
f 2287 2288 2304
f 2287 2304 2303
f 2288 2289 2305
f 2288 2305 2304
f 2289 2290 2306
f 2289 2306 2305
f 2290 2291 2307
f 2290 2307 2306
f 2291 2292 2308
f 2291 2308 2307
f 2292 2293 2309
f 2292 2309 2308
f 2293 2294 2310
f 2293 2310 2309
f 2294 2295 2311
f 2294 2311 2310
f 2295 2296 2312
f 2295 2312 2311
f 2296 2297 2313
f 2296 2313 2312
f 2297 2298 2314
f 2297 2314 2313
f 2298 2283 2299
f 2298 2299 2314
f 2299 2300 2316
f 2299 2316 2315
f 2300 2301 2317
f 2300 2317 2316
f 2301 2302 2318
f 2301 2318 2317
f 2302 2303 2319
f 2302 2319 2318
f 2303 2304 2320
f 2303 2320 2319
f 2304 2305 2321
f 2304 2321 2320
f 2305 2306 2322
f 2305 2322 2321
f 2306 2307 2323
f 2306 2323 2322
f 2307 2308 2324
f 2307 2324 2323
f 2308 2309 2325
f 2308 2325 2324
f 2309 2310 2326
f 2309 2326 2325
f 2310 2311 2327
f 2310 2327 2326
f 2311 2312 2328
f 2311 2328 2327
f 2312 2313 2329
f 2312 2329 2328
f 2313 2314 2330
f 2313 2330 2329
f 2314 2299 2315
f 2314 2315 2330
f 2315 2316 2332
f 2315 2332 2331
f 2316 2317 2333
f 2316 2333 2332
f 2317 2318 2334
f 2317 2334 2333
f 2318 2319 2335
f 2318 2335 2334
f 2319 2320 2336
f 2319 2336 2335
f 2320 2321 2337
f 2320 2337 2336
f 2321 2322 2338
f 2321 2338 2337
f 2322 2323 2339
f 2322 2339 2338
f 2323 2324 2340
f 2323 2340 2339
f 2324 2325 2341
f 2324 2341 2340
f 2325 2326 2342
f 2325 2342 2341
f 2326 2327 2343
f 2326 2343 2342
f 2327 2328 2344
f 2327 2344 2343
f 2328 2329 2345
f 2328 2345 2344
f 2329 2330 2346
f 2329 2346 2345
f 2330 2315 2331
f 2330 2331 2346
f 2331 2332 2348
f 2331 2348 2347
f 2332 2333 2349
f 2332 2349 2348
f 2333 2334 2350
f 2333 2350 2349
f 2334 2335 2351
f 2334 2351 2350
f 2335 2336 2352
f 2335 2352 2351
f 2336 2337 2353
f 2336 2353 2352
f 2337 2338 2354
f 2337 2354 2353
f 2338 2339 2355
f 2338 2355 2354
f 2339 2340 2356
f 2339 2356 2355
f 2340 2341 2357
f 2340 2357 2356
f 2341 2342 2358
f 2341 2358 2357
f 2342 2343 2359
f 2342 2359 2358
f 2343 2344 2360
f 2343 2360 2359
f 2344 2345 2361
f 2344 2361 2360
f 2345 2346 2362
f 2345 2362 2361
f 2346 2331 2347
f 2346 2347 2362
f 2347 2348 2364
f 2347 2364 2363
f 2348 2349 2365
f 2348 2365 2364
f 2349 2350 2366
f 2349 2366 2365
f 2350 2351 2367
f 2350 2367 2366
f 2351 2352 2368
f 2351 2368 2367
f 2352 2353 2369
f 2352 2369 2368
f 2353 2354 2370
f 2353 2370 2369
f 2354 2355 2371
f 2354 2371 2370
f 2355 2356 2372
f 2355 2372 2371
f 2356 2357 2373
f 2356 2373 2372
f 2357 2358 2374
f 2357 2374 2373
f 2358 2359 2375
f 2358 2375 2374
f 2359 2360 2376
f 2359 2376 2375
f 2360 2361 2377
f 2360 2377 2376
f 2361 2362 2378
f 2361 2378 2377
f 2362 2347 2363
f 2362 2363 2378
f 2363 2364 2380
f 2363 2380 2379
f 2364 2365 2381
f 2364 2381 2380
f 2365 2366 2382
f 2365 2382 2381
f 2366 2367 2383
f 2366 2383 2382
f 2367 2368 2384
f 2367 2384 2383
f 2368 2369 2385
f 2368 2385 2384
f 2369 2370 2386
f 2369 2386 2385
f 2370 2371 2387
f 2370 2387 2386
f 2371 2372 2388
f 2371 2388 2387
f 2372 2373 2389
f 2372 2389 2388
f 2373 2374 2390
f 2373 2390 2389
f 2374 2375 2391
f 2374 2391 2390
f 2375 2376 2392
f 2375 2392 2391
f 2376 2377 2393
f 2376 2393 2392
f 2377 2378 2394
f 2377 2394 2393
f 2378 2363 2379
f 2378 2379 2394
f 2379 2380 2396
f 2379 2396 2395
f 2380 2381 2397
f 2380 2397 2396
f 2381 2382 2398
f 2381 2398 2397
f 2382 2383 2399
f 2382 2399 2398
f 2383 2384 2400
f 2383 2400 2399
f 2384 2385 2401
f 2384 2401 2400
f 2385 2386 2402
f 2385 2402 2401
f 2386 2387 2403
f 2386 2403 2402
f 2387 2388 2404
f 2387 2404 2403
f 2388 2389 2405
f 2388 2405 2404
f 2389 2390 2406
f 2389 2406 2405
f 2390 2391 2407
f 2390 2407 2406
f 2391 2392 2408
f 2391 2408 2407
f 2392 2393 2409
f 2392 2409 2408
f 2393 2394 2410
f 2393 2410 2409
f 2394 2379 2395
f 2394 2395 2410
f 2395 2396 2412
f 2395 2412 2411
f 2396 2397 2413
f 2396 2413 2412
f 2397 2398 2414
f 2397 2414 2413
f 2398 2399 2415
f 2398 2415 2414
f 2399 2400 2416
f 2399 2416 2415
f 2400 2401 2417
f 2400 2417 2416
f 2401 2402 2418
f 2401 2418 2417
f 2402 2403 2419
f 2402 2419 2418
f 2403 2404 2420
f 2403 2420 2419
f 2404 2405 2421
f 2404 2421 2420
f 2405 2406 2422
f 2405 2422 2421
f 2406 2407 2423
f 2406 2423 2422
f 2407 2408 2424
f 2407 2424 2423
f 2408 2409 2425
f 2408 2425 2424
f 2409 2410 2426
f 2409 2426 2425
f 2410 2395 2411
f 2410 2411 2426
f 2411 2412 2428
f 2411 2428 2427
f 2412 2413 2429
f 2412 2429 2428
f 2413 2414 2430
f 2413 2430 2429
f 2414 2415 2431
f 2414 2431 2430
f 2415 2416 2432
f 2415 2432 2431
f 2416 2417 2433
f 2416 2433 2432
f 2417 2418 2434
f 2417 2434 2433
f 2418 2419 2435
f 2418 2435 2434
f 2419 2420 2436
f 2419 2436 2435
f 2420 2421 2437
f 2420 2437 2436
f 2421 2422 2438
f 2421 2438 2437
f 2422 2423 2439
f 2422 2439 2438
f 2423 2424 2440
f 2423 2440 2439
f 2424 2425 2441
f 2424 2441 2440
f 2425 2426 2442
f 2425 2442 2441
f 2426 2411 2427
f 2426 2427 2442
f 2427 2428 2444
f 2427 2444 2443
f 2428 2429 2445
f 2428 2445 2444
f 2429 2430 2446
f 2429 2446 2445
f 2430 2431 2447
f 2430 2447 2446
f 2431 2432 2448
f 2431 2448 2447
f 2432 2433 2449
f 2432 2449 2448
f 2433 2434 2450
f 2433 2450 2449
f 2434 2435 2451
f 2434 2451 2450
f 2435 2436 2452
f 2435 2452 2451
f 2436 2437 2453
f 2436 2453 2452
f 2437 2438 2454
f 2437 2454 2453
f 2438 2439 2455
f 2438 2455 2454
f 2439 2440 2456
f 2439 2456 2455
f 2440 2441 2457
f 2440 2457 2456
f 2441 2442 2458
f 2441 2458 2457
f 2442 2427 2443
f 2442 2443 2458
f 2443 2444 2460
f 2443 2460 2459
f 2444 2445 2461
f 2444 2461 2460
f 2445 2446 2462
f 2445 2462 2461
f 2446 2447 2463
f 2446 2463 2462
f 2447 2448 2464
f 2447 2464 2463
f 2448 2449 2465
f 2448 2465 2464
f 2449 2450 2466
f 2449 2466 2465
f 2450 2451 2467
f 2450 2467 2466
f 2451 2452 2468
f 2451 2468 2467
f 2452 2453 2469
f 2452 2469 2468
f 2453 2454 2470
f 2453 2470 2469
f 2454 2455 2471
f 2454 2471 2470
f 2455 2456 2472
f 2455 2472 2471
f 2456 2457 2473
f 2456 2473 2472
f 2457 2458 2474
f 2457 2474 2473
f 2458 2443 2459
f 2458 2459 2474
f 2459 2460 2476
f 2459 2476 2475
f 2460 2461 2477
f 2460 2477 2476
f 2461 2462 2478
f 2461 2478 2477
f 2462 2463 2479
f 2462 2479 2478
f 2463 2464 2480
f 2463 2480 2479
f 2464 2465 2481
f 2464 2481 2480
f 2465 2466 2482
f 2465 2482 2481
f 2466 2467 2483
f 2466 2483 2482
f 2467 2468 2484
f 2467 2484 2483
f 2468 2469 2485
f 2468 2485 2484
f 2469 2470 2486
f 2469 2486 2485
f 2470 2471 2487
f 2470 2487 2486
f 2471 2472 2488
f 2471 2488 2487
f 2472 2473 2489
f 2472 2489 2488
f 2473 2474 2490
f 2473 2490 2489
f 2474 2459 2475
f 2474 2475 2490
f 2475 2476 2492
f 2475 2492 2491
f 2476 2477 2493
f 2476 2493 2492
f 2477 2478 2494
f 2477 2494 2493
f 2478 2479 2495
f 2478 2495 2494
f 2479 2480 2496
f 2479 2496 2495
f 2480 2481 2497
f 2480 2497 2496
f 2481 2482 2498
f 2481 2498 2497
f 2482 2483 2499
f 2482 2499 2498
f 2483 2484 2500
f 2483 2500 2499
f 2484 2485 2501
f 2484 2501 2500
f 2485 2486 2502
f 2485 2502 2501
f 2486 2487 2503
f 2486 2503 2502
f 2487 2488 2504
f 2487 2504 2503
f 2488 2489 2505
f 2488 2505 2504
f 2489 2490 2506
f 2489 2506 2505
f 2490 2475 2491
f 2490 2491 2506
f 2491 2492 2508
f 2491 2508 2507
f 2492 2493 2509
f 2492 2509 2508
f 2493 2494 2510
f 2493 2510 2509
f 2494 2495 2511
f 2494 2511 2510
f 2495 2496 2512
f 2495 2512 2511
f 2496 2497 2513
f 2496 2513 2512
f 2497 2498 2514
f 2497 2514 2513
f 2498 2499 2515
f 2498 2515 2514
f 2499 2500 2516
f 2499 2516 2515
f 2500 2501 2517
f 2500 2517 2516
f 2501 2502 2518
f 2501 2518 2517
f 2502 2503 2519
f 2502 2519 2518
f 2503 2504 2520
f 2503 2520 2519
f 2504 2505 2521
f 2504 2521 2520
f 2505 2506 2522
f 2505 2522 2521
f 2506 2491 2507
f 2506 2507 2522
f 2507 2508 2524
f 2507 2524 2523
f 2508 2509 2525
f 2508 2525 2524
f 2509 2510 2526
f 2509 2526 2525
f 2510 2511 2527
f 2510 2527 2526
f 2511 2512 2528
f 2511 2528 2527
f 2512 2513 2529
f 2512 2529 2528
f 2513 2514 2530
f 2513 2530 2529
f 2514 2515 2531
f 2514 2531 2530
f 2515 2516 2532
f 2515 2532 2531
f 2516 2517 2533
f 2516 2533 2532
f 2517 2518 2534
f 2517 2534 2533
f 2518 2519 2535
f 2518 2535 2534
f 2519 2520 2536
f 2519 2536 2535
f 2520 2521 2537
f 2520 2537 2536
f 2521 2522 2538
f 2521 2538 2537
f 2522 2507 2523
f 2522 2523 2538
f 2523 2524 2540
f 2523 2540 2539
f 2524 2525 2541
f 2524 2541 2540
f 2525 2526 2542
f 2525 2542 2541
f 2526 2527 2543
f 2526 2543 2542
f 2527 2528 2544
f 2527 2544 2543
f 2528 2529 2545
f 2528 2545 2544
f 2529 2530 2546
f 2529 2546 2545
f 2530 2531 2547
f 2530 2547 2546
f 2531 2532 2548
f 2531 2548 2547
f 2532 2533 2549
f 2532 2549 2548
f 2533 2534 2550
f 2533 2550 2549
f 2534 2535 2551
f 2534 2551 2550
f 2535 2536 2552
f 2535 2552 2551
f 2536 2537 2553
f 2536 2553 2552
f 2537 2538 2554
f 2537 2554 2553
f 2538 2523 2539
f 2538 2539 2554
f 2539 2540 2556
f 2539 2556 2555
f 2540 2541 2557
f 2540 2557 2556
f 2541 2542 2558
f 2541 2558 2557
f 2542 2543 2559
f 2542 2559 2558
f 2543 2544 2560
f 2543 2560 2559
f 2544 2545 2561
f 2544 2561 2560
f 2545 2546 2562
f 2545 2562 2561
f 2546 2547 2563
f 2546 2563 2562
f 2547 2548 2564
f 2547 2564 2563
f 2548 2549 2565
f 2548 2565 2564
f 2549 2550 2566
f 2549 2566 2565
f 2550 2551 2567
f 2550 2567 2566
f 2551 2552 2568
f 2551 2568 2567
f 2552 2553 2569
f 2552 2569 2568
f 2553 2554 2570
f 2553 2570 2569
f 2554 2539 2555
f 2554 2555 2570
f 2555 2556 2572
f 2555 2572 2571
f 2556 2557 2573
f 2556 2573 2572
f 2557 2558 2574
f 2557 2574 2573
f 2558 2559 2575
f 2558 2575 2574
f 2559 2560 2576
f 2559 2576 2575
f 2560 2561 2577
f 2560 2577 2576
f 2561 2562 2578
f 2561 2578 2577
f 2562 2563 2579
f 2562 2579 2578
f 2563 2564 2580
f 2563 2580 2579
f 2564 2565 2581
f 2564 2581 2580
f 2565 2566 2582
f 2565 2582 2581
f 2566 2567 2583
f 2566 2583 2582
f 2567 2568 2584
f 2567 2584 2583
f 2568 2569 2585
f 2568 2585 2584
f 2569 2570 2586
f 2569 2586 2585
f 2570 2555 2571
f 2570 2571 2586
f 2571 2572 2588
f 2571 2588 2587
f 2572 2573 2589
f 2572 2589 2588
f 2573 2574 2590
f 2573 2590 2589
f 2574 2575 2591
f 2574 2591 2590
f 2575 2576 2592
f 2575 2592 2591
f 2576 2577 2593
f 2576 2593 2592
f 2577 2578 2594
f 2577 2594 2593
f 2578 2579 2595
f 2578 2595 2594
f 2579 2580 2596
f 2579 2596 2595
f 2580 2581 2597
f 2580 2597 2596
f 2581 2582 2598
f 2581 2598 2597
f 2582 2583 2599
f 2582 2599 2598
f 2583 2584 2600
f 2583 2600 2599
f 2584 2585 2601
f 2584 2601 2600
f 2585 2586 2602
f 2585 2602 2601
f 2586 2571 2587
f 2586 2587 2602
f 2587 2588 2604
f 2587 2604 2603
f 2588 2589 2605
f 2588 2605 2604
f 2589 2590 2606
f 2589 2606 2605
f 2590 2591 2607
f 2590 2607 2606
f 2591 2592 2608
f 2591 2608 2607
f 2592 2593 2609
f 2592 2609 2608
f 2593 2594 2610
f 2593 2610 2609
f 2594 2595 2611
f 2594 2611 2610
f 2595 2596 2612
f 2595 2612 2611
f 2596 2597 2613
f 2596 2613 2612
f 2597 2598 2614
f 2597 2614 2613
f 2598 2599 2615
f 2598 2615 2614
f 2599 2600 2616
f 2599 2616 2615
f 2600 2601 2617
f 2600 2617 2616
f 2601 2602 2618
f 2601 2618 2617
f 2602 2587 2603
f 2602 2603 2618
f 2603 2604 2620
f 2603 2620 2619
f 2604 2605 2621
f 2604 2621 2620
f 2605 2606 2622
f 2605 2622 2621
f 2606 2607 2623
f 2606 2623 2622
f 2607 2608 2624
f 2607 2624 2623
f 2608 2609 2625
f 2608 2625 2624
f 2609 2610 2626
f 2609 2626 2625
f 2610 2611 2627
f 2610 2627 2626
f 2611 2612 2628
f 2611 2628 2627
f 2612 2613 2629
f 2612 2629 2628
f 2613 2614 2630
f 2613 2630 2629
f 2614 2615 2631
f 2614 2631 2630
f 2615 2616 2632
f 2615 2632 2631
f 2616 2617 2633
f 2616 2633 2632
f 2617 2618 2634
f 2617 2634 2633
f 2618 2603 2619
f 2618 2619 2634
f 2619 2620 2636
f 2619 2636 2635
f 2620 2621 2637
f 2620 2637 2636
f 2621 2622 2638
f 2621 2638 2637
f 2622 2623 2639
f 2622 2639 2638
f 2623 2624 2640
f 2623 2640 2639
f 2624 2625 2641
f 2624 2641 2640
f 2625 2626 2642
f 2625 2642 2641
f 2626 2627 2643
f 2626 2643 2642
f 2627 2628 2644
f 2627 2644 2643
f 2628 2629 2645
f 2628 2645 2644
f 2629 2630 2646
f 2629 2646 2645
f 2630 2631 2647
f 2630 2647 2646
f 2631 2632 2648
f 2631 2648 2647
f 2632 2633 2649
f 2632 2649 2648
f 2633 2634 2650
f 2633 2650 2649
f 2634 2619 2635
f 2634 2635 2650
f 2635 2636 2652
f 2635 2652 2651
f 2636 2637 2653
f 2636 2653 2652
f 2637 2638 2654
f 2637 2654 2653
f 2638 2639 2655
f 2638 2655 2654
f 2639 2640 2656
f 2639 2656 2655
f 2640 2641 2657
f 2640 2657 2656
f 2641 2642 2658
f 2641 2658 2657
f 2642 2643 2659
f 2642 2659 2658
f 2643 2644 2660
f 2643 2660 2659
f 2644 2645 2661
f 2644 2661 2660
f 2645 2646 2662
f 2645 2662 2661
f 2646 2647 2663
f 2646 2663 2662
f 2647 2648 2664
f 2647 2664 2663
f 2648 2649 2665
f 2648 2665 2664
f 2649 2650 2666
f 2649 2666 2665
f 2650 2635 2651
f 2650 2651 2666
f 2667 2268 2267
f 2667 2269 2268
f 2667 2270 2269
f 2667 2271 2270
f 2667 2272 2271
f 2667 2273 2272
f 2667 2274 2273
f 2667 2275 2274
f 2667 2276 2275
f 2667 2277 2276
f 2667 2278 2277
f 2667 2279 2278
f 2667 2280 2279
f 2667 2281 2280
f 2667 2282 2281
f 2667 2267 2282
f 2668 2651 2652
f 2668 2652 2653
f 2668 2653 2654
f 2668 2654 2655
f 2668 2655 2656
f 2668 2656 2657
f 2668 2657 2658
f 2668 2658 2659
f 2668 2659 2660
f 2668 2660 2661
f 2668 2661 2662
f 2668 2662 2663
f 2668 2663 2664
f 2668 2664 2665
f 2668 2665 2666
f 2668 2666 2651
o Ilyth_Ankle_L_Rear
usemtl soft_charcoal
s 1
v -1.48752 0.06873 -1.58142
v -1.48772 0.06873 -1.58258
v -1.48830 0.06873 -1.58357
v -1.48916 0.06873 -1.58423
v -1.49018 0.06873 -1.58446
v -1.49120 0.06873 -1.58423
v -1.49206 0.06873 -1.58357
v -1.49264 0.06873 -1.58258
v -1.49284 0.06873 -1.58142
v -1.49264 0.06873 -1.58025
v -1.49206 0.06873 -1.57927
v -1.49120 0.06873 -1.57861
v -1.49018 0.06873 -1.57838
v -1.48916 0.06873 -1.57861
v -1.48830 0.06873 -1.57927
v -1.48772 0.06873 -1.58025
v -1.47694 0.07158 -1.58142
v -1.47795 0.07158 -1.58721
v -1.48082 0.07158 -1.59212
v -1.48511 0.07158 -1.59540
v -1.49018 0.07158 -1.59655
v -1.49525 0.07158 -1.59540
v -1.49954 0.07158 -1.59212
v -1.50241 0.07158 -1.58721
v -1.50342 0.07158 -1.58142
v -1.50241 0.07158 -1.57563
v -1.49954 0.07158 -1.57072
v -1.49525 0.07158 -1.56744
v -1.49018 0.07158 -1.56629
v -1.48511 0.07158 -1.56744
v -1.48082 0.07158 -1.57072
v -1.47795 0.07158 -1.57563
v -1.46193 0.07602 -1.58142
v -1.46408 0.07602 -1.59377
v -1.47020 0.07602 -1.60425
v -1.47937 0.07602 -1.61125
v -1.49018 0.07602 -1.61371
v -1.50099 0.07602 -1.61125
v -1.51016 0.07602 -1.60425
v -1.51628 0.07602 -1.59377
v -1.51844 0.07602 -1.58142
v -1.51628 0.07602 -1.56906
v -1.51016 0.07602 -1.55858
v -1.50099 0.07602 -1.55158
v -1.49018 0.07602 -1.54913
v -1.47937 0.07602 -1.55158
v -1.47020 0.07602 -1.55858
v -1.46408 0.07602 -1.56906
v -1.44761 0.08306 -1.58142
v -1.45085 0.08306 -1.60003
v -1.46008 0.08306 -1.61582
v -1.47389 0.08306 -1.62636
v -1.49018 0.08306 -1.63007
v -1.50647 0.08306 -1.62636
v -1.52028 0.08306 -1.61582
v -1.52951 0.08306 -1.60003
v -1.53275 0.08306 -1.58142
v -1.52951 0.08306 -1.56280
v -1.52028 0.08306 -1.54702
v -1.50647 0.08306 -1.53647
v -1.49018 0.08306 -1.53277
v -1.47389 0.08306 -1.53647
v -1.46008 0.08306 -1.54702
v -1.45085 0.08306 -1.56280
v -1.43552 0.09321 -1.58142
v -1.43968 0.09321 -1.60532
v -1.45153 0.09321 -1.62559
v -1.46926 0.09321 -1.63913
v -1.49018 0.09321 -1.64389
v -1.51110 0.09321 -1.63913
v -1.52883 0.09321 -1.62559
v -1.54068 0.09321 -1.60532
v -1.54484 0.09321 -1.58142
v -1.54068 0.09321 -1.55751
v -1.52883 0.09321 -1.53724
v -1.51110 0.09321 -1.52370
v -1.49018 0.09321 -1.51895
v -1.46926 0.09321 -1.52370
v -1.45153 0.09321 -1.53724
v -1.43968 0.09321 -1.55751
v -1.42413 0.10596 -1.58142
v -1.42915 0.10596 -1.61031
v -1.44347 0.10596 -1.63480
v -1.46490 0.10596 -1.65116
v -1.49018 0.10596 -1.65691
v -1.51546 0.10596 -1.65116
v -1.53689 0.10596 -1.63480
v -1.55121 0.10596 -1.61031
v -1.55624 0.10596 -1.58142
v -1.55121 0.10596 -1.55253
v -1.53689 0.10596 -1.52804
v -1.51546 0.10596 -1.51167
v -1.49018 0.10596 -1.50592
v -1.46490 0.10596 -1.51167
v -1.44347 0.10596 -1.52804
v -1.42915 0.10596 -1.55253
v -1.41398 0.12068 -1.58142
v -1.41978 0.12068 -1.61474
v -1.43630 0.12068 -1.64300
v -1.46102 0.12068 -1.66187
v -1.49018 0.12068 -1.66850
v -1.51934 0.12068 -1.66187
v -1.54406 0.12068 -1.64300
v -1.56058 0.12068 -1.61474
v -1.56638 0.12068 -1.58142
v -1.56058 0.12068 -1.54809
v -1.54406 0.12068 -1.51984
v -1.51934 0.12068 -1.50096
v -1.49018 0.12068 -1.49433
v -1.46102 0.12068 -1.50096
v -1.43630 0.12068 -1.51984
v -1.41978 0.12068 -1.54809
v -1.40515 0.13747 -1.58142
v -1.41162 0.13747 -1.61861
v -1.43005 0.13747 -1.65014
v -1.45764 0.13747 -1.67120
v -1.49018 0.13747 -1.67860
v -1.52272 0.13747 -1.67120
v -1.55031 0.13747 -1.65014
v -1.56874 0.13747 -1.61861
v -1.57522 0.13747 -1.58142
v -1.56874 0.13747 -1.54423
v -1.55031 0.13747 -1.51270
v -1.52272 0.13747 -1.49163
v -1.49018 0.13747 -1.48423
v -1.45764 0.13747 -1.49163
v -1.43005 0.13747 -1.51270
v -1.41162 0.13747 -1.54423
v -1.39756 0.15623 -1.58142
v -1.40461 0.15623 -1.62193
v -1.42469 0.15623 -1.65627
v -1.45474 0.15623 -1.67921
v -1.49018 0.15623 -1.68727
v -1.52563 0.15623 -1.67921
v -1.55567 0.15623 -1.65627
v -1.57575 0.15623 -1.62193
v -1.58280 0.15623 -1.58142
v -1.57575 0.15623 -1.54091
v -1.55567 0.15623 -1.50657
v -1.52563 0.15623 -1.48362
v -1.49018 0.15623 -1.47556
v -1.45474 0.15623 -1.48362
v -1.42469 0.15623 -1.50657
v -1.40461 0.15623 -1.54091
v -1.39159 0.17605 -1.58142
v -1.39909 0.17605 -1.62454
v -1.42047 0.17605 -1.66109
v -1.45245 0.17605 -1.68552
v -1.49018 0.17605 -1.69409
v -1.52791 0.17605 -1.68552
v -1.55990 0.17605 -1.66109
v -1.58127 0.17605 -1.62454
v -1.58877 0.17605 -1.58142
v -1.58127 0.17605 -1.53830
v -1.55990 0.17605 -1.50174
v -1.52791 0.17605 -1.47732
v -1.49018 0.17605 -1.46874
v -1.45245 0.17605 -1.47732
v -1.42047 0.17605 -1.50174
v -1.39909 0.17605 -1.53830
v -1.38731 0.19700 -1.58142
v -1.39514 0.19700 -1.62641
v -1.41744 0.19700 -1.66455
v -1.45082 0.19700 -1.69003
v -1.49018 0.19700 -1.69898
v -1.52955 0.19700 -1.69003
v -1.56292 0.19700 -1.66455
v -1.58522 0.19700 -1.62641
v -1.59305 0.19700 -1.58142
v -1.58522 0.19700 -1.53643
v -1.56292 0.19700 -1.49829
v -1.52955 0.19700 -1.47280
v -1.49018 0.19700 -1.46385
v -1.45082 0.19700 -1.47280
v -1.41744 0.19700 -1.49829
v -1.39514 0.19700 -1.53643
v -1.38465 0.21900 -1.58142
v -1.39269 0.21900 -1.62757
v -1.41556 0.21900 -1.66670
v -1.44980 0.21900 -1.69284
v -1.49018 0.21900 -1.70202
v -1.53056 0.21900 -1.69284
v -1.56480 0.21900 -1.66670
v -1.58767 0.21900 -1.62757
v -1.59571 0.21900 -1.58142
v -1.58767 0.21900 -1.53526
v -1.56480 0.21900 -1.49614
v -1.53056 0.21900 -1.47000
v -1.49018 0.21900 -1.46082
v -1.44980 0.21900 -1.47000
v -1.41556 0.21900 -1.49614
v -1.39269 0.21900 -1.53526
v -1.38374 0.24101 -1.58142
v -1.39184 0.24101 -1.62797
v -1.41492 0.24101 -1.66743
v -1.44945 0.24101 -1.69380
v -1.49018 0.24101 -1.70306
v -1.53091 0.24101 -1.69380
v -1.56545 0.24101 -1.66743
v -1.58852 0.24101 -1.62797
v -1.59662 0.24101 -1.58142
v -1.58852 0.24101 -1.53486
v -1.56545 0.24101 -1.49540
v -1.53091 0.24101 -1.46903
v -1.49018 0.24101 -1.45977
v -1.44945 0.24101 -1.46903
v -1.41492 0.24101 -1.49540
v -1.39184 0.24101 -1.53486
v -1.38465 0.26301 -1.58142
v -1.39269 0.26301 -1.62757
v -1.41556 0.26301 -1.66670
v -1.44980 0.26301 -1.69284
v -1.49018 0.26301 -1.70202
v -1.53056 0.26301 -1.69284
v -1.56480 0.26301 -1.66670
v -1.58767 0.26301 -1.62757
v -1.59571 0.26301 -1.58142
v -1.58767 0.26301 -1.53526
v -1.56480 0.26301 -1.49614
v -1.53056 0.26301 -1.47000
v -1.49018 0.26301 -1.46082
v -1.44980 0.26301 -1.47000
v -1.41556 0.26301 -1.49614
v -1.39269 0.26301 -1.53526
v -1.38731 0.28502 -1.58142
v -1.39514 0.28502 -1.62641
v -1.41744 0.28502 -1.66455
v -1.45082 0.28502 -1.69003
v -1.49018 0.28502 -1.69898
v -1.52955 0.28502 -1.69003
v -1.56292 0.28502 -1.66455
v -1.58522 0.28502 -1.62641
v -1.59305 0.28502 -1.58142
v -1.58522 0.28502 -1.53643
v -1.56292 0.28502 -1.49829
v -1.52955 0.28502 -1.47280
v -1.49018 0.28502 -1.46385
v -1.45082 0.28502 -1.47280
v -1.41744 0.28502 -1.49829
v -1.39514 0.28502 -1.53643
v -1.39159 0.30596 -1.58142
v -1.39909 0.30596 -1.62454
v -1.42047 0.30596 -1.66109
v -1.45245 0.30596 -1.68552
v -1.49018 0.30596 -1.69409
v -1.52791 0.30596 -1.68552
v -1.55990 0.30596 -1.66109
v -1.58127 0.30596 -1.62454
v -1.58877 0.30596 -1.58142
v -1.58127 0.30596 -1.53830
v -1.55990 0.30596 -1.50174
v -1.52791 0.30596 -1.47732
v -1.49018 0.30596 -1.46874
v -1.45245 0.30596 -1.47732
v -1.42047 0.30596 -1.50174
v -1.39909 0.30596 -1.53830
v -1.39756 0.32578 -1.58142
v -1.40461 0.32578 -1.62193
v -1.42469 0.32578 -1.65627
v -1.45474 0.32578 -1.67921
v -1.49018 0.32578 -1.68727
v -1.52563 0.32578 -1.67921
v -1.55567 0.32578 -1.65627
v -1.57575 0.32578 -1.62193
v -1.58280 0.32578 -1.58142
v -1.57575 0.32578 -1.54091
v -1.55567 0.32578 -1.50657
v -1.52563 0.32578 -1.48362
v -1.49018 0.32578 -1.47556
v -1.45474 0.32578 -1.48362
v -1.42469 0.32578 -1.50657
v -1.40461 0.32578 -1.54091
v -1.40515 0.34454 -1.58142
v -1.41162 0.34454 -1.61861
v -1.43005 0.34454 -1.65014
v -1.45764 0.34454 -1.67120
v -1.49018 0.34454 -1.67860
v -1.52272 0.34454 -1.67120
v -1.55031 0.34454 -1.65014
v -1.56874 0.34454 -1.61861
v -1.57522 0.34454 -1.58142
v -1.56874 0.34454 -1.54423
v -1.55031 0.34454 -1.51270
v -1.52272 0.34454 -1.49163
v -1.49018 0.34454 -1.48423
v -1.45764 0.34454 -1.49163
v -1.43005 0.34454 -1.51270
v -1.41162 0.34454 -1.54423
v -1.41398 0.36133 -1.58142
v -1.41978 0.36133 -1.61474
v -1.43630 0.36133 -1.64300
v -1.46102 0.36133 -1.66187
v -1.49018 0.36133 -1.66850
v -1.51934 0.36133 -1.66187
v -1.54406 0.36133 -1.64300
v -1.56058 0.36133 -1.61474
v -1.56638 0.36133 -1.58142
v -1.56058 0.36133 -1.54809
v -1.54406 0.36133 -1.51984
v -1.51934 0.36133 -1.50096
v -1.49018 0.36133 -1.49433
v -1.46102 0.36133 -1.50096
v -1.43630 0.36133 -1.51984
v -1.41978 0.36133 -1.54809
v -1.42413 0.37605 -1.58142
v -1.42915 0.37605 -1.61031
v -1.44347 0.37605 -1.63480
v -1.46490 0.37605 -1.65116
v -1.49018 0.37605 -1.65691
v -1.51546 0.37605 -1.65116
v -1.53689 0.37605 -1.63480
v -1.55121 0.37605 -1.61031
v -1.55624 0.37605 -1.58142
v -1.55121 0.37605 -1.55253
v -1.53689 0.37605 -1.52804
v -1.51546 0.37605 -1.51167
v -1.49018 0.37605 -1.50592
v -1.46490 0.37605 -1.51167
v -1.44347 0.37605 -1.52804
v -1.42915 0.37605 -1.55253
v -1.43552 0.38880 -1.58142
v -1.43968 0.38880 -1.60532
v -1.45153 0.38880 -1.62559
v -1.46926 0.38880 -1.63913
v -1.49018 0.38880 -1.64389
v -1.51110 0.38880 -1.63913
v -1.52883 0.38880 -1.62559
v -1.54068 0.38880 -1.60532
v -1.54484 0.38880 -1.58142
v -1.54068 0.38880 -1.55751
v -1.52883 0.38880 -1.53724
v -1.51110 0.38880 -1.52370
v -1.49018 0.38880 -1.51895
v -1.46926 0.38880 -1.52370
v -1.45153 0.38880 -1.53724
v -1.43968 0.38880 -1.55751
v -1.44761 0.39896 -1.58142
v -1.45085 0.39896 -1.60003
v -1.46008 0.39896 -1.61582
v -1.47389 0.39896 -1.62636
v -1.49018 0.39896 -1.63007
v -1.50647 0.39896 -1.62636
v -1.52028 0.39896 -1.61582
v -1.52951 0.39896 -1.60003
v -1.53275 0.39896 -1.58142
v -1.52951 0.39896 -1.56280
v -1.52028 0.39896 -1.54702
v -1.50647 0.39896 -1.53647
v -1.49018 0.39896 -1.53277
v -1.47389 0.39896 -1.53647
v -1.46008 0.39896 -1.54702
v -1.45085 0.39896 -1.56280
v -1.46193 0.40599 -1.58142
v -1.46408 0.40599 -1.59377
v -1.47020 0.40599 -1.60425
v -1.47937 0.40599 -1.61125
v -1.49018 0.40599 -1.61371
v -1.50099 0.40599 -1.61125
v -1.51016 0.40599 -1.60425
v -1.51628 0.40599 -1.59377
v -1.51844 0.40599 -1.58142
v -1.51628 0.40599 -1.56906
v -1.51016 0.40599 -1.55858
v -1.50099 0.40599 -1.55158
v -1.49018 0.40599 -1.54913
v -1.47937 0.40599 -1.55158
v -1.47020 0.40599 -1.55858
v -1.46408 0.40599 -1.56906
v -1.47694 0.41044 -1.58142
v -1.47795 0.41044 -1.58721
v -1.48082 0.41044 -1.59212
v -1.48511 0.41044 -1.59540
v -1.49018 0.41044 -1.59655
v -1.49525 0.41044 -1.59540
v -1.49954 0.41044 -1.59212
v -1.50241 0.41044 -1.58721
v -1.50342 0.41044 -1.58142
v -1.50241 0.41044 -1.57563
v -1.49954 0.41044 -1.57072
v -1.49525 0.41044 -1.56744
v -1.49018 0.41044 -1.56629
v -1.48511 0.41044 -1.56744
v -1.48082 0.41044 -1.57072
v -1.47795 0.41044 -1.57563
v -1.48752 0.41329 -1.58142
v -1.48772 0.41329 -1.58258
v -1.48830 0.41329 -1.58357
v -1.48916 0.41329 -1.58423
v -1.49018 0.41329 -1.58446
v -1.49120 0.41329 -1.58423
v -1.49206 0.41329 -1.58357
v -1.49264 0.41329 -1.58258
v -1.49284 0.41329 -1.58142
v -1.49264 0.41329 -1.58025
v -1.49206 0.41329 -1.57927
v -1.49120 0.41329 -1.57861
v -1.49018 0.41329 -1.57838
v -1.48916 0.41329 -1.57861
v -1.48830 0.41329 -1.57927
v -1.48772 0.41329 -1.58025
v -1.49018 0.06873 -1.58142
v -1.49018 0.41329 -1.58142
f 2669 2670 2686
f 2669 2686 2685
f 2670 2671 2687
f 2670 2687 2686
f 2671 2672 2688
f 2671 2688 2687
f 2672 2673 2689
f 2672 2689 2688
f 2673 2674 2690
f 2673 2690 2689
f 2674 2675 2691
f 2674 2691 2690
f 2675 2676 2692
f 2675 2692 2691
f 2676 2677 2693
f 2676 2693 2692
f 2677 2678 2694
f 2677 2694 2693
f 2678 2679 2695
f 2678 2695 2694
f 2679 2680 2696
f 2679 2696 2695
f 2680 2681 2697
f 2680 2697 2696
f 2681 2682 2698
f 2681 2698 2697
f 2682 2683 2699
f 2682 2699 2698
f 2683 2684 2700
f 2683 2700 2699
f 2684 2669 2685
f 2684 2685 2700
f 2685 2686 2702
f 2685 2702 2701
f 2686 2687 2703
f 2686 2703 2702
f 2687 2688 2704
f 2687 2704 2703
f 2688 2689 2705
f 2688 2705 2704
f 2689 2690 2706
f 2689 2706 2705
f 2690 2691 2707
f 2690 2707 2706
f 2691 2692 2708
f 2691 2708 2707
f 2692 2693 2709
f 2692 2709 2708
f 2693 2694 2710
f 2693 2710 2709
f 2694 2695 2711
f 2694 2711 2710
f 2695 2696 2712
f 2695 2712 2711
f 2696 2697 2713
f 2696 2713 2712
f 2697 2698 2714
f 2697 2714 2713
f 2698 2699 2715
f 2698 2715 2714
f 2699 2700 2716
f 2699 2716 2715
f 2700 2685 2701
f 2700 2701 2716
f 2701 2702 2718
f 2701 2718 2717
f 2702 2703 2719
f 2702 2719 2718
f 2703 2704 2720
f 2703 2720 2719
f 2704 2705 2721
f 2704 2721 2720
f 2705 2706 2722
f 2705 2722 2721
f 2706 2707 2723
f 2706 2723 2722
f 2707 2708 2724
f 2707 2724 2723
f 2708 2709 2725
f 2708 2725 2724
f 2709 2710 2726
f 2709 2726 2725
f 2710 2711 2727
f 2710 2727 2726
f 2711 2712 2728
f 2711 2728 2727
f 2712 2713 2729
f 2712 2729 2728
f 2713 2714 2730
f 2713 2730 2729
f 2714 2715 2731
f 2714 2731 2730
f 2715 2716 2732
f 2715 2732 2731
f 2716 2701 2717
f 2716 2717 2732
f 2717 2718 2734
f 2717 2734 2733
f 2718 2719 2735
f 2718 2735 2734
f 2719 2720 2736
f 2719 2736 2735
f 2720 2721 2737
f 2720 2737 2736
f 2721 2722 2738
f 2721 2738 2737
f 2722 2723 2739
f 2722 2739 2738
f 2723 2724 2740
f 2723 2740 2739
f 2724 2725 2741
f 2724 2741 2740
f 2725 2726 2742
f 2725 2742 2741
f 2726 2727 2743
f 2726 2743 2742
f 2727 2728 2744
f 2727 2744 2743
f 2728 2729 2745
f 2728 2745 2744
f 2729 2730 2746
f 2729 2746 2745
f 2730 2731 2747
f 2730 2747 2746
f 2731 2732 2748
f 2731 2748 2747
f 2732 2717 2733
f 2732 2733 2748
f 2733 2734 2750
f 2733 2750 2749
f 2734 2735 2751
f 2734 2751 2750
f 2735 2736 2752
f 2735 2752 2751
f 2736 2737 2753
f 2736 2753 2752
f 2737 2738 2754
f 2737 2754 2753
f 2738 2739 2755
f 2738 2755 2754
f 2739 2740 2756
f 2739 2756 2755
f 2740 2741 2757
f 2740 2757 2756
f 2741 2742 2758
f 2741 2758 2757
f 2742 2743 2759
f 2742 2759 2758
f 2743 2744 2760
f 2743 2760 2759
f 2744 2745 2761
f 2744 2761 2760
f 2745 2746 2762
f 2745 2762 2761
f 2746 2747 2763
f 2746 2763 2762
f 2747 2748 2764
f 2747 2764 2763
f 2748 2733 2749
f 2748 2749 2764
f 2749 2750 2766
f 2749 2766 2765
f 2750 2751 2767
f 2750 2767 2766
f 2751 2752 2768
f 2751 2768 2767
f 2752 2753 2769
f 2752 2769 2768
f 2753 2754 2770
f 2753 2770 2769
f 2754 2755 2771
f 2754 2771 2770
f 2755 2756 2772
f 2755 2772 2771
f 2756 2757 2773
f 2756 2773 2772
f 2757 2758 2774
f 2757 2774 2773
f 2758 2759 2775
f 2758 2775 2774
f 2759 2760 2776
f 2759 2776 2775
f 2760 2761 2777
f 2760 2777 2776
f 2761 2762 2778
f 2761 2778 2777
f 2762 2763 2779
f 2762 2779 2778
f 2763 2764 2780
f 2763 2780 2779
f 2764 2749 2765
f 2764 2765 2780
f 2765 2766 2782
f 2765 2782 2781
f 2766 2767 2783
f 2766 2783 2782
f 2767 2768 2784
f 2767 2784 2783
f 2768 2769 2785
f 2768 2785 2784
f 2769 2770 2786
f 2769 2786 2785
f 2770 2771 2787
f 2770 2787 2786
f 2771 2772 2788
f 2771 2788 2787
f 2772 2773 2789
f 2772 2789 2788
f 2773 2774 2790
f 2773 2790 2789
f 2774 2775 2791
f 2774 2791 2790
f 2775 2776 2792
f 2775 2792 2791
f 2776 2777 2793
f 2776 2793 2792
f 2777 2778 2794
f 2777 2794 2793
f 2778 2779 2795
f 2778 2795 2794
f 2779 2780 2796
f 2779 2796 2795
f 2780 2765 2781
f 2780 2781 2796
f 2781 2782 2798
f 2781 2798 2797
f 2782 2783 2799
f 2782 2799 2798
f 2783 2784 2800
f 2783 2800 2799
f 2784 2785 2801
f 2784 2801 2800
f 2785 2786 2802
f 2785 2802 2801
f 2786 2787 2803
f 2786 2803 2802
f 2787 2788 2804
f 2787 2804 2803
f 2788 2789 2805
f 2788 2805 2804
f 2789 2790 2806
f 2789 2806 2805
f 2790 2791 2807
f 2790 2807 2806
f 2791 2792 2808
f 2791 2808 2807
f 2792 2793 2809
f 2792 2809 2808
f 2793 2794 2810
f 2793 2810 2809
f 2794 2795 2811
f 2794 2811 2810
f 2795 2796 2812
f 2795 2812 2811
f 2796 2781 2797
f 2796 2797 2812
f 2797 2798 2814
f 2797 2814 2813
f 2798 2799 2815
f 2798 2815 2814
f 2799 2800 2816
f 2799 2816 2815
f 2800 2801 2817
f 2800 2817 2816
f 2801 2802 2818
f 2801 2818 2817
f 2802 2803 2819
f 2802 2819 2818
f 2803 2804 2820
f 2803 2820 2819
f 2804 2805 2821
f 2804 2821 2820
f 2805 2806 2822
f 2805 2822 2821
f 2806 2807 2823
f 2806 2823 2822
f 2807 2808 2824
f 2807 2824 2823
f 2808 2809 2825
f 2808 2825 2824
f 2809 2810 2826
f 2809 2826 2825
f 2810 2811 2827
f 2810 2827 2826
f 2811 2812 2828
f 2811 2828 2827
f 2812 2797 2813
f 2812 2813 2828
f 2813 2814 2830
f 2813 2830 2829
f 2814 2815 2831
f 2814 2831 2830
f 2815 2816 2832
f 2815 2832 2831
f 2816 2817 2833
f 2816 2833 2832
f 2817 2818 2834
f 2817 2834 2833
f 2818 2819 2835
f 2818 2835 2834
f 2819 2820 2836
f 2819 2836 2835
f 2820 2821 2837
f 2820 2837 2836
f 2821 2822 2838
f 2821 2838 2837
f 2822 2823 2839
f 2822 2839 2838
f 2823 2824 2840
f 2823 2840 2839
f 2824 2825 2841
f 2824 2841 2840
f 2825 2826 2842
f 2825 2842 2841
f 2826 2827 2843
f 2826 2843 2842
f 2827 2828 2844
f 2827 2844 2843
f 2828 2813 2829
f 2828 2829 2844
f 2829 2830 2846
f 2829 2846 2845
f 2830 2831 2847
f 2830 2847 2846
f 2831 2832 2848
f 2831 2848 2847
f 2832 2833 2849
f 2832 2849 2848
f 2833 2834 2850
f 2833 2850 2849
f 2834 2835 2851
f 2834 2851 2850
f 2835 2836 2852
f 2835 2852 2851
f 2836 2837 2853
f 2836 2853 2852
f 2837 2838 2854
f 2837 2854 2853
f 2838 2839 2855
f 2838 2855 2854
f 2839 2840 2856
f 2839 2856 2855
f 2840 2841 2857
f 2840 2857 2856
f 2841 2842 2858
f 2841 2858 2857
f 2842 2843 2859
f 2842 2859 2858
f 2843 2844 2860
f 2843 2860 2859
f 2844 2829 2845
f 2844 2845 2860
f 2845 2846 2862
f 2845 2862 2861
f 2846 2847 2863
f 2846 2863 2862
f 2847 2848 2864
f 2847 2864 2863
f 2848 2849 2865
f 2848 2865 2864
f 2849 2850 2866
f 2849 2866 2865
f 2850 2851 2867
f 2850 2867 2866
f 2851 2852 2868
f 2851 2868 2867
f 2852 2853 2869
f 2852 2869 2868
f 2853 2854 2870
f 2853 2870 2869
f 2854 2855 2871
f 2854 2871 2870
f 2855 2856 2872
f 2855 2872 2871
f 2856 2857 2873
f 2856 2873 2872
f 2857 2858 2874
f 2857 2874 2873
f 2858 2859 2875
f 2858 2875 2874
f 2859 2860 2876
f 2859 2876 2875
f 2860 2845 2861
f 2860 2861 2876
f 2861 2862 2878
f 2861 2878 2877
f 2862 2863 2879
f 2862 2879 2878
f 2863 2864 2880
f 2863 2880 2879
f 2864 2865 2881
f 2864 2881 2880
f 2865 2866 2882
f 2865 2882 2881
f 2866 2867 2883
f 2866 2883 2882
f 2867 2868 2884
f 2867 2884 2883
f 2868 2869 2885
f 2868 2885 2884
f 2869 2870 2886
f 2869 2886 2885
f 2870 2871 2887
f 2870 2887 2886
f 2871 2872 2888
f 2871 2888 2887
f 2872 2873 2889
f 2872 2889 2888
f 2873 2874 2890
f 2873 2890 2889
f 2874 2875 2891
f 2874 2891 2890
f 2875 2876 2892
f 2875 2892 2891
f 2876 2861 2877
f 2876 2877 2892
f 2877 2878 2894
f 2877 2894 2893
f 2878 2879 2895
f 2878 2895 2894
f 2879 2880 2896
f 2879 2896 2895
f 2880 2881 2897
f 2880 2897 2896
f 2881 2882 2898
f 2881 2898 2897
f 2882 2883 2899
f 2882 2899 2898
f 2883 2884 2900
f 2883 2900 2899
f 2884 2885 2901
f 2884 2901 2900
f 2885 2886 2902
f 2885 2902 2901
f 2886 2887 2903
f 2886 2903 2902
f 2887 2888 2904
f 2887 2904 2903
f 2888 2889 2905
f 2888 2905 2904
f 2889 2890 2906
f 2889 2906 2905
f 2890 2891 2907
f 2890 2907 2906
f 2891 2892 2908
f 2891 2908 2907
f 2892 2877 2893
f 2892 2893 2908
f 2893 2894 2910
f 2893 2910 2909
f 2894 2895 2911
f 2894 2911 2910
f 2895 2896 2912
f 2895 2912 2911
f 2896 2897 2913
f 2896 2913 2912
f 2897 2898 2914
f 2897 2914 2913
f 2898 2899 2915
f 2898 2915 2914
f 2899 2900 2916
f 2899 2916 2915
f 2900 2901 2917
f 2900 2917 2916
f 2901 2902 2918
f 2901 2918 2917
f 2902 2903 2919
f 2902 2919 2918
f 2903 2904 2920
f 2903 2920 2919
f 2904 2905 2921
f 2904 2921 2920
f 2905 2906 2922
f 2905 2922 2921
f 2906 2907 2923
f 2906 2923 2922
f 2907 2908 2924
f 2907 2924 2923
f 2908 2893 2909
f 2908 2909 2924
f 2909 2910 2926
f 2909 2926 2925
f 2910 2911 2927
f 2910 2927 2926
f 2911 2912 2928
f 2911 2928 2927
f 2912 2913 2929
f 2912 2929 2928
f 2913 2914 2930
f 2913 2930 2929
f 2914 2915 2931
f 2914 2931 2930
f 2915 2916 2932
f 2915 2932 2931
f 2916 2917 2933
f 2916 2933 2932
f 2917 2918 2934
f 2917 2934 2933
f 2918 2919 2935
f 2918 2935 2934
f 2919 2920 2936
f 2919 2936 2935
f 2920 2921 2937
f 2920 2937 2936
f 2921 2922 2938
f 2921 2938 2937
f 2922 2923 2939
f 2922 2939 2938
f 2923 2924 2940
f 2923 2940 2939
f 2924 2909 2925
f 2924 2925 2940
f 2925 2926 2942
f 2925 2942 2941
f 2926 2927 2943
f 2926 2943 2942
f 2927 2928 2944
f 2927 2944 2943
f 2928 2929 2945
f 2928 2945 2944
f 2929 2930 2946
f 2929 2946 2945
f 2930 2931 2947
f 2930 2947 2946
f 2931 2932 2948
f 2931 2948 2947
f 2932 2933 2949
f 2932 2949 2948
f 2933 2934 2950
f 2933 2950 2949
f 2934 2935 2951
f 2934 2951 2950
f 2935 2936 2952
f 2935 2952 2951
f 2936 2937 2953
f 2936 2953 2952
f 2937 2938 2954
f 2937 2954 2953
f 2938 2939 2955
f 2938 2955 2954
f 2939 2940 2956
f 2939 2956 2955
f 2940 2925 2941
f 2940 2941 2956
f 2941 2942 2958
f 2941 2958 2957
f 2942 2943 2959
f 2942 2959 2958
f 2943 2944 2960
f 2943 2960 2959
f 2944 2945 2961
f 2944 2961 2960
f 2945 2946 2962
f 2945 2962 2961
f 2946 2947 2963
f 2946 2963 2962
f 2947 2948 2964
f 2947 2964 2963
f 2948 2949 2965
f 2948 2965 2964
f 2949 2950 2966
f 2949 2966 2965
f 2950 2951 2967
f 2950 2967 2966
f 2951 2952 2968
f 2951 2968 2967
f 2952 2953 2969
f 2952 2969 2968
f 2953 2954 2970
f 2953 2970 2969
f 2954 2955 2971
f 2954 2971 2970
f 2955 2956 2972
f 2955 2972 2971
f 2956 2941 2957
f 2956 2957 2972
f 2957 2958 2974
f 2957 2974 2973
f 2958 2959 2975
f 2958 2975 2974
f 2959 2960 2976
f 2959 2976 2975
f 2960 2961 2977
f 2960 2977 2976
f 2961 2962 2978
f 2961 2978 2977
f 2962 2963 2979
f 2962 2979 2978
f 2963 2964 2980
f 2963 2980 2979
f 2964 2965 2981
f 2964 2981 2980
f 2965 2966 2982
f 2965 2982 2981
f 2966 2967 2983
f 2966 2983 2982
f 2967 2968 2984
f 2967 2984 2983
f 2968 2969 2985
f 2968 2985 2984
f 2969 2970 2986
f 2969 2986 2985
f 2970 2971 2987
f 2970 2987 2986
f 2971 2972 2988
f 2971 2988 2987
f 2972 2957 2973
f 2972 2973 2988
f 2973 2974 2990
f 2973 2990 2989
f 2974 2975 2991
f 2974 2991 2990
f 2975 2976 2992
f 2975 2992 2991
f 2976 2977 2993
f 2976 2993 2992
f 2977 2978 2994
f 2977 2994 2993
f 2978 2979 2995
f 2978 2995 2994
f 2979 2980 2996
f 2979 2996 2995
f 2980 2981 2997
f 2980 2997 2996
f 2981 2982 2998
f 2981 2998 2997
f 2982 2983 2999
f 2982 2999 2998
f 2983 2984 3000
f 2983 3000 2999
f 2984 2985 3001
f 2984 3001 3000
f 2985 2986 3002
f 2985 3002 3001
f 2986 2987 3003
f 2986 3003 3002
f 2987 2988 3004
f 2987 3004 3003
f 2988 2973 2989
f 2988 2989 3004
f 2989 2990 3006
f 2989 3006 3005
f 2990 2991 3007
f 2990 3007 3006
f 2991 2992 3008
f 2991 3008 3007
f 2992 2993 3009
f 2992 3009 3008
f 2993 2994 3010
f 2993 3010 3009
f 2994 2995 3011
f 2994 3011 3010
f 2995 2996 3012
f 2995 3012 3011
f 2996 2997 3013
f 2996 3013 3012
f 2997 2998 3014
f 2997 3014 3013
f 2998 2999 3015
f 2998 3015 3014
f 2999 3000 3016
f 2999 3016 3015
f 3000 3001 3017
f 3000 3017 3016
f 3001 3002 3018
f 3001 3018 3017
f 3002 3003 3019
f 3002 3019 3018
f 3003 3004 3020
f 3003 3020 3019
f 3004 2989 3005
f 3004 3005 3020
f 3005 3006 3022
f 3005 3022 3021
f 3006 3007 3023
f 3006 3023 3022
f 3007 3008 3024
f 3007 3024 3023
f 3008 3009 3025
f 3008 3025 3024
f 3009 3010 3026
f 3009 3026 3025
f 3010 3011 3027
f 3010 3027 3026
f 3011 3012 3028
f 3011 3028 3027
f 3012 3013 3029
f 3012 3029 3028
f 3013 3014 3030
f 3013 3030 3029
f 3014 3015 3031
f 3014 3031 3030
f 3015 3016 3032
f 3015 3032 3031
f 3016 3017 3033
f 3016 3033 3032
f 3017 3018 3034
f 3017 3034 3033
f 3018 3019 3035
f 3018 3035 3034
f 3019 3020 3036
f 3019 3036 3035
f 3020 3005 3021
f 3020 3021 3036
f 3021 3022 3038
f 3021 3038 3037
f 3022 3023 3039
f 3022 3039 3038
f 3023 3024 3040
f 3023 3040 3039
f 3024 3025 3041
f 3024 3041 3040
f 3025 3026 3042
f 3025 3042 3041
f 3026 3027 3043
f 3026 3043 3042
f 3027 3028 3044
f 3027 3044 3043
f 3028 3029 3045
f 3028 3045 3044
f 3029 3030 3046
f 3029 3046 3045
f 3030 3031 3047
f 3030 3047 3046
f 3031 3032 3048
f 3031 3048 3047
f 3032 3033 3049
f 3032 3049 3048
f 3033 3034 3050
f 3033 3050 3049
f 3034 3035 3051
f 3034 3051 3050
f 3035 3036 3052
f 3035 3052 3051
f 3036 3021 3037
f 3036 3037 3052
f 3037 3038 3054
f 3037 3054 3053
f 3038 3039 3055
f 3038 3055 3054
f 3039 3040 3056
f 3039 3056 3055
f 3040 3041 3057
f 3040 3057 3056
f 3041 3042 3058
f 3041 3058 3057
f 3042 3043 3059
f 3042 3059 3058
f 3043 3044 3060
f 3043 3060 3059
f 3044 3045 3061
f 3044 3061 3060
f 3045 3046 3062
f 3045 3062 3061
f 3046 3047 3063
f 3046 3063 3062
f 3047 3048 3064
f 3047 3064 3063
f 3048 3049 3065
f 3048 3065 3064
f 3049 3050 3066
f 3049 3066 3065
f 3050 3051 3067
f 3050 3067 3066
f 3051 3052 3068
f 3051 3068 3067
f 3052 3037 3053
f 3052 3053 3068
f 3069 2670 2669
f 3069 2671 2670
f 3069 2672 2671
f 3069 2673 2672
f 3069 2674 2673
f 3069 2675 2674
f 3069 2676 2675
f 3069 2677 2676
f 3069 2678 2677
f 3069 2679 2678
f 3069 2680 2679
f 3069 2681 2680
f 3069 2682 2681
f 3069 2683 2682
f 3069 2684 2683
f 3069 2669 2684
f 3070 3053 3054
f 3070 3054 3055
f 3070 3055 3056
f 3070 3056 3057
f 3070 3057 3058
f 3070 3058 3059
f 3070 3059 3060
f 3070 3060 3061
f 3070 3061 3062
f 3070 3062 3063
f 3070 3063 3064
f 3070 3064 3065
f 3070 3065 3066
f 3070 3066 3067
f 3070 3067 3068
f 3070 3068 3053
o Ilyth_Contact_L_Rear0
usemtl soft_charcoal
s 1
v -1.55103 0.27752 -1.58142
v -1.51120 0.30351 -1.62480
v -1.45905 0.29289 -1.64277
v -1.42514 0.25188 -1.62480
v -1.42933 0.20450 -1.58142
v -1.46917 0.17851 -1.53803
v -1.52131 0.18913 -1.52006
v -1.55522 0.23014 -1.53803
v -1.57134 0.24477 -1.61941
v -1.53266 0.26851 -1.66024
v -1.48071 0.25680 -1.67716
v -1.44592 0.21647 -1.66024
v -1.44867 0.17117 -1.61941
v -1.48735 0.14742 -1.57858
v -1.53930 0.15914 -1.56167
v -1.57409 0.19946 -1.57858
v -1.59975 0.19850 -1.67295
v -1.56280 0.21905 -1.71010
v -1.51129 0.20583 -1.72548
v -1.47538 0.16659 -1.71010
v -1.47612 0.12432 -1.67295
v -1.51308 0.10378 -1.63581
v -1.56459 0.11699 -1.62042
v -1.60049 0.15623 -1.63581
v -1.62402 0.15587 -1.72131
v -1.58936 0.17323 -1.75449
v -1.53937 0.15903 -1.76823
v -1.50331 0.12160 -1.75449
v -1.50232 0.08285 -1.72131
v -1.53698 0.06549 -1.68814
v -1.58697 0.07969 -1.67439
v -1.62303 0.11712 -1.68814
v -1.63998 0.12051 -1.75931
v -1.60876 0.13471 -1.78795
v -1.56245 0.12057 -1.79981
v -1.52817 0.08636 -1.78795
v -1.52601 0.05213 -1.75931
v -1.55723 0.03793 -1.73067
v -1.60354 0.05207 -1.71881
v -1.63782 0.08628 -1.73067
v -1.65179 0.08879 -1.79212
v -1.62457 0.09985 -1.81594
v -1.58302 0.08627 -1.82581
v -1.55149 0.05600 -1.81594
v -1.54844 0.02678 -1.79212
v -1.57566 0.01572 -1.76830
v -1.61720 0.02930 -1.75844
v -1.64874 0.05957 -1.76830
v -1.65964 0.06695 -1.81457
v -1.63528 0.07581 -1.83499
v -1.59718 0.06268 -1.84345
v -1.56766 0.03524 -1.83499
v -1.56402 0.00958 -1.81457
v -1.58838 0.00071 -1.79416
v -1.62648 0.01385 -1.78570
v -1.65599 0.04128 -1.79416
v -1.49018 0.24101 -1.58142
v -1.61183 0.03826 -1.81457
f 3071 3072 3080
f 3071 3080 3079
f 3072 3073 3081
f 3072 3081 3080
f 3073 3074 3082
f 3073 3082 3081
f 3074 3075 3083
f 3074 3083 3082
f 3075 3076 3084
f 3075 3084 3083
f 3076 3077 3085
f 3076 3085 3084
f 3077 3078 3086
f 3077 3086 3085
f 3078 3071 3079
f 3078 3079 3086
f 3079 3080 3088
f 3079 3088 3087
f 3080 3081 3089
f 3080 3089 3088
f 3081 3082 3090
f 3081 3090 3089
f 3082 3083 3091
f 3082 3091 3090
f 3083 3084 3092
f 3083 3092 3091
f 3084 3085 3093
f 3084 3093 3092
f 3085 3086 3094
f 3085 3094 3093
f 3086 3079 3087
f 3086 3087 3094
f 3087 3088 3096
f 3087 3096 3095
f 3088 3089 3097
f 3088 3097 3096
f 3089 3090 3098
f 3089 3098 3097
f 3090 3091 3099
f 3090 3099 3098
f 3091 3092 3100
f 3091 3100 3099
f 3092 3093 3101
f 3092 3101 3100
f 3093 3094 3102
f 3093 3102 3101
f 3094 3087 3095
f 3094 3095 3102
f 3095 3096 3104
f 3095 3104 3103
f 3096 3097 3105
f 3096 3105 3104
f 3097 3098 3106
f 3097 3106 3105
f 3098 3099 3107
f 3098 3107 3106
f 3099 3100 3108
f 3099 3108 3107
f 3100 3101 3109
f 3100 3109 3108
f 3101 3102 3110
f 3101 3110 3109
f 3102 3095 3103
f 3102 3103 3110
f 3103 3104 3112
f 3103 3112 3111
f 3104 3105 3113
f 3104 3113 3112
f 3105 3106 3114
f 3105 3114 3113
f 3106 3107 3115
f 3106 3115 3114
f 3107 3108 3116
f 3107 3116 3115
f 3108 3109 3117
f 3108 3117 3116
f 3109 3110 3118
f 3109 3118 3117
f 3110 3103 3111
f 3110 3111 3118
f 3111 3112 3120
f 3111 3120 3119
f 3112 3113 3121
f 3112 3121 3120
f 3113 3114 3122
f 3113 3122 3121
f 3114 3115 3123
f 3114 3123 3122
f 3115 3116 3124
f 3115 3124 3123
f 3116 3117 3125
f 3116 3125 3124
f 3117 3118 3126
f 3117 3126 3125
f 3118 3111 3119
f 3118 3119 3126
f 3127 3072 3071
f 3127 3073 3072
f 3127 3074 3073
f 3127 3075 3074
f 3127 3076 3075
f 3127 3077 3076
f 3127 3078 3077
f 3127 3071 3078
f 3128 3119 3120
f 3128 3120 3121
f 3128 3121 3122
f 3128 3122 3123
f 3128 3123 3124
f 3128 3124 3125
f 3128 3125 3126
f 3128 3126 3119
o Ilyth_Contact_L_Rear1
usemtl soft_charcoal
s 1
v -1.56114 0.24101 -1.58142
v -1.54036 0.28698 -1.62140
v -1.49018 0.30603 -1.63796
v -1.44000 0.28698 -1.62140
v -1.41922 0.24101 -1.58142
v -1.44000 0.19503 -1.54144
v -1.49018 0.17599 -1.52488
v -1.54036 0.19503 -1.54144
v -1.56171 0.20797 -1.61941
v -1.54076 0.25124 -1.65704
v -1.49018 0.26916 -1.67263
v -1.43961 0.25124 -1.65704
v -1.41866 0.20797 -1.61941
v -1.43961 0.16469 -1.58178
v -1.49018 0.14677 -1.56620
v -1.54076 0.16469 -1.58178
v -1.56227 0.16141 -1.67295
v -1.54115 0.20078 -1.70718
v -1.49018 0.21708 -1.72136
v -1.43921 0.20078 -1.70718
v -1.41809 0.16141 -1.67295
v -1.43921 0.12204 -1.63872
v -1.49018 0.10574 -1.62454
v -1.54115 0.12204 -1.63872
v -1.56114 0.11936 -1.72131
v -1.54036 0.15452 -1.75188
v -1.49018 0.16908 -1.76455
v -1.44000 0.15452 -1.75188
v -1.41922 0.11936 -1.72131
v -1.44000 0.08420 -1.69074
v -1.49018 0.06964 -1.67807
v -1.54036 0.08420 -1.69074
v -1.55664 0.08632 -1.75931
v -1.53717 0.11667 -1.78570
v -1.49018 0.12924 -1.79663
v -1.44319 0.11667 -1.78570
v -1.42373 0.08632 -1.75931
v -1.44319 0.05597 -1.73292
v -1.49018 0.04340 -1.72198
v -1.53717 0.05597 -1.73292
v -1.55044 0.05779 -1.79212
v -1.53279 0.08303 -1.81407
v -1.49018 0.09348 -1.82316
v -1.44757 0.08303 -1.81407
v -1.42992 0.05779 -1.79212
v -1.44757 0.03254 -1.77017
v -1.49018 0.02209 -1.76108
v -1.53279 0.03254 -1.77017
v -1.54594 0.03826 -1.81457
v -1.52961 0.05990 -1.83339
v -1.49018 0.06886 -1.84118
v -1.45076 0.05990 -1.83339
v -1.43443 0.03826 -1.81457
v -1.45076 0.01662 -1.79576
v -1.49018 0.00766 -1.78797
v -1.52961 0.01662 -1.79576
v -1.49018 0.24101 -1.58142
v -1.49018 0.03826 -1.81457
f 3129 3130 3138
f 3129 3138 3137
f 3130 3131 3139
f 3130 3139 3138
f 3131 3132 3140
f 3131 3140 3139
f 3132 3133 3141
f 3132 3141 3140
f 3133 3134 3142
f 3133 3142 3141
f 3134 3135 3143
f 3134 3143 3142
f 3135 3136 3144
f 3135 3144 3143
f 3136 3129 3137
f 3136 3137 3144
f 3137 3138 3146
f 3137 3146 3145
f 3138 3139 3147
f 3138 3147 3146
f 3139 3140 3148
f 3139 3148 3147
f 3140 3141 3149
f 3140 3149 3148
f 3141 3142 3150
f 3141 3150 3149
f 3142 3143 3151
f 3142 3151 3150
f 3143 3144 3152
f 3143 3152 3151
f 3144 3137 3145
f 3144 3145 3152
f 3145 3146 3154
f 3145 3154 3153
f 3146 3147 3155
f 3146 3155 3154
f 3147 3148 3156
f 3147 3156 3155
f 3148 3149 3157
f 3148 3157 3156
f 3149 3150 3158
f 3149 3158 3157
f 3150 3151 3159
f 3150 3159 3158
f 3151 3152 3160
f 3151 3160 3159
f 3152 3145 3153
f 3152 3153 3160
f 3153 3154 3162
f 3153 3162 3161
f 3154 3155 3163
f 3154 3163 3162
f 3155 3156 3164
f 3155 3164 3163
f 3156 3157 3165
f 3156 3165 3164
f 3157 3158 3166
f 3157 3166 3165
f 3158 3159 3167
f 3158 3167 3166
f 3159 3160 3168
f 3159 3168 3167
f 3160 3153 3161
f 3160 3161 3168
f 3161 3162 3170
f 3161 3170 3169
f 3162 3163 3171
f 3162 3171 3170
f 3163 3164 3172
f 3163 3172 3171
f 3164 3165 3173
f 3164 3173 3172
f 3165 3166 3174
f 3165 3174 3173
f 3166 3167 3175
f 3166 3175 3174
f 3167 3168 3176
f 3167 3176 3175
f 3168 3161 3169
f 3168 3169 3176
f 3169 3170 3178
f 3169 3178 3177
f 3170 3171 3179
f 3170 3179 3178
f 3171 3172 3180
f 3171 3180 3179
f 3172 3173 3181
f 3172 3181 3180
f 3173 3174 3182
f 3173 3182 3181
f 3174 3175 3183
f 3174 3183 3182
f 3175 3176 3184
f 3175 3184 3183
f 3176 3169 3177
f 3176 3177 3184
f 3185 3130 3129
f 3185 3131 3130
f 3185 3132 3131
f 3185 3133 3132
f 3185 3134 3133
f 3185 3135 3134
f 3185 3136 3135
f 3185 3129 3136
f 3186 3177 3178
f 3186 3178 3179
f 3186 3179 3180
f 3186 3180 3181
f 3186 3181 3182
f 3186 3182 3183
f 3186 3183 3184
f 3186 3184 3177
o Ilyth_Contact_L_Rear2
usemtl soft_charcoal
s 1
v -1.55103 0.20450 -1.58142
v -1.55522 0.25188 -1.62480
v -1.52131 0.29289 -1.64277
v -1.46917 0.30351 -1.62480
v -1.42933 0.27752 -1.58142
v -1.42514 0.23014 -1.53803
v -1.45905 0.18913 -1.52006
v -1.51120 0.17851 -1.53803
v -1.53169 0.17117 -1.61941
v -1.53444 0.21647 -1.66024
v -1.49965 0.25680 -1.67716
v -1.44771 0.26851 -1.66024
v -1.40903 0.24477 -1.61941
v -1.40627 0.19946 -1.57858
v -1.44106 0.15914 -1.56167
v -1.49301 0.14742 -1.57858
v -1.50424 0.12432 -1.67295
v -1.50498 0.16659 -1.71010
v -1.46908 0.20583 -1.72548
v -1.41756 0.21905 -1.71010
v -1.38061 0.19850 -1.67295
v -1.37987 0.15623 -1.63581
v -1.41577 0.11699 -1.62042
v -1.46729 0.10378 -1.63581
v -1.47804 0.08285 -1.72131
v -1.47705 0.12160 -1.75449
v -1.44100 0.15903 -1.76823
v -1.39100 0.17323 -1.75449
v -1.35634 0.15587 -1.72131
v -1.35733 0.11712 -1.68814
v -1.39339 0.07969 -1.67439
v -1.44339 0.06549 -1.68814
v -1.45435 0.05213 -1.75931
v -1.45219 0.08636 -1.78795
v -1.41792 0.12057 -1.79981
v -1.37160 0.13471 -1.78795
v -1.34038 0.12051 -1.75931
v -1.34254 0.08628 -1.73067
v -1.37682 0.05207 -1.71881
v -1.42313 0.03793 -1.73067
v -1.43192 0.02678 -1.79212
v -1.42887 0.05600 -1.81594
v -1.39734 0.08627 -1.82581
v -1.35579 0.09985 -1.81594
v -1.32857 0.08879 -1.79212
v -1.33163 0.05957 -1.76830
v -1.36316 0.02930 -1.75844
v -1.40470 0.01572 -1.76830
v -1.41634 0.00958 -1.81457
v -1.41270 0.03524 -1.83499
v -1.38318 0.06268 -1.84345
v -1.34509 0.07581 -1.83499
v -1.32072 0.06695 -1.81457
v -1.32437 0.04128 -1.79416
v -1.35389 0.01385 -1.78570
v -1.39198 0.00071 -1.79416
v -1.49018 0.24101 -1.58142
v -1.36853 0.03826 -1.81457
f 3187 3188 3196
f 3187 3196 3195
f 3188 3189 3197
f 3188 3197 3196
f 3189 3190 3198
f 3189 3198 3197
f 3190 3191 3199
f 3190 3199 3198
f 3191 3192 3200
f 3191 3200 3199
f 3192 3193 3201
f 3192 3201 3200
f 3193 3194 3202
f 3193 3202 3201
f 3194 3187 3195
f 3194 3195 3202
f 3195 3196 3204
f 3195 3204 3203
f 3196 3197 3205
f 3196 3205 3204
f 3197 3198 3206
f 3197 3206 3205
f 3198 3199 3207
f 3198 3207 3206
f 3199 3200 3208
f 3199 3208 3207
f 3200 3201 3209
f 3200 3209 3208
f 3201 3202 3210
f 3201 3210 3209
f 3202 3195 3203
f 3202 3203 3210
f 3203 3204 3212
f 3203 3212 3211
f 3204 3205 3213
f 3204 3213 3212
f 3205 3206 3214
f 3205 3214 3213
f 3206 3207 3215
f 3206 3215 3214
f 3207 3208 3216
f 3207 3216 3215
f 3208 3209 3217
f 3208 3217 3216
f 3209 3210 3218
f 3209 3218 3217
f 3210 3203 3211
f 3210 3211 3218
f 3211 3212 3220
f 3211 3220 3219
f 3212 3213 3221
f 3212 3221 3220
f 3213 3214 3222
f 3213 3222 3221
f 3214 3215 3223
f 3214 3223 3222
f 3215 3216 3224
f 3215 3224 3223
f 3216 3217 3225
f 3216 3225 3224
f 3217 3218 3226
f 3217 3226 3225
f 3218 3211 3219
f 3218 3219 3226
f 3219 3220 3228
f 3219 3228 3227
f 3220 3221 3229
f 3220 3229 3228
f 3221 3222 3230
f 3221 3230 3229
f 3222 3223 3231
f 3222 3231 3230
f 3223 3224 3232
f 3223 3232 3231
f 3224 3225 3233
f 3224 3233 3232
f 3225 3226 3234
f 3225 3234 3233
f 3226 3219 3227
f 3226 3227 3234
f 3227 3228 3236
f 3227 3236 3235
f 3228 3229 3237
f 3228 3237 3236
f 3229 3230 3238
f 3229 3238 3237
f 3230 3231 3239
f 3230 3239 3238
f 3231 3232 3240
f 3231 3240 3239
f 3232 3233 3241
f 3232 3241 3240
f 3233 3234 3242
f 3233 3242 3241
f 3234 3227 3235
f 3234 3235 3242
f 3243 3188 3187
f 3243 3189 3188
f 3243 3190 3189
f 3243 3191 3190
f 3243 3192 3191
f 3243 3193 3192
f 3243 3194 3193
f 3243 3187 3194
f 3244 3235 3236
f 3244 3236 3237
f 3244 3237 3238
f 3244 3238 3239
f 3244 3239 3240
f 3244 3240 3241
f 3244 3241 3242
f 3244 3242 3235
o Ilyth_GrownRidge_L_Rear
usemtl grown_mineral
s 1
v -1.05608 4.24907 -0.95290
v -1.04631 4.25072 -0.97567
v -1.02340 4.24917 -0.98510
v -1.00076 4.24531 -0.97567
v -0.99165 4.24141 -0.95290
v -1.00142 4.23975 -0.93014
v -1.02433 4.24130 -0.92071
v -1.04697 4.24516 -0.93014
v -1.10076 3.87324 -0.99946
v -1.09099 3.87489 -1.02223
v -1.06808 3.87332 -1.03166
v -1.04544 3.86946 -1.02223
v -1.03633 3.86557 -0.99946
v -1.04610 3.86392 -0.97669
v -1.06901 3.86549 -0.96726
v -1.09165 3.86935 -0.97669
v -1.16458 3.33866 -1.06517
v -1.15482 3.34020 -1.08794
v -1.13191 3.33855 -1.09738
v -1.10928 3.33468 -1.08794
v -1.10017 3.33085 -1.06517
v -1.10993 3.32932 -1.04239
v -1.13283 3.33097 -1.03295
v -1.15547 3.33484 -1.04239
v -1.22838 2.81996 -1.12524
v -1.21865 2.82119 -1.14805
v -1.19576 2.81931 -1.15749
v -1.17314 2.81542 -1.14805
v -1.16402 2.81180 -1.12524
v -1.17375 2.81056 -1.10243
v -1.19664 2.81244 -1.09298
v -1.21926 2.81634 -1.10243
v -1.29218 2.33282 -1.17405
v -1.28248 2.33372 -1.19688
v -1.25962 2.33158 -1.20634
v -1.23700 2.32766 -1.19688
v -1.22787 2.32426 -1.17405
v -1.23758 2.32336 -1.15121
v -1.26043 2.32549 -1.14175
v -1.28305 2.32941 -1.15121
v -1.35600 1.86133 -1.21723
v -1.34631 1.86209 -1.24007
v -1.32346 1.85985 -1.24953
v -1.30085 1.85593 -1.24007
v -1.29171 1.85261 -1.21723
v -1.30140 1.85184 -1.19438
v -1.32425 1.85408 -1.18492
v -1.34686 1.85801 -1.19438
v -1.40068 1.53281 -1.24689
v -1.39099 1.53356 -1.26973
v -1.36814 1.53131 -1.27920
v -1.34553 1.52738 -1.26973
v -1.33639 1.52407 -1.24689
v -1.34608 1.52333 -1.22404
v -1.36892 1.52558 -1.21458
v -1.39154 1.52951 -1.22404
v -1.02387 4.24524 -0.95290
v -1.36853 1.52844 -1.24689
f 3245 3246 3254
f 3245 3254 3253
f 3246 3247 3255
f 3246 3255 3254
f 3247 3248 3256
f 3247 3256 3255
f 3248 3249 3257
f 3248 3257 3256
f 3249 3250 3258
f 3249 3258 3257
f 3250 3251 3259
f 3250 3259 3258
f 3251 3252 3260
f 3251 3260 3259
f 3252 3245 3253
f 3252 3253 3260
f 3253 3254 3262
f 3253 3262 3261
f 3254 3255 3263
f 3254 3263 3262
f 3255 3256 3264
f 3255 3264 3263
f 3256 3257 3265
f 3256 3265 3264
f 3257 3258 3266
f 3257 3266 3265
f 3258 3259 3267
f 3258 3267 3266
f 3259 3260 3268
f 3259 3268 3267
f 3260 3253 3261
f 3260 3261 3268
f 3261 3262 3270
f 3261 3270 3269
f 3262 3263 3271
f 3262 3271 3270
f 3263 3264 3272
f 3263 3272 3271
f 3264 3265 3273
f 3264 3273 3272
f 3265 3266 3274
f 3265 3274 3273
f 3266 3267 3275
f 3266 3275 3274
f 3267 3268 3276
f 3267 3276 3275
f 3268 3261 3269
f 3268 3269 3276
f 3269 3270 3278
f 3269 3278 3277
f 3270 3271 3279
f 3270 3279 3278
f 3271 3272 3280
f 3271 3280 3279
f 3272 3273 3281
f 3272 3281 3280
f 3273 3274 3282
f 3273 3282 3281
f 3274 3275 3283
f 3274 3283 3282
f 3275 3276 3284
f 3275 3284 3283
f 3276 3269 3277
f 3276 3277 3284
f 3277 3278 3286
f 3277 3286 3285
f 3278 3279 3287
f 3278 3287 3286
f 3279 3280 3288
f 3279 3288 3287
f 3280 3281 3289
f 3280 3289 3288
f 3281 3282 3290
f 3281 3290 3289
f 3282 3283 3291
f 3282 3291 3290
f 3283 3284 3292
f 3283 3292 3291
f 3284 3277 3285
f 3284 3285 3292
f 3285 3286 3294
f 3285 3294 3293
f 3286 3287 3295
f 3286 3295 3294
f 3287 3288 3296
f 3287 3296 3295
f 3288 3289 3297
f 3288 3297 3296
f 3289 3290 3298
f 3289 3298 3297
f 3290 3291 3299
f 3290 3299 3298
f 3291 3292 3300
f 3291 3300 3299
f 3292 3285 3293
f 3292 3293 3300
f 3301 3246 3245
f 3301 3247 3246
f 3301 3248 3247
f 3301 3249 3248
f 3301 3250 3249
f 3301 3251 3250
f 3301 3252 3251
f 3301 3245 3252
f 3302 3293 3294
f 3302 3294 3295
f 3302 3295 3296
f 3302 3296 3297
f 3302 3297 3298
f 3302 3298 3299
f 3302 3299 3300
f 3302 3300 3293
o Ilyth_Limb_L_Fore
usemtl living_pearl
s 1
v -0.52565 5.29429 0.67920
v -0.52785 5.23304 0.54168
v -0.47554 5.15157 0.44100
v -0.38272 5.07172 0.40416
v -0.27428 5.01487 0.44100
v -0.17926 4.99627 0.54168
v -0.12313 5.02089 0.67920
v -0.12093 5.08214 0.81672
v -0.17325 5.16361 0.91739
v -0.26607 5.24346 0.95424
v -0.37451 5.30031 0.91739
v -0.46953 5.31891 0.81672
v -0.69896 5.04915 0.79198
v -0.69915 4.98905 0.65716
v -0.64390 4.90787 0.55846
v -0.54804 4.82737 0.52233
v -0.43724 4.76911 0.55846
v -0.34119 4.74871 0.65716
v -0.28563 4.77163 0.79198
v -0.28545 4.83174 0.92681
v -0.34069 4.91291 1.02551
v -0.43655 4.99342 1.06164
v -0.54735 5.05167 1.02551
v -0.64340 5.07207 0.92681
v -0.94207 4.69596 0.94532
v -0.93529 4.64167 0.81312
v -0.87201 4.56598 0.71634
v -0.76917 4.48917 0.68091
v -0.65434 4.43183 0.71634
v -0.55828 4.40932 0.81312
v -0.50673 4.42767 0.94532
v -0.51351 4.48197 1.07752
v -0.57680 4.55766 1.17431
v -0.67963 4.63446 1.20973
v -0.79447 4.69180 1.17431
v -0.89053 4.71431 1.07752
v -1.13307 4.34980 1.04414
v -1.11089 4.31649 0.91407
v -1.03279 4.26408 0.81885
v -0.91970 4.20663 0.78400
v -0.80193 4.15952 0.81885
v -0.71103 4.13538 0.91407
v -0.67136 4.14067 1.04414
v -0.69355 4.17398 1.17421
v -0.77165 4.22639 1.26943
v -0.88473 4.28384 1.30428
v -1.00250 4.33095 1.26943
v -1.09340 4.35509 1.17421
v -1.19802 4.06990 1.04091
v -1.16379 4.08169 0.92114
v -1.07669 4.07891 0.83346
v -0.96006 4.06231 0.80137
v -0.84516 4.03633 0.83346
v -0.76277 4.00794 0.92114
v -0.73497 3.98474 1.04091
v -0.76920 3.97296 1.16068
v -0.85630 3.97574 1.24836
v -0.97293 3.99234 1.28045
v -1.08783 4.01831 1.24836
v -1.17022 4.04670 1.16068
v -1.18447 3.85415 0.98317
v -1.15470 3.88352 0.87962
v -1.07718 3.90160 0.80381
v -0.97267 3.90355 0.77606
v -0.86919 3.88885 0.80381
v -0.79446 3.86143 0.87962
v -0.76850 3.82864 0.98317
v -0.79827 3.79927 1.08672
v -0.87579 3.78119 1.16252
v -0.98030 3.77924 1.19027
v -1.08378 3.79394 1.16252
v -1.15851 3.82136 1.08672
v -1.17283 3.64047 0.91844
v -1.14567 3.66413 0.82584
v -1.07718 3.67618 0.75805
v -0.98572 3.67339 0.73324
v -0.89578 3.65650 0.75805
v -0.83147 3.63003 0.82584
v -0.81002 3.60109 0.91844
v -0.83718 3.57742 1.01104
v -0.90567 3.56537 1.07882
v -0.99714 3.56817 1.10363
v -1.08707 3.58506 1.07882
v -1.15138 3.61152 1.01104
v -1.18875 3.36199 0.83899
v -1.16441 3.38172 0.75573
v -1.10431 3.39020 0.69479
v -1.02454 3.38518 0.67248
v -0.94648 3.36800 0.69479
v -0.89105 3.34325 0.75573
v -0.87310 3.31758 0.83899
v -0.89744 3.29786 0.92225
v -0.95754 3.28937 0.98320
v -1.03731 3.29440 1.00551
v -1.11537 3.31158 0.98320
v -1.17080 3.33632 0.92225
v -1.21140 3.04367 0.75256
v -1.19138 3.05352 0.67606
v -1.14028 3.05549 0.62006
v -1.07179 3.04905 0.59956
v -1.00426 3.03592 0.62006
v -0.95579 3.01963 0.67606
v -0.93936 3.00454 0.75256
v -0.95938 2.99469 0.82906
v -1.01048 2.99272 0.88507
v -1.07897 2.99916 0.90556
v -1.14649 3.01229 0.88507
v -1.19497 3.02858 0.82906
v -1.24551 2.70235 0.72988
v -1.23042 2.69318 0.65925
v -1.18714 2.68157 0.60754
v -1.12728 2.67064 0.58862
v -1.06687 2.66332 0.60754
v -1.02210 2.66156 0.65925
v -1.00497 2.66584 0.72988
v -1.02006 2.67501 0.80052
v -1.06334 2.68662 0.85223
v -1.12320 2.69754 0.87115
v -1.18361 2.70487 0.85223
v -1.22838 2.70663 0.80052
v -1.30120 2.31684 0.82324
v -1.28887 2.29434 0.75799
v -1.24885 2.27296 0.71022
v -1.19185 2.25843 0.69274
v -1.13314 2.25465 0.71022
v -1.08847 2.26262 0.75799
v -1.06980 2.28020 0.82324
v -1.08213 2.30270 0.88849
v -1.12215 2.32408 0.93626
v -1.17915 2.33861 0.95374
v -1.23785 2.34239 0.93626
v -1.28253 2.33442 0.88849
v -1.36853 1.90724 0.98035
v -1.35654 1.88122 0.91671
v -1.31632 1.85718 0.87011
v -1.25863 1.84156 0.85306
v -1.19895 1.83855 0.87011
v -1.15326 1.84896 0.91671
v -1.13380 1.86999 0.98035
v -1.14579 1.89602 1.04400
v -1.18602 1.92006 1.09059
v -1.24370 1.93567 1.10764
v -1.30338 1.93868 1.09059
v -1.34907 1.92828 1.04400
v -1.42296 1.54603 1.11510
v -1.41064 1.52321 1.05254
v -1.37074 1.50180 1.00675
v -1.31395 1.48752 0.98999
v -1.25549 1.48421 1.00675
v -1.21103 1.49275 1.05254
v -1.19247 1.51086 1.11510
v -1.20478 1.53367 1.17766
v -1.24468 1.55509 1.22345
v -1.30147 1.56936 1.24022
v -1.35993 1.57267 1.22345
v -1.40439 1.56413 1.17766
v -1.45069 1.26920 1.19258
v -1.43906 1.25227 1.13521
v -1.40301 1.23593 1.09322
v -1.35220 1.22457 1.07785
v -1.30025 1.22122 1.09322
v -1.26106 1.22679 1.13521
v -1.24516 1.23978 1.19258
v -1.25678 1.25672 1.24994
v -1.29283 1.27305 1.29193
v -1.34364 1.28441 1.30731
v -1.39560 1.28776 1.29193
v -1.43478 1.28219 1.24994
v -1.46529 1.04222 1.24769
v -1.45539 1.02868 1.19808
v -1.42502 1.01556 1.16175
v -1.38232 1.00638 1.14846
v -1.33873 1.00360 1.16175
v -1.30594 1.00797 1.19808
v -1.29273 1.01832 1.24769
v -1.30263 1.03186 1.29731
v -1.33300 1.04498 1.33363
v -1.37570 1.05416 1.34693
v -1.41928 1.05694 1.33363
v -1.45208 1.05257 1.29731
v -1.48336 0.83090 1.29909
v -1.47481 0.81853 1.25484
v -1.44838 0.80664 1.22244
v -1.41114 0.79843 1.21058
v -1.37308 0.79609 1.22244
v -1.34440 0.80025 1.25484
v -1.33278 0.80980 1.29909
v -1.34133 0.82218 1.34335
v -1.36776 0.83407 1.37574
v -1.40500 0.84228 1.38760
v -1.44306 0.84462 1.37574
v -1.47174 0.84045 1.34335
v -1.51511 0.60691 1.35733
v -1.50662 0.59423 1.31315
v -1.48023 0.58209 1.28081
v -1.44302 0.57374 1.26897
v -1.40496 0.57142 1.28081
v -1.37624 0.57575 1.31315
v -1.36456 0.58557 1.35733
v -1.37305 0.59826 1.40151
v -1.39943 0.61040 1.43385
v -1.43664 0.61875 1.44568
v -1.47471 0.62107 1.43385
v -1.50343 0.61674 1.40151
v -1.55042 0.39790 1.41184
v -1.54128 0.38442 1.36494
v -1.51293 0.37147 1.33060
v -1.47296 0.36254 1.31803
v -1.43208 0.36001 1.33060
v -1.40124 0.36457 1.36494
v -1.38872 0.37498 1.41184
v -1.39785 0.38846 1.45875
v -1.42621 0.40140 1.49309
v -1.46618 0.41034 1.50566
v -1.50706 0.41286 1.49309
v -1.53790 0.40831 1.45875
v -1.57550 0.25310 1.44963
v -1.56584 0.23898 1.40054
v -1.53591 0.22540 1.36461
v -1.49373 0.21600 1.35146
v -1.45059 0.21330 1.36461
v -1.41807 0.21803 1.40054
v -1.40487 0.22892 1.44963
v -1.41452 0.24304 1.49872
v -1.44445 0.25662 1.53465
v -1.48664 0.26602 1.54781
v -1.52977 0.26871 1.53465
v -1.56229 0.26398 1.49872
v -0.32439 5.15759 0.67920
v -1.49018 0.24101 1.44963
f 3303 3304 3316
f 3303 3316 3315
f 3304 3305 3317
f 3304 3317 3316
f 3305 3306 3318
f 3305 3318 3317
f 3306 3307 3319
f 3306 3319 3318
f 3307 3308 3320
f 3307 3320 3319
f 3308 3309 3321
f 3308 3321 3320
f 3309 3310 3322
f 3309 3322 3321
f 3310 3311 3323
f 3310 3323 3322
f 3311 3312 3324
f 3311 3324 3323
f 3312 3313 3325
f 3312 3325 3324
f 3313 3314 3326
f 3313 3326 3325
f 3314 3303 3315
f 3314 3315 3326
f 3315 3316 3328
f 3315 3328 3327
f 3316 3317 3329
f 3316 3329 3328
f 3317 3318 3330
f 3317 3330 3329
f 3318 3319 3331
f 3318 3331 3330
f 3319 3320 3332
f 3319 3332 3331
f 3320 3321 3333
f 3320 3333 3332
f 3321 3322 3334
f 3321 3334 3333
f 3322 3323 3335
f 3322 3335 3334
f 3323 3324 3336
f 3323 3336 3335
f 3324 3325 3337
f 3324 3337 3336
f 3325 3326 3338
f 3325 3338 3337
f 3326 3315 3327
f 3326 3327 3338
f 3327 3328 3340
f 3327 3340 3339
f 3328 3329 3341
f 3328 3341 3340
f 3329 3330 3342
f 3329 3342 3341
f 3330 3331 3343
f 3330 3343 3342
f 3331 3332 3344
f 3331 3344 3343
f 3332 3333 3345
f 3332 3345 3344
f 3333 3334 3346
f 3333 3346 3345
f 3334 3335 3347
f 3334 3347 3346
f 3335 3336 3348
f 3335 3348 3347
f 3336 3337 3349
f 3336 3349 3348
f 3337 3338 3350
f 3337 3350 3349
f 3338 3327 3339
f 3338 3339 3350
f 3339 3340 3352
f 3339 3352 3351
f 3340 3341 3353
f 3340 3353 3352
f 3341 3342 3354
f 3341 3354 3353
f 3342 3343 3355
f 3342 3355 3354
f 3343 3344 3356
f 3343 3356 3355
f 3344 3345 3357
f 3344 3357 3356
f 3345 3346 3358
f 3345 3358 3357
f 3346 3347 3359
f 3346 3359 3358
f 3347 3348 3360
f 3347 3360 3359
f 3348 3349 3361
f 3348 3361 3360
f 3349 3350 3362
f 3349 3362 3361
f 3350 3339 3351
f 3350 3351 3362
f 3351 3352 3364
f 3351 3364 3363
f 3352 3353 3365
f 3352 3365 3364
f 3353 3354 3366
f 3353 3366 3365
f 3354 3355 3367
f 3354 3367 3366
f 3355 3356 3368
f 3355 3368 3367
f 3356 3357 3369
f 3356 3369 3368
f 3357 3358 3370
f 3357 3370 3369
f 3358 3359 3371
f 3358 3371 3370
f 3359 3360 3372
f 3359 3372 3371
f 3360 3361 3373
f 3360 3373 3372
f 3361 3362 3374
f 3361 3374 3373
f 3362 3351 3363
f 3362 3363 3374
f 3363 3364 3376
f 3363 3376 3375
f 3364 3365 3377
f 3364 3377 3376
f 3365 3366 3378
f 3365 3378 3377
f 3366 3367 3379
f 3366 3379 3378
f 3367 3368 3380
f 3367 3380 3379
f 3368 3369 3381
f 3368 3381 3380
f 3369 3370 3382
f 3369 3382 3381
f 3370 3371 3383
f 3370 3383 3382
f 3371 3372 3384
f 3371 3384 3383
f 3372 3373 3385
f 3372 3385 3384
f 3373 3374 3386
f 3373 3386 3385
f 3374 3363 3375
f 3374 3375 3386
f 3375 3376 3388
f 3375 3388 3387
f 3376 3377 3389
f 3376 3389 3388
f 3377 3378 3390
f 3377 3390 3389
f 3378 3379 3391
f 3378 3391 3390
f 3379 3380 3392
f 3379 3392 3391
f 3380 3381 3393
f 3380 3393 3392
f 3381 3382 3394
f 3381 3394 3393
f 3382 3383 3395
f 3382 3395 3394
f 3383 3384 3396
f 3383 3396 3395
f 3384 3385 3397
f 3384 3397 3396
f 3385 3386 3398
f 3385 3398 3397
f 3386 3375 3387
f 3386 3387 3398
f 3387 3388 3400
f 3387 3400 3399
f 3388 3389 3401
f 3388 3401 3400
f 3389 3390 3402
f 3389 3402 3401
f 3390 3391 3403
f 3390 3403 3402
f 3391 3392 3404
f 3391 3404 3403
f 3392 3393 3405
f 3392 3405 3404
f 3393 3394 3406
f 3393 3406 3405
f 3394 3395 3407
f 3394 3407 3406
f 3395 3396 3408
f 3395 3408 3407
f 3396 3397 3409
f 3396 3409 3408
f 3397 3398 3410
f 3397 3410 3409
f 3398 3387 3399
f 3398 3399 3410
f 3399 3400 3412
f 3399 3412 3411
f 3400 3401 3413
f 3400 3413 3412
f 3401 3402 3414
f 3401 3414 3413
f 3402 3403 3415
f 3402 3415 3414
f 3403 3404 3416
f 3403 3416 3415
f 3404 3405 3417
f 3404 3417 3416
f 3405 3406 3418
f 3405 3418 3417
f 3406 3407 3419
f 3406 3419 3418
f 3407 3408 3420
f 3407 3420 3419
f 3408 3409 3421
f 3408 3421 3420
f 3409 3410 3422
f 3409 3422 3421
f 3410 3399 3411
f 3410 3411 3422
f 3411 3412 3424
f 3411 3424 3423
f 3412 3413 3425
f 3412 3425 3424
f 3413 3414 3426
f 3413 3426 3425
f 3414 3415 3427
f 3414 3427 3426
f 3415 3416 3428
f 3415 3428 3427
f 3416 3417 3429
f 3416 3429 3428
f 3417 3418 3430
f 3417 3430 3429
f 3418 3419 3431
f 3418 3431 3430
f 3419 3420 3432
f 3419 3432 3431
f 3420 3421 3433
f 3420 3433 3432
f 3421 3422 3434
f 3421 3434 3433
f 3422 3411 3423
f 3422 3423 3434
f 3423 3424 3436
f 3423 3436 3435
f 3424 3425 3437
f 3424 3437 3436
f 3425 3426 3438
f 3425 3438 3437
f 3426 3427 3439
f 3426 3439 3438
f 3427 3428 3440
f 3427 3440 3439
f 3428 3429 3441
f 3428 3441 3440
f 3429 3430 3442
f 3429 3442 3441
f 3430 3431 3443
f 3430 3443 3442
f 3431 3432 3444
f 3431 3444 3443
f 3432 3433 3445
f 3432 3445 3444
f 3433 3434 3446
f 3433 3446 3445
f 3434 3423 3435
f 3434 3435 3446
f 3435 3436 3448
f 3435 3448 3447
f 3436 3437 3449
f 3436 3449 3448
f 3437 3438 3450
f 3437 3450 3449
f 3438 3439 3451
f 3438 3451 3450
f 3439 3440 3452
f 3439 3452 3451
f 3440 3441 3453
f 3440 3453 3452
f 3441 3442 3454
f 3441 3454 3453
f 3442 3443 3455
f 3442 3455 3454
f 3443 3444 3456
f 3443 3456 3455
f 3444 3445 3457
f 3444 3457 3456
f 3445 3446 3458
f 3445 3458 3457
f 3446 3435 3447
f 3446 3447 3458
f 3447 3448 3460
f 3447 3460 3459
f 3448 3449 3461
f 3448 3461 3460
f 3449 3450 3462
f 3449 3462 3461
f 3450 3451 3463
f 3450 3463 3462
f 3451 3452 3464
f 3451 3464 3463
f 3452 3453 3465
f 3452 3465 3464
f 3453 3454 3466
f 3453 3466 3465
f 3454 3455 3467
f 3454 3467 3466
f 3455 3456 3468
f 3455 3468 3467
f 3456 3457 3469
f 3456 3469 3468
f 3457 3458 3470
f 3457 3470 3469
f 3458 3447 3459
f 3458 3459 3470
f 3459 3460 3472
f 3459 3472 3471
f 3460 3461 3473
f 3460 3473 3472
f 3461 3462 3474
f 3461 3474 3473
f 3462 3463 3475
f 3462 3475 3474
f 3463 3464 3476
f 3463 3476 3475
f 3464 3465 3477
f 3464 3477 3476
f 3465 3466 3478
f 3465 3478 3477
f 3466 3467 3479
f 3466 3479 3478
f 3467 3468 3480
f 3467 3480 3479
f 3468 3469 3481
f 3468 3481 3480
f 3469 3470 3482
f 3469 3482 3481
f 3470 3459 3471
f 3470 3471 3482
f 3471 3472 3484
f 3471 3484 3483
f 3472 3473 3485
f 3472 3485 3484
f 3473 3474 3486
f 3473 3486 3485
f 3474 3475 3487
f 3474 3487 3486
f 3475 3476 3488
f 3475 3488 3487
f 3476 3477 3489
f 3476 3489 3488
f 3477 3478 3490
f 3477 3490 3489
f 3478 3479 3491
f 3478 3491 3490
f 3479 3480 3492
f 3479 3492 3491
f 3480 3481 3493
f 3480 3493 3492
f 3481 3482 3494
f 3481 3494 3493
f 3482 3471 3483
f 3482 3483 3494
f 3483 3484 3496
f 3483 3496 3495
f 3484 3485 3497
f 3484 3497 3496
f 3485 3486 3498
f 3485 3498 3497
f 3486 3487 3499
f 3486 3499 3498
f 3487 3488 3500
f 3487 3500 3499
f 3488 3489 3501
f 3488 3501 3500
f 3489 3490 3502
f 3489 3502 3501
f 3490 3491 3503
f 3490 3503 3502
f 3491 3492 3504
f 3491 3504 3503
f 3492 3493 3505
f 3492 3505 3504
f 3493 3494 3506
f 3493 3506 3505
f 3494 3483 3495
f 3494 3495 3506
f 3495 3496 3508
f 3495 3508 3507
f 3496 3497 3509
f 3496 3509 3508
f 3497 3498 3510
f 3497 3510 3509
f 3498 3499 3511
f 3498 3511 3510
f 3499 3500 3512
f 3499 3512 3511
f 3500 3501 3513
f 3500 3513 3512
f 3501 3502 3514
f 3501 3514 3513
f 3502 3503 3515
f 3502 3515 3514
f 3503 3504 3516
f 3503 3516 3515
f 3504 3505 3517
f 3504 3517 3516
f 3505 3506 3518
f 3505 3518 3517
f 3506 3495 3507
f 3506 3507 3518
f 3507 3508 3520
f 3507 3520 3519
f 3508 3509 3521
f 3508 3521 3520
f 3509 3510 3522
f 3509 3522 3521
f 3510 3511 3523
f 3510 3523 3522
f 3511 3512 3524
f 3511 3524 3523
f 3512 3513 3525
f 3512 3525 3524
f 3513 3514 3526
f 3513 3526 3525
f 3514 3515 3527
f 3514 3527 3526
f 3515 3516 3528
f 3515 3528 3527
f 3516 3517 3529
f 3516 3529 3528
f 3517 3518 3530
f 3517 3530 3529
f 3518 3507 3519
f 3518 3519 3530
f 3531 3304 3303
f 3531 3305 3304
f 3531 3306 3305
f 3531 3307 3306
f 3531 3308 3307
f 3531 3309 3308
f 3531 3310 3309
f 3531 3311 3310
f 3531 3312 3311
f 3531 3313 3312
f 3531 3314 3313
f 3531 3303 3314
f 3532 3519 3520
f 3532 3520 3521
f 3532 3521 3522
f 3532 3522 3523
f 3532 3523 3524
f 3532 3524 3525
f 3532 3525 3526
f 3532 3526 3527
f 3532 3527 3528
f 3532 3528 3529
f 3532 3529 3530
f 3532 3530 3519
o Ilyth_Shoulder_L_Fore
usemtl grown_mineral
s 1
v -0.93415 3.87029 1.04414
v -0.93442 3.87029 1.04172
v -0.93519 3.87029 1.03966
v -0.93634 3.87029 1.03829
v -0.93770 3.87029 1.03781
v -0.93906 3.87029 1.03829
v -0.94021 3.87029 1.03966
v -0.94098 3.87029 1.04172
v -0.94125 3.87029 1.04414
v -0.94098 3.87029 1.04656
v -0.94021 3.87029 1.04862
v -0.93906 3.87029 1.04999
v -0.93770 3.87029 1.05048
v -0.93634 3.87029 1.04999
v -0.93519 3.87029 1.04862
v -0.93442 3.87029 1.04656
v -0.92005 3.87751 1.04414
v -0.92139 3.87751 1.03208
v -0.92522 3.87751 1.02185
v -0.93094 3.87751 1.01502
v -0.93770 3.87751 1.01262
v -0.94445 3.87751 1.01502
v -0.95018 3.87751 1.02185
v -0.95401 3.87751 1.03208
v -0.95535 3.87751 1.04414
v -0.95401 3.87751 1.05620
v -0.95018 3.87751 1.06643
v -0.94445 3.87751 1.07327
v -0.93770 3.87751 1.07566
v -0.93094 3.87751 1.07327
v -0.92522 3.87751 1.06643
v -0.92139 3.87751 1.05620
v -0.90003 3.88875 1.04414
v -0.90289 3.88875 1.01840
v -0.91106 3.88875 0.99657
v -0.92328 3.88875 0.98199
v -0.93770 3.88875 0.97687
v -0.95212 3.88875 0.98199
v -0.96434 3.88875 0.99657
v -0.97250 3.88875 1.01840
v -0.97537 3.88875 1.04414
v -0.97250 3.88875 1.06988
v -0.96434 3.88875 1.09171
v -0.95212 3.88875 1.10629
v -0.93770 3.88875 1.11141
v -0.92328 3.88875 1.10629
v -0.91106 3.88875 1.09171
v -0.90289 3.88875 1.06988
v -0.88094 3.90654 1.04414
v -0.88526 3.90654 1.00535
v -0.89756 3.90654 0.97247
v -0.91598 3.90654 0.95050
v -0.93770 3.90654 0.94278
v -0.95942 3.90654 0.95050
v -0.97783 3.90654 0.97247
v -0.99014 3.90654 1.00535
v -0.99446 3.90654 1.04414
v -0.99014 3.90654 1.08293
v -0.97783 3.90654 1.11581
v -0.95942 3.90654 1.13778
v -0.93770 3.90654 1.14550
v -0.91598 3.90654 1.13778
v -0.89756 3.90654 1.11581
v -0.88526 3.90654 1.08293
v -0.86482 3.93223 1.04414
v -0.87036 3.93223 0.99434
v -0.88616 3.93223 0.95211
v -0.90981 3.93223 0.92390
v -0.93770 3.93223 0.91399
v -0.96559 3.93223 0.92390
v -0.98923 3.93223 0.95211
v -1.00503 3.93223 0.99434
v -1.01058 3.93223 1.04414
v -1.00503 3.93223 1.09395
v -0.98923 3.93223 1.13617
v -0.96559 3.93223 1.16438
v -0.93770 3.93223 1.17429
v -0.90981 3.93223 1.16438
v -0.88616 3.93223 1.13617
v -0.87036 3.93223 1.09395
v -0.84963 3.96447 1.04414
v -0.85633 3.96447 0.98395
v -0.87542 3.96447 0.93293
v -0.90399 3.96447 0.89884
v -0.93770 3.96447 0.88687
v -0.97140 3.96447 0.89884
v -0.99998 3.96447 0.93293
v -1.01907 3.96447 0.98395
v -1.02577 3.96447 1.04414
v -1.01907 3.96447 1.10433
v -0.99998 3.96447 1.15535
v -0.97140 3.96447 1.18944
v -0.93770 3.96447 1.20142
v -0.90399 3.96447 1.18944
v -0.87542 3.96447 1.15535
v -0.85633 3.96447 1.10433
v -0.83610 4.00171 1.04414
v -0.84383 4.00171 0.97471
v -0.86586 4.00171 0.91585
v -0.89882 4.00171 0.87652
v -0.93770 4.00171 0.86271
v -0.97658 4.00171 0.87652
v -1.00954 4.00171 0.91585
v -1.03157 4.00171 0.97471
v -1.03930 4.00171 1.04414
v -1.03157 4.00171 1.11357
v -1.00954 4.00171 1.17243
v -0.97658 4.00171 1.21176
v -0.93770 4.00171 1.22557
v -0.89882 4.00171 1.21176
v -0.86586 4.00171 1.17243
v -0.84383 4.00171 1.11357
v -0.82432 4.04417 1.04414
v -0.83295 4.04417 0.96666
v -0.85753 4.04417 0.90098
v -0.89431 4.04417 0.85709
v -0.93770 4.04417 0.84168
v -0.98109 4.04417 0.85709
v -1.01787 4.04417 0.90098
v -1.04245 4.04417 0.96666
v -1.05108 4.04417 1.04414
v -1.04245 4.04417 1.12162
v -1.01787 4.04417 1.18730
v -0.98109 4.04417 1.23119
v -0.93770 4.04417 1.24661
v -0.89431 4.04417 1.23119
v -0.85753 4.04417 1.18730
v -0.83295 4.04417 1.12162
v -0.81420 4.09162 1.04414
v -0.82360 4.09162 0.95975
v -0.85037 4.09162 0.88820
v -0.89044 4.09162 0.84040
v -0.93770 4.09162 0.82361
v -0.98496 4.09162 0.84040
v -1.02502 4.09162 0.88820
v -1.05179 4.09162 0.95975
v -1.06119 4.09162 1.04414
v -1.05179 4.09162 1.12853
v -1.02502 4.09162 1.20008
v -0.98496 4.09162 1.24788
v -0.93770 4.09162 1.26467
v -0.89044 4.09162 1.24788
v -0.85037 4.09162 1.20008
v -0.82360 4.09162 1.12853
v -0.80624 4.14177 1.04414
v -0.81625 4.14177 0.95431
v -0.84475 4.14177 0.87815
v -0.88739 4.14177 0.82727
v -0.93770 4.14177 0.80940
v -0.98800 4.14177 0.82727
v -1.03065 4.14177 0.87815
v -1.05915 4.14177 0.95431
v -1.06915 4.14177 1.04414
v -1.05915 4.14177 1.13397
v -1.03065 4.14177 1.21013
v -0.98800 4.14177 1.26101
v -0.93770 4.14177 1.27888
v -0.88739 4.14177 1.26101
v -0.84475 4.14177 1.21013
v -0.81625 4.14177 1.13397
v -0.80054 4.19474 1.04414
v -0.81098 4.19474 0.95041
v -0.84072 4.19474 0.87095
v -0.88521 4.19474 0.81786
v -0.93770 4.19474 0.79922
v -0.99019 4.19474 0.81786
v -1.03468 4.19474 0.87095
v -1.06441 4.19474 0.95041
v -1.07486 4.19474 1.04414
v -1.06441 4.19474 1.13787
v -1.03468 4.19474 1.21733
v -0.99019 4.19474 1.27042
v -0.93770 4.19474 1.28906
v -0.88521 4.19474 1.27042
v -0.84072 4.19474 1.21733
v -0.81098 4.19474 1.13787
v -0.79700 4.25040 1.04414
v -0.80771 4.25040 0.94799
v -0.83821 4.25040 0.86648
v -0.88385 4.25040 0.81201
v -0.93770 4.25040 0.79289
v -0.99154 4.25040 0.81201
v -1.03719 4.25040 0.86648
v -1.06769 4.25040 0.94799
v -1.07840 4.25040 1.04414
v -1.06769 4.25040 1.14029
v -1.03719 4.25040 1.22180
v -0.99154 4.25040 1.27627
v -0.93770 4.25040 1.29539
v -0.88385 4.25040 1.27627
v -0.83821 4.25040 1.22180
v -0.80771 4.25040 1.14029
v -0.79578 4.30606 1.04414
v -0.80658 4.30606 0.94716
v -0.83735 4.30606 0.86494
v -0.88339 4.30606 0.81000
v -0.93770 4.30606 0.79071
v -0.99201 4.30606 0.81000
v -1.03805 4.30606 0.86494
v -1.06882 4.30606 0.94716
v -1.07962 4.30606 1.04414
v -1.06882 4.30606 1.14112
v -1.03805 4.30606 1.22334
v -0.99201 4.30606 1.27828
v -0.93770 4.30606 1.29757
v -0.88339 4.30606 1.27828
v -0.83735 4.30606 1.22334
v -0.80658 4.30606 1.14112
v -0.79700 4.36172 1.04414
v -0.80771 4.36172 0.94799
v -0.83821 4.36172 0.86648
v -0.88385 4.36172 0.81201
v -0.93770 4.36172 0.79289
v -0.99154 4.36172 0.81201
v -1.03719 4.36172 0.86648
v -1.06769 4.36172 0.94799
v -1.07840 4.36172 1.04414
v -1.06769 4.36172 1.14029
v -1.03719 4.36172 1.22180
v -0.99154 4.36172 1.27627
v -0.93770 4.36172 1.29539
v -0.88385 4.36172 1.27627
v -0.83821 4.36172 1.22180
v -0.80771 4.36172 1.14029
v -0.80054 4.41738 1.04414
v -0.81098 4.41738 0.95041
v -0.84072 4.41738 0.87095
v -0.88521 4.41738 0.81786
v -0.93770 4.41738 0.79922
v -0.99019 4.41738 0.81786
v -1.03468 4.41738 0.87095
v -1.06441 4.41738 0.95041
v -1.07486 4.41738 1.04414
v -1.06441 4.41738 1.13787
v -1.03468 4.41738 1.21733
v -0.99019 4.41738 1.27042
v -0.93770 4.41738 1.28906
v -0.88521 4.41738 1.27042
v -0.84072 4.41738 1.21733
v -0.81098 4.41738 1.13787
v -0.80624 4.47035 1.04414
v -0.81625 4.47035 0.95431
v -0.84475 4.47035 0.87815
v -0.88739 4.47035 0.82727
v -0.93770 4.47035 0.80940
v -0.98800 4.47035 0.82727
v -1.03065 4.47035 0.87815
v -1.05915 4.47035 0.95431
v -1.06915 4.47035 1.04414
v -1.05915 4.47035 1.13397
v -1.03065 4.47035 1.21013
v -0.98800 4.47035 1.26101
v -0.93770 4.47035 1.27888
v -0.88739 4.47035 1.26101
v -0.84475 4.47035 1.21013
v -0.81625 4.47035 1.13397
v -0.81420 4.52050 1.04414
v -0.82360 4.52050 0.95975
v -0.85037 4.52050 0.88820
v -0.89044 4.52050 0.84040
v -0.93770 4.52050 0.82361
v -0.98496 4.52050 0.84040
v -1.02502 4.52050 0.88820
v -1.05179 4.52050 0.95975
v -1.06119 4.52050 1.04414
v -1.05179 4.52050 1.12853
v -1.02502 4.52050 1.20008
v -0.98496 4.52050 1.24788
v -0.93770 4.52050 1.26467
v -0.89044 4.52050 1.24788
v -0.85037 4.52050 1.20008
v -0.82360 4.52050 1.12853
v -0.82432 4.56795 1.04414
v -0.83295 4.56795 0.96666
v -0.85753 4.56795 0.90098
v -0.89431 4.56795 0.85709
v -0.93770 4.56795 0.84168
v -0.98109 4.56795 0.85709
v -1.01787 4.56795 0.90098
v -1.04245 4.56795 0.96666
v -1.05108 4.56795 1.04414
v -1.04245 4.56795 1.12162
v -1.01787 4.56795 1.18730
v -0.98109 4.56795 1.23119
v -0.93770 4.56795 1.24661
v -0.89431 4.56795 1.23119
v -0.85753 4.56795 1.18730
v -0.83295 4.56795 1.12162
v -0.83610 4.61041 1.04414
v -0.84383 4.61041 0.97471
v -0.86586 4.61041 0.91585
v -0.89882 4.61041 0.87652
v -0.93770 4.61041 0.86271
v -0.97658 4.61041 0.87652
v -1.00954 4.61041 0.91585
v -1.03157 4.61041 0.97471
v -1.03930 4.61041 1.04414
v -1.03157 4.61041 1.11357
v -1.00954 4.61041 1.17243
v -0.97658 4.61041 1.21176
v -0.93770 4.61041 1.22557
v -0.89882 4.61041 1.21176
v -0.86586 4.61041 1.17243
v -0.84383 4.61041 1.11357
v -0.84963 4.64764 1.04414
v -0.85633 4.64764 0.98395
v -0.87542 4.64764 0.93293
v -0.90399 4.64764 0.89884
v -0.93770 4.64764 0.88687
v -0.97140 4.64764 0.89884
v -0.99998 4.64764 0.93293
v -1.01907 4.64764 0.98395
v -1.02577 4.64764 1.04414
v -1.01907 4.64764 1.10433
v -0.99998 4.64764 1.15535
v -0.97140 4.64764 1.18944
v -0.93770 4.64764 1.20142
v -0.90399 4.64764 1.18944
v -0.87542 4.64764 1.15535
v -0.85633 4.64764 1.10433
v -0.86482 4.67989 1.04414
v -0.87036 4.67989 0.99434
v -0.88616 4.67989 0.95211
v -0.90981 4.67989 0.92390
v -0.93770 4.67989 0.91399
v -0.96559 4.67989 0.92390
v -0.98923 4.67989 0.95211
v -1.00503 4.67989 0.99434
v -1.01058 4.67989 1.04414
v -1.00503 4.67989 1.09395
v -0.98923 4.67989 1.13617
v -0.96559 4.67989 1.16438
v -0.93770 4.67989 1.17429
v -0.90981 4.67989 1.16438
v -0.88616 4.67989 1.13617
v -0.87036 4.67989 1.09395
v -0.88094 4.70558 1.04414
v -0.88526 4.70558 1.00535
v -0.89756 4.70558 0.97247
v -0.91598 4.70558 0.95050
v -0.93770 4.70558 0.94278
v -0.95942 4.70558 0.95050
v -0.97783 4.70558 0.97247
v -0.99014 4.70558 1.00535
v -0.99446 4.70558 1.04414
v -0.99014 4.70558 1.08293
v -0.97783 4.70558 1.11581
v -0.95942 4.70558 1.13778
v -0.93770 4.70558 1.14550
v -0.91598 4.70558 1.13778
v -0.89756 4.70558 1.11581
v -0.88526 4.70558 1.08293
v -0.90003 4.72337 1.04414
v -0.90289 4.72337 1.01840
v -0.91106 4.72337 0.99657
v -0.92328 4.72337 0.98199
v -0.93770 4.72337 0.97687
v -0.95212 4.72337 0.98199
v -0.96434 4.72337 0.99657
v -0.97250 4.72337 1.01840
v -0.97537 4.72337 1.04414
v -0.97250 4.72337 1.06988
v -0.96434 4.72337 1.09171
v -0.95212 4.72337 1.10629
v -0.93770 4.72337 1.11141
v -0.92328 4.72337 1.10629
v -0.91106 4.72337 1.09171
v -0.90289 4.72337 1.06988
v -0.92005 4.73461 1.04414
v -0.92139 4.73461 1.03208
v -0.92522 4.73461 1.02185
v -0.93094 4.73461 1.01502
v -0.93770 4.73461 1.01262
v -0.94445 4.73461 1.01502
v -0.95018 4.73461 1.02185
v -0.95401 4.73461 1.03208
v -0.95535 4.73461 1.04414
v -0.95401 4.73461 1.05620
v -0.95018 4.73461 1.06643
v -0.94445 4.73461 1.07327
v -0.93770 4.73461 1.07566
v -0.93094 4.73461 1.07327
v -0.92522 4.73461 1.06643
v -0.92139 4.73461 1.05620
v -0.93415 4.74183 1.04414
v -0.93442 4.74183 1.04172
v -0.93519 4.74183 1.03966
v -0.93634 4.74183 1.03829
v -0.93770 4.74183 1.03781
v -0.93906 4.74183 1.03829
v -0.94021 4.74183 1.03966
v -0.94098 4.74183 1.04172
v -0.94125 4.74183 1.04414
v -0.94098 4.74183 1.04656
v -0.94021 4.74183 1.04862
v -0.93906 4.74183 1.04999
v -0.93770 4.74183 1.05048
v -0.93634 4.74183 1.04999
v -0.93519 4.74183 1.04862
v -0.93442 4.74183 1.04656
v -0.93770 3.87029 1.04414
v -0.93770 4.74183 1.04414
f 3533 3534 3550
f 3533 3550 3549
f 3534 3535 3551
f 3534 3551 3550
f 3535 3536 3552
f 3535 3552 3551
f 3536 3537 3553
f 3536 3553 3552
f 3537 3538 3554
f 3537 3554 3553
f 3538 3539 3555
f 3538 3555 3554
f 3539 3540 3556
f 3539 3556 3555
f 3540 3541 3557
f 3540 3557 3556
f 3541 3542 3558
f 3541 3558 3557
f 3542 3543 3559
f 3542 3559 3558
f 3543 3544 3560
f 3543 3560 3559
f 3544 3545 3561
f 3544 3561 3560
f 3545 3546 3562
f 3545 3562 3561
f 3546 3547 3563
f 3546 3563 3562
f 3547 3548 3564
f 3547 3564 3563
f 3548 3533 3549
f 3548 3549 3564
f 3549 3550 3566
f 3549 3566 3565
f 3550 3551 3567
f 3550 3567 3566
f 3551 3552 3568
f 3551 3568 3567
f 3552 3553 3569
f 3552 3569 3568
f 3553 3554 3570
f 3553 3570 3569
f 3554 3555 3571
f 3554 3571 3570
f 3555 3556 3572
f 3555 3572 3571
f 3556 3557 3573
f 3556 3573 3572
f 3557 3558 3574
f 3557 3574 3573
f 3558 3559 3575
f 3558 3575 3574
f 3559 3560 3576
f 3559 3576 3575
f 3560 3561 3577
f 3560 3577 3576
f 3561 3562 3578
f 3561 3578 3577
f 3562 3563 3579
f 3562 3579 3578
f 3563 3564 3580
f 3563 3580 3579
f 3564 3549 3565
f 3564 3565 3580
f 3565 3566 3582
f 3565 3582 3581
f 3566 3567 3583
f 3566 3583 3582
f 3567 3568 3584
f 3567 3584 3583
f 3568 3569 3585
f 3568 3585 3584
f 3569 3570 3586
f 3569 3586 3585
f 3570 3571 3587
f 3570 3587 3586
f 3571 3572 3588
f 3571 3588 3587
f 3572 3573 3589
f 3572 3589 3588
f 3573 3574 3590
f 3573 3590 3589
f 3574 3575 3591
f 3574 3591 3590
f 3575 3576 3592
f 3575 3592 3591
f 3576 3577 3593
f 3576 3593 3592
f 3577 3578 3594
f 3577 3594 3593
f 3578 3579 3595
f 3578 3595 3594
f 3579 3580 3596
f 3579 3596 3595
f 3580 3565 3581
f 3580 3581 3596
f 3581 3582 3598
f 3581 3598 3597
f 3582 3583 3599
f 3582 3599 3598
f 3583 3584 3600
f 3583 3600 3599
f 3584 3585 3601
f 3584 3601 3600
f 3585 3586 3602
f 3585 3602 3601
f 3586 3587 3603
f 3586 3603 3602
f 3587 3588 3604
f 3587 3604 3603
f 3588 3589 3605
f 3588 3605 3604
f 3589 3590 3606
f 3589 3606 3605
f 3590 3591 3607
f 3590 3607 3606
f 3591 3592 3608
f 3591 3608 3607
f 3592 3593 3609
f 3592 3609 3608
f 3593 3594 3610
f 3593 3610 3609
f 3594 3595 3611
f 3594 3611 3610
f 3595 3596 3612
f 3595 3612 3611
f 3596 3581 3597
f 3596 3597 3612
f 3597 3598 3614
f 3597 3614 3613
f 3598 3599 3615
f 3598 3615 3614
f 3599 3600 3616
f 3599 3616 3615
f 3600 3601 3617
f 3600 3617 3616
f 3601 3602 3618
f 3601 3618 3617
f 3602 3603 3619
f 3602 3619 3618
f 3603 3604 3620
f 3603 3620 3619
f 3604 3605 3621
f 3604 3621 3620
f 3605 3606 3622
f 3605 3622 3621
f 3606 3607 3623
f 3606 3623 3622
f 3607 3608 3624
f 3607 3624 3623
f 3608 3609 3625
f 3608 3625 3624
f 3609 3610 3626
f 3609 3626 3625
f 3610 3611 3627
f 3610 3627 3626
f 3611 3612 3628
f 3611 3628 3627
f 3612 3597 3613
f 3612 3613 3628
f 3613 3614 3630
f 3613 3630 3629
f 3614 3615 3631
f 3614 3631 3630
f 3615 3616 3632
f 3615 3632 3631
f 3616 3617 3633
f 3616 3633 3632
f 3617 3618 3634
f 3617 3634 3633
f 3618 3619 3635
f 3618 3635 3634
f 3619 3620 3636
f 3619 3636 3635
f 3620 3621 3637
f 3620 3637 3636
f 3621 3622 3638
f 3621 3638 3637
f 3622 3623 3639
f 3622 3639 3638
f 3623 3624 3640
f 3623 3640 3639
f 3624 3625 3641
f 3624 3641 3640
f 3625 3626 3642
f 3625 3642 3641
f 3626 3627 3643
f 3626 3643 3642
f 3627 3628 3644
f 3627 3644 3643
f 3628 3613 3629
f 3628 3629 3644
f 3629 3630 3646
f 3629 3646 3645
f 3630 3631 3647
f 3630 3647 3646
f 3631 3632 3648
f 3631 3648 3647
f 3632 3633 3649
f 3632 3649 3648
f 3633 3634 3650
f 3633 3650 3649
f 3634 3635 3651
f 3634 3651 3650
f 3635 3636 3652
f 3635 3652 3651
f 3636 3637 3653
f 3636 3653 3652
f 3637 3638 3654
f 3637 3654 3653
f 3638 3639 3655
f 3638 3655 3654
f 3639 3640 3656
f 3639 3656 3655
f 3640 3641 3657
f 3640 3657 3656
f 3641 3642 3658
f 3641 3658 3657
f 3642 3643 3659
f 3642 3659 3658
f 3643 3644 3660
f 3643 3660 3659
f 3644 3629 3645
f 3644 3645 3660
f 3645 3646 3662
f 3645 3662 3661
f 3646 3647 3663
f 3646 3663 3662
f 3647 3648 3664
f 3647 3664 3663
f 3648 3649 3665
f 3648 3665 3664
f 3649 3650 3666
f 3649 3666 3665
f 3650 3651 3667
f 3650 3667 3666
f 3651 3652 3668
f 3651 3668 3667
f 3652 3653 3669
f 3652 3669 3668
f 3653 3654 3670
f 3653 3670 3669
f 3654 3655 3671
f 3654 3671 3670
f 3655 3656 3672
f 3655 3672 3671
f 3656 3657 3673
f 3656 3673 3672
f 3657 3658 3674
f 3657 3674 3673
f 3658 3659 3675
f 3658 3675 3674
f 3659 3660 3676
f 3659 3676 3675
f 3660 3645 3661
f 3660 3661 3676
f 3661 3662 3678
f 3661 3678 3677
f 3662 3663 3679
f 3662 3679 3678
f 3663 3664 3680
f 3663 3680 3679
f 3664 3665 3681
f 3664 3681 3680
f 3665 3666 3682
f 3665 3682 3681
f 3666 3667 3683
f 3666 3683 3682
f 3667 3668 3684
f 3667 3684 3683
f 3668 3669 3685
f 3668 3685 3684
f 3669 3670 3686
f 3669 3686 3685
f 3670 3671 3687
f 3670 3687 3686
f 3671 3672 3688
f 3671 3688 3687
f 3672 3673 3689
f 3672 3689 3688
f 3673 3674 3690
f 3673 3690 3689
f 3674 3675 3691
f 3674 3691 3690
f 3675 3676 3692
f 3675 3692 3691
f 3676 3661 3677
f 3676 3677 3692
f 3677 3678 3694
f 3677 3694 3693
f 3678 3679 3695
f 3678 3695 3694
f 3679 3680 3696
f 3679 3696 3695
f 3680 3681 3697
f 3680 3697 3696
f 3681 3682 3698
f 3681 3698 3697
f 3682 3683 3699
f 3682 3699 3698
f 3683 3684 3700
f 3683 3700 3699
f 3684 3685 3701
f 3684 3701 3700
f 3685 3686 3702
f 3685 3702 3701
f 3686 3687 3703
f 3686 3703 3702
f 3687 3688 3704
f 3687 3704 3703
f 3688 3689 3705
f 3688 3705 3704
f 3689 3690 3706
f 3689 3706 3705
f 3690 3691 3707
f 3690 3707 3706
f 3691 3692 3708
f 3691 3708 3707
f 3692 3677 3693
f 3692 3693 3708
f 3693 3694 3710
f 3693 3710 3709
f 3694 3695 3711
f 3694 3711 3710
f 3695 3696 3712
f 3695 3712 3711
f 3696 3697 3713
f 3696 3713 3712
f 3697 3698 3714
f 3697 3714 3713
f 3698 3699 3715
f 3698 3715 3714
f 3699 3700 3716
f 3699 3716 3715
f 3700 3701 3717
f 3700 3717 3716
f 3701 3702 3718
f 3701 3718 3717
f 3702 3703 3719
f 3702 3719 3718
f 3703 3704 3720
f 3703 3720 3719
f 3704 3705 3721
f 3704 3721 3720
f 3705 3706 3722
f 3705 3722 3721
f 3706 3707 3723
f 3706 3723 3722
f 3707 3708 3724
f 3707 3724 3723
f 3708 3693 3709
f 3708 3709 3724
f 3709 3710 3726
f 3709 3726 3725
f 3710 3711 3727
f 3710 3727 3726
f 3711 3712 3728
f 3711 3728 3727
f 3712 3713 3729
f 3712 3729 3728
f 3713 3714 3730
f 3713 3730 3729
f 3714 3715 3731
f 3714 3731 3730
f 3715 3716 3732
f 3715 3732 3731
f 3716 3717 3733
f 3716 3733 3732
f 3717 3718 3734
f 3717 3734 3733
f 3718 3719 3735
f 3718 3735 3734
f 3719 3720 3736
f 3719 3736 3735
f 3720 3721 3737
f 3720 3737 3736
f 3721 3722 3738
f 3721 3738 3737
f 3722 3723 3739
f 3722 3739 3738
f 3723 3724 3740
f 3723 3740 3739
f 3724 3709 3725
f 3724 3725 3740
f 3725 3726 3742
f 3725 3742 3741
f 3726 3727 3743
f 3726 3743 3742
f 3727 3728 3744
f 3727 3744 3743
f 3728 3729 3745
f 3728 3745 3744
f 3729 3730 3746
f 3729 3746 3745
f 3730 3731 3747
f 3730 3747 3746
f 3731 3732 3748
f 3731 3748 3747
f 3732 3733 3749
f 3732 3749 3748
f 3733 3734 3750
f 3733 3750 3749
f 3734 3735 3751
f 3734 3751 3750
f 3735 3736 3752
f 3735 3752 3751
f 3736 3737 3753
f 3736 3753 3752
f 3737 3738 3754
f 3737 3754 3753
f 3738 3739 3755
f 3738 3755 3754
f 3739 3740 3756
f 3739 3756 3755
f 3740 3725 3741
f 3740 3741 3756
f 3741 3742 3758
f 3741 3758 3757
f 3742 3743 3759
f 3742 3759 3758
f 3743 3744 3760
f 3743 3760 3759
f 3744 3745 3761
f 3744 3761 3760
f 3745 3746 3762
f 3745 3762 3761
f 3746 3747 3763
f 3746 3763 3762
f 3747 3748 3764
f 3747 3764 3763
f 3748 3749 3765
f 3748 3765 3764
f 3749 3750 3766
f 3749 3766 3765
f 3750 3751 3767
f 3750 3767 3766
f 3751 3752 3768
f 3751 3768 3767
f 3752 3753 3769
f 3752 3769 3768
f 3753 3754 3770
f 3753 3770 3769
f 3754 3755 3771
f 3754 3771 3770
f 3755 3756 3772
f 3755 3772 3771
f 3756 3741 3757
f 3756 3757 3772
f 3757 3758 3774
f 3757 3774 3773
f 3758 3759 3775
f 3758 3775 3774
f 3759 3760 3776
f 3759 3776 3775
f 3760 3761 3777
f 3760 3777 3776
f 3761 3762 3778
f 3761 3778 3777
f 3762 3763 3779
f 3762 3779 3778
f 3763 3764 3780
f 3763 3780 3779
f 3764 3765 3781
f 3764 3781 3780
f 3765 3766 3782
f 3765 3782 3781
f 3766 3767 3783
f 3766 3783 3782
f 3767 3768 3784
f 3767 3784 3783
f 3768 3769 3785
f 3768 3785 3784
f 3769 3770 3786
f 3769 3786 3785
f 3770 3771 3787
f 3770 3787 3786
f 3771 3772 3788
f 3771 3788 3787
f 3772 3757 3773
f 3772 3773 3788
f 3773 3774 3790
f 3773 3790 3789
f 3774 3775 3791
f 3774 3791 3790
f 3775 3776 3792
f 3775 3792 3791
f 3776 3777 3793
f 3776 3793 3792
f 3777 3778 3794
f 3777 3794 3793
f 3778 3779 3795
f 3778 3795 3794
f 3779 3780 3796
f 3779 3796 3795
f 3780 3781 3797
f 3780 3797 3796
f 3781 3782 3798
f 3781 3798 3797
f 3782 3783 3799
f 3782 3799 3798
f 3783 3784 3800
f 3783 3800 3799
f 3784 3785 3801
f 3784 3801 3800
f 3785 3786 3802
f 3785 3802 3801
f 3786 3787 3803
f 3786 3803 3802
f 3787 3788 3804
f 3787 3804 3803
f 3788 3773 3789
f 3788 3789 3804
f 3789 3790 3806
f 3789 3806 3805
f 3790 3791 3807
f 3790 3807 3806
f 3791 3792 3808
f 3791 3808 3807
f 3792 3793 3809
f 3792 3809 3808
f 3793 3794 3810
f 3793 3810 3809
f 3794 3795 3811
f 3794 3811 3810
f 3795 3796 3812
f 3795 3812 3811
f 3796 3797 3813
f 3796 3813 3812
f 3797 3798 3814
f 3797 3814 3813
f 3798 3799 3815
f 3798 3815 3814
f 3799 3800 3816
f 3799 3816 3815
f 3800 3801 3817
f 3800 3817 3816
f 3801 3802 3818
f 3801 3818 3817
f 3802 3803 3819
f 3802 3819 3818
f 3803 3804 3820
f 3803 3820 3819
f 3804 3789 3805
f 3804 3805 3820
f 3805 3806 3822
f 3805 3822 3821
f 3806 3807 3823
f 3806 3823 3822
f 3807 3808 3824
f 3807 3824 3823
f 3808 3809 3825
f 3808 3825 3824
f 3809 3810 3826
f 3809 3826 3825
f 3810 3811 3827
f 3810 3827 3826
f 3811 3812 3828
f 3811 3828 3827
f 3812 3813 3829
f 3812 3829 3828
f 3813 3814 3830
f 3813 3830 3829
f 3814 3815 3831
f 3814 3831 3830
f 3815 3816 3832
f 3815 3832 3831
f 3816 3817 3833
f 3816 3833 3832
f 3817 3818 3834
f 3817 3834 3833
f 3818 3819 3835
f 3818 3835 3834
f 3819 3820 3836
f 3819 3836 3835
f 3820 3805 3821
f 3820 3821 3836
f 3821 3822 3838
f 3821 3838 3837
f 3822 3823 3839
f 3822 3839 3838
f 3823 3824 3840
f 3823 3840 3839
f 3824 3825 3841
f 3824 3841 3840
f 3825 3826 3842
f 3825 3842 3841
f 3826 3827 3843
f 3826 3843 3842
f 3827 3828 3844
f 3827 3844 3843
f 3828 3829 3845
f 3828 3845 3844
f 3829 3830 3846
f 3829 3846 3845
f 3830 3831 3847
f 3830 3847 3846
f 3831 3832 3848
f 3831 3848 3847
f 3832 3833 3849
f 3832 3849 3848
f 3833 3834 3850
f 3833 3850 3849
f 3834 3835 3851
f 3834 3851 3850
f 3835 3836 3852
f 3835 3852 3851
f 3836 3821 3837
f 3836 3837 3852
f 3837 3838 3854
f 3837 3854 3853
f 3838 3839 3855
f 3838 3855 3854
f 3839 3840 3856
f 3839 3856 3855
f 3840 3841 3857
f 3840 3857 3856
f 3841 3842 3858
f 3841 3858 3857
f 3842 3843 3859
f 3842 3859 3858
f 3843 3844 3860
f 3843 3860 3859
f 3844 3845 3861
f 3844 3861 3860
f 3845 3846 3862
f 3845 3862 3861
f 3846 3847 3863
f 3846 3863 3862
f 3847 3848 3864
f 3847 3864 3863
f 3848 3849 3865
f 3848 3865 3864
f 3849 3850 3866
f 3849 3866 3865
f 3850 3851 3867
f 3850 3867 3866
f 3851 3852 3868
f 3851 3868 3867
f 3852 3837 3853
f 3852 3853 3868
f 3853 3854 3870
f 3853 3870 3869
f 3854 3855 3871
f 3854 3871 3870
f 3855 3856 3872
f 3855 3872 3871
f 3856 3857 3873
f 3856 3873 3872
f 3857 3858 3874
f 3857 3874 3873
f 3858 3859 3875
f 3858 3875 3874
f 3859 3860 3876
f 3859 3876 3875
f 3860 3861 3877
f 3860 3877 3876
f 3861 3862 3878
f 3861 3878 3877
f 3862 3863 3879
f 3862 3879 3878
f 3863 3864 3880
f 3863 3880 3879
f 3864 3865 3881
f 3864 3881 3880
f 3865 3866 3882
f 3865 3882 3881
f 3866 3867 3883
f 3866 3883 3882
f 3867 3868 3884
f 3867 3884 3883
f 3868 3853 3869
f 3868 3869 3884
f 3869 3870 3886
f 3869 3886 3885
f 3870 3871 3887
f 3870 3887 3886
f 3871 3872 3888
f 3871 3888 3887
f 3872 3873 3889
f 3872 3889 3888
f 3873 3874 3890
f 3873 3890 3889
f 3874 3875 3891
f 3874 3891 3890
f 3875 3876 3892
f 3875 3892 3891
f 3876 3877 3893
f 3876 3893 3892
f 3877 3878 3894
f 3877 3894 3893
f 3878 3879 3895
f 3878 3895 3894
f 3879 3880 3896
f 3879 3896 3895
f 3880 3881 3897
f 3880 3897 3896
f 3881 3882 3898
f 3881 3898 3897
f 3882 3883 3899
f 3882 3899 3898
f 3883 3884 3900
f 3883 3900 3899
f 3884 3869 3885
f 3884 3885 3900
f 3885 3886 3902
f 3885 3902 3901
f 3886 3887 3903
f 3886 3903 3902
f 3887 3888 3904
f 3887 3904 3903
f 3888 3889 3905
f 3888 3905 3904
f 3889 3890 3906
f 3889 3906 3905
f 3890 3891 3907
f 3890 3907 3906
f 3891 3892 3908
f 3891 3908 3907
f 3892 3893 3909
f 3892 3909 3908
f 3893 3894 3910
f 3893 3910 3909
f 3894 3895 3911
f 3894 3911 3910
f 3895 3896 3912
f 3895 3912 3911
f 3896 3897 3913
f 3896 3913 3912
f 3897 3898 3914
f 3897 3914 3913
f 3898 3899 3915
f 3898 3915 3914
f 3899 3900 3916
f 3899 3916 3915
f 3900 3885 3901
f 3900 3901 3916
f 3901 3902 3918
f 3901 3918 3917
f 3902 3903 3919
f 3902 3919 3918
f 3903 3904 3920
f 3903 3920 3919
f 3904 3905 3921
f 3904 3921 3920
f 3905 3906 3922
f 3905 3922 3921
f 3906 3907 3923
f 3906 3923 3922
f 3907 3908 3924
f 3907 3924 3923
f 3908 3909 3925
f 3908 3925 3924
f 3909 3910 3926
f 3909 3926 3925
f 3910 3911 3927
f 3910 3927 3926
f 3911 3912 3928
f 3911 3928 3927
f 3912 3913 3929
f 3912 3929 3928
f 3913 3914 3930
f 3913 3930 3929
f 3914 3915 3931
f 3914 3931 3930
f 3915 3916 3932
f 3915 3932 3931
f 3916 3901 3917
f 3916 3917 3932
f 3933 3534 3533
f 3933 3535 3534
f 3933 3536 3535
f 3933 3537 3536
f 3933 3538 3537
f 3933 3539 3538
f 3933 3540 3539
f 3933 3541 3540
f 3933 3542 3541
f 3933 3543 3542
f 3933 3544 3543
f 3933 3545 3544
f 3933 3546 3545
f 3933 3547 3546
f 3933 3548 3547
f 3933 3533 3548
f 3934 3917 3918
f 3934 3918 3919
f 3934 3919 3920
f 3934 3920 3921
f 3934 3921 3922
f 3934 3922 3923
f 3934 3923 3924
f 3934 3924 3925
f 3934 3925 3926
f 3934 3926 3927
f 3934 3927 3928
f 3934 3928 3929
f 3934 3929 3930
f 3934 3930 3931
f 3934 3931 3932
f 3934 3932 3917
o Ilyth_Elbow_L_Fore
usemtl soft_charcoal
s 1
v -1.12182 2.52195 0.72988
v -1.12208 2.52195 0.72833
v -1.12282 2.52195 0.72702
v -1.12393 2.52195 0.72614
v -1.12524 2.52195 0.72583
v -1.12655 2.52195 0.72614
v -1.12766 2.52195 0.72702
v -1.12840 2.52195 0.72833
v -1.12866 2.52195 0.72988
v -1.12840 2.52195 0.73144
v -1.12766 2.52195 0.73275
v -1.12655 2.52195 0.73363
v -1.12524 2.52195 0.73394
v -1.12393 2.52195 0.73363
v -1.12282 2.52195 0.73275
v -1.12208 2.52195 0.73144
v -1.10822 2.52463 0.72988
v -1.10951 2.52463 0.72216
v -1.11320 2.52463 0.71562
v -1.11872 2.52463 0.71124
v -1.12524 2.52463 0.70971
v -1.13175 2.52463 0.71124
v -1.13728 2.52463 0.71562
v -1.14097 2.52463 0.72216
v -1.14226 2.52463 0.72988
v -1.14097 2.52463 0.73761
v -1.13728 2.52463 0.74415
v -1.13175 2.52463 0.74852
v -1.12524 2.52463 0.75006
v -1.11872 2.52463 0.74852
v -1.11320 2.52463 0.74415
v -1.10951 2.52463 0.73761
v -1.08891 2.52881 0.72988
v -1.09168 2.52881 0.71341
v -1.09955 2.52881 0.69944
v -1.11134 2.52881 0.69011
v -1.12524 2.52881 0.68683
v -1.13914 2.52881 0.69011
v -1.15093 2.52881 0.69944
v -1.15880 2.52881 0.71341
v -1.16157 2.52881 0.72988
v -1.15880 2.52881 0.74636
v -1.15093 2.52881 0.76033
v -1.13914 2.52881 0.76966
v -1.12524 2.52881 0.77294
v -1.11134 2.52881 0.76966
v -1.09955 2.52881 0.76033
v -1.09168 2.52881 0.74636
v -1.07051 2.53543 0.72988
v -1.07467 2.53543 0.70506
v -1.08654 2.53543 0.68402
v -1.10429 2.53543 0.66995
v -1.12524 2.53543 0.66502
v -1.14618 2.53543 0.66995
v -1.16394 2.53543 0.68402
v -1.17581 2.53543 0.70506
v -1.17997 2.53543 0.72988
v -1.17581 2.53543 0.75471
v -1.16394 2.53543 0.77575
v -1.14618 2.53543 0.78982
v -1.12524 2.53543 0.79475
v -1.10429 2.53543 0.78982
v -1.08654 2.53543 0.77575
v -1.07467 2.53543 0.75471
v -1.05496 2.54499 0.72988
v -1.06031 2.54499 0.69801
v -1.07554 2.54499 0.67099
v -1.09834 2.54499 0.65293
v -1.12524 2.54499 0.64659
v -1.15213 2.54499 0.65293
v -1.17493 2.54499 0.67099
v -1.19017 2.54499 0.69801
v -1.19552 2.54499 0.72988
v -1.19017 2.54499 0.76176
v -1.17493 2.54499 0.78878
v -1.15213 2.54499 0.80684
v -1.12524 2.54499 0.81318
v -1.09834 2.54499 0.80684
v -1.07554 2.54499 0.78878
v -1.06031 2.54499 0.76176
v -1.04031 2.55699 0.72988
v -1.04678 2.55699 0.69137
v -1.06519 2.55699 0.65871
v -1.09274 2.55699 0.63689
v -1.12524 2.55699 0.62923
v -1.15774 2.55699 0.63689
v -1.18529 2.55699 0.65871
v -1.20370 2.55699 0.69137
v -1.21017 2.55699 0.72988
v -1.20370 2.55699 0.76840
v -1.18529 2.55699 0.80106
v -1.15774 2.55699 0.82288
v -1.12524 2.55699 0.83054
v -1.09274 2.55699 0.82288
v -1.06519 2.55699 0.80106
v -1.04678 2.55699 0.76840
v -1.02727 2.57085 0.72988
v -1.03472 2.57085 0.68545
v -1.05596 2.57085 0.64778
v -1.08775 2.57085 0.62261
v -1.12524 2.57085 0.61377
v -1.16273 2.57085 0.62261
v -1.19452 2.57085 0.64778
v -1.21575 2.57085 0.68545
v -1.22321 2.57085 0.72988
v -1.21575 2.57085 0.77432
v -1.19452 2.57085 0.81199
v -1.16273 2.57085 0.83716
v -1.12524 2.57085 0.84600
v -1.08775 2.57085 0.83716
v -1.05596 2.57085 0.81199
v -1.03472 2.57085 0.77432
v -1.01591 2.58665 0.72988
v -1.02423 2.58665 0.68030
v -1.04793 2.58665 0.63826
v -1.08340 2.58665 0.61017
v -1.12524 2.58665 0.60031
v -1.16708 2.58665 0.61017
v -1.20255 2.58665 0.63826
v -1.22625 2.58665 0.68030
v -1.23457 2.58665 0.72988
v -1.22625 2.58665 0.77947
v -1.20255 2.58665 0.82151
v -1.16708 2.58665 0.84960
v -1.12524 2.58665 0.85946
v -1.08340 2.58665 0.84960
v -1.04793 2.58665 0.82151
v -1.02423 2.58665 0.77947
v -1.00615 2.60430 0.72988
v -1.01522 2.60430 0.67587
v -1.04103 2.60430 0.63009
v -1.07967 2.60430 0.59949
v -1.12524 2.60430 0.58875
v -1.17081 2.60430 0.59949
v -1.20944 2.60430 0.63009
v -1.23526 2.60430 0.67587
v -1.24432 2.60430 0.72988
v -1.23526 2.60430 0.78390
v -1.20944 2.60430 0.82968
v -1.17081 2.60430 0.86028
v -1.12524 2.60430 0.87102
v -1.07967 2.60430 0.86028
v -1.04103 2.60430 0.82968
v -1.01522 2.60430 0.78390
v -0.99848 2.62296 0.72988
v -1.00813 2.62296 0.67239
v -1.03561 2.62296 0.62365
v -1.07673 2.62296 0.59109
v -1.12524 2.62296 0.57965
v -1.17375 2.62296 0.59109
v -1.21487 2.62296 0.62365
v -1.24235 2.62296 0.67239
v -1.25200 2.62296 0.72988
v -1.24235 2.62296 0.78738
v -1.21487 2.62296 0.83612
v -1.17375 2.62296 0.86868
v -1.12524 2.62296 0.88012
v -1.07673 2.62296 0.86868
v -1.03561 2.62296 0.83612
v -1.00813 2.62296 0.78738
v -0.99298 2.64267 0.72988
v -1.00305 2.64267 0.66990
v -1.03172 2.64267 0.61905
v -1.07463 2.64267 0.58507
v -1.12524 2.64267 0.57313
v -1.17585 2.64267 0.58507
v -1.21876 2.64267 0.61905
v -1.24743 2.64267 0.66990
v -1.25750 2.64267 0.72988
v -1.24743 2.64267 0.78987
v -1.21876 2.64267 0.84072
v -1.17585 2.64267 0.87470
v -1.12524 2.64267 0.88663
v -1.07463 2.64267 0.87470
v -1.03172 2.64267 0.84072
v -1.00305 2.64267 0.78987
v -0.98956 2.66338 0.72988
v -0.99989 2.66338 0.66835
v -1.02930 2.66338 0.61618
v -1.07332 2.66338 0.58132
v -1.12524 2.66338 0.56908
v -1.17716 2.66338 0.58132
v -1.22118 2.66338 0.61618
v -1.25059 2.66338 0.66835
v -1.26092 2.66338 0.72988
v -1.25059 2.66338 0.79142
v -1.22118 2.66338 0.84359
v -1.17716 2.66338 0.87845
v -1.12524 2.66338 0.89069
v -1.07332 2.66338 0.87845
v -1.02930 2.66338 0.84359
v -0.99989 2.66338 0.79142
v -0.98839 2.68409 0.72988
v -0.99880 2.68409 0.66781
v -1.02847 2.68409 0.61519
v -1.07287 2.68409 0.58003
v -1.12524 2.68409 0.56769
v -1.17761 2.68409 0.58003
v -1.22201 2.68409 0.61519
v -1.25167 2.68409 0.66781
v -1.26209 2.68409 0.72988
v -1.25167 2.68409 0.79195
v -1.22201 2.68409 0.84457
v -1.17761 2.68409 0.87973
v -1.12524 2.68409 0.89208
v -1.07287 2.68409 0.87973
v -1.02847 2.68409 0.84457
v -0.99880 2.68409 0.79195
v -0.98956 2.70480 0.72988
v -0.99989 2.70480 0.66835
v -1.02930 2.70480 0.61618
v -1.07332 2.70480 0.58132
v -1.12524 2.70480 0.56908
v -1.17716 2.70480 0.58132
v -1.22118 2.70480 0.61618
v -1.25059 2.70480 0.66835
v -1.26092 2.70480 0.72988
v -1.25059 2.70480 0.79142
v -1.22118 2.70480 0.84359
v -1.17716 2.70480 0.87845
v -1.12524 2.70480 0.89069
v -1.07332 2.70480 0.87845
v -1.02930 2.70480 0.84359
v -0.99989 2.70480 0.79142
v -0.99298 2.72552 0.72988
v -1.00305 2.72552 0.66990
v -1.03172 2.72552 0.61905
v -1.07463 2.72552 0.58507
v -1.12524 2.72552 0.57313
v -1.17585 2.72552 0.58507
v -1.21876 2.72552 0.61905
v -1.24743 2.72552 0.66990
v -1.25750 2.72552 0.72988
v -1.24743 2.72552 0.78987
v -1.21876 2.72552 0.84072
v -1.17585 2.72552 0.87470
v -1.12524 2.72552 0.88663
v -1.07463 2.72552 0.87470
v -1.03172 2.72552 0.84072
v -1.00305 2.72552 0.78987
v -0.99848 2.74523 0.72988
v -1.00813 2.74523 0.67239
v -1.03561 2.74523 0.62365
v -1.07673 2.74523 0.59109
v -1.12524 2.74523 0.57965
v -1.17375 2.74523 0.59109
v -1.21487 2.74523 0.62365
v -1.24235 2.74523 0.67239
v -1.25200 2.74523 0.72988
v -1.24235 2.74523 0.78738
v -1.21487 2.74523 0.83612
v -1.17375 2.74523 0.86868
v -1.12524 2.74523 0.88012
v -1.07673 2.74523 0.86868
v -1.03561 2.74523 0.83612
v -1.00813 2.74523 0.78738
v -1.00615 2.76388 0.72988
v -1.01522 2.76388 0.67587
v -1.04103 2.76388 0.63009
v -1.07967 2.76388 0.59949
v -1.12524 2.76388 0.58875
v -1.17081 2.76388 0.59949
v -1.20944 2.76388 0.63009
v -1.23526 2.76388 0.67587
v -1.24432 2.76388 0.72988
v -1.23526 2.76388 0.78390
v -1.20944 2.76388 0.82968
v -1.17081 2.76388 0.86028
v -1.12524 2.76388 0.87102
v -1.07967 2.76388 0.86028
v -1.04103 2.76388 0.82968
v -1.01522 2.76388 0.78390
v -1.01591 2.78154 0.72988
v -1.02423 2.78154 0.68030
v -1.04793 2.78154 0.63826
v -1.08340 2.78154 0.61017
v -1.12524 2.78154 0.60031
v -1.16708 2.78154 0.61017
v -1.20255 2.78154 0.63826
v -1.22625 2.78154 0.68030
v -1.23457 2.78154 0.72988
v -1.22625 2.78154 0.77947
v -1.20255 2.78154 0.82151
v -1.16708 2.78154 0.84960
v -1.12524 2.78154 0.85946
v -1.08340 2.78154 0.84960
v -1.04793 2.78154 0.82151
v -1.02423 2.78154 0.77947
v -1.02727 2.79734 0.72988
v -1.03472 2.79734 0.68545
v -1.05596 2.79734 0.64778
v -1.08775 2.79734 0.62261
v -1.12524 2.79734 0.61377
v -1.16273 2.79734 0.62261
v -1.19452 2.79734 0.64778
v -1.21575 2.79734 0.68545
v -1.22321 2.79734 0.72988
v -1.21575 2.79734 0.77432
v -1.19452 2.79734 0.81199
v -1.16273 2.79734 0.83716
v -1.12524 2.79734 0.84600
v -1.08775 2.79734 0.83716
v -1.05596 2.79734 0.81199
v -1.03472 2.79734 0.77432
v -1.04031 2.81119 0.72988
v -1.04678 2.81119 0.69137
v -1.06519 2.81119 0.65871
v -1.09274 2.81119 0.63689
v -1.12524 2.81119 0.62923
v -1.15774 2.81119 0.63689
v -1.18529 2.81119 0.65871
v -1.20370 2.81119 0.69137
v -1.21017 2.81119 0.72988
v -1.20370 2.81119 0.76840
v -1.18529 2.81119 0.80106
v -1.15774 2.81119 0.82288
v -1.12524 2.81119 0.83054
v -1.09274 2.81119 0.82288
v -1.06519 2.81119 0.80106
v -1.04678 2.81119 0.76840
v -1.05496 2.82319 0.72988
v -1.06031 2.82319 0.69801
v -1.07554 2.82319 0.67099
v -1.09834 2.82319 0.65293
v -1.12524 2.82319 0.64659
v -1.15213 2.82319 0.65293
v -1.17493 2.82319 0.67099
v -1.19017 2.82319 0.69801
v -1.19552 2.82319 0.72988
v -1.19017 2.82319 0.76176
v -1.17493 2.82319 0.78878
v -1.15213 2.82319 0.80684
v -1.12524 2.82319 0.81318
v -1.09834 2.82319 0.80684
v -1.07554 2.82319 0.78878
v -1.06031 2.82319 0.76176
v -1.07051 2.83275 0.72988
v -1.07467 2.83275 0.70506
v -1.08654 2.83275 0.68402
v -1.10429 2.83275 0.66995
v -1.12524 2.83275 0.66502
v -1.14618 2.83275 0.66995
v -1.16394 2.83275 0.68402
v -1.17581 2.83275 0.70506
v -1.17997 2.83275 0.72988
v -1.17581 2.83275 0.75471
v -1.16394 2.83275 0.77575
v -1.14618 2.83275 0.78982
v -1.12524 2.83275 0.79475
v -1.10429 2.83275 0.78982
v -1.08654 2.83275 0.77575
v -1.07467 2.83275 0.75471
v -1.08891 2.83937 0.72988
v -1.09168 2.83937 0.71341
v -1.09955 2.83937 0.69944
v -1.11134 2.83937 0.69011
v -1.12524 2.83937 0.68683
v -1.13914 2.83937 0.69011
v -1.15093 2.83937 0.69944
v -1.15880 2.83937 0.71341
v -1.16157 2.83937 0.72988
v -1.15880 2.83937 0.74636
v -1.15093 2.83937 0.76033
v -1.13914 2.83937 0.76966
v -1.12524 2.83937 0.77294
v -1.11134 2.83937 0.76966
v -1.09955 2.83937 0.76033
v -1.09168 2.83937 0.74636
v -1.10822 2.84356 0.72988
v -1.10951 2.84356 0.72216
v -1.11320 2.84356 0.71562
v -1.11872 2.84356 0.71124
v -1.12524 2.84356 0.70971
v -1.13175 2.84356 0.71124
v -1.13728 2.84356 0.71562
v -1.14097 2.84356 0.72216
v -1.14226 2.84356 0.72988
v -1.14097 2.84356 0.73761
v -1.13728 2.84356 0.74415
v -1.13175 2.84356 0.74852
v -1.12524 2.84356 0.75006
v -1.11872 2.84356 0.74852
v -1.11320 2.84356 0.74415
v -1.10951 2.84356 0.73761
v -1.12182 2.84624 0.72988
v -1.12208 2.84624 0.72833
v -1.12282 2.84624 0.72702
v -1.12393 2.84624 0.72614
v -1.12524 2.84624 0.72583
v -1.12655 2.84624 0.72614
v -1.12766 2.84624 0.72702
v -1.12840 2.84624 0.72833
v -1.12866 2.84624 0.72988
v -1.12840 2.84624 0.73144
v -1.12766 2.84624 0.73275
v -1.12655 2.84624 0.73363
v -1.12524 2.84624 0.73394
v -1.12393 2.84624 0.73363
v -1.12282 2.84624 0.73275
v -1.12208 2.84624 0.73144
v -1.12524 2.52195 0.72988
v -1.12524 2.84624 0.72988
f 3935 3936 3952
f 3935 3952 3951
f 3936 3937 3953
f 3936 3953 3952
f 3937 3938 3954
f 3937 3954 3953
f 3938 3939 3955
f 3938 3955 3954
f 3939 3940 3956
f 3939 3956 3955
f 3940 3941 3957
f 3940 3957 3956
f 3941 3942 3958
f 3941 3958 3957
f 3942 3943 3959
f 3942 3959 3958
f 3943 3944 3960
f 3943 3960 3959
f 3944 3945 3961
f 3944 3961 3960
f 3945 3946 3962
f 3945 3962 3961
f 3946 3947 3963
f 3946 3963 3962
f 3947 3948 3964
f 3947 3964 3963
f 3948 3949 3965
f 3948 3965 3964
f 3949 3950 3966
f 3949 3966 3965
f 3950 3935 3951
f 3950 3951 3966
f 3951 3952 3968
f 3951 3968 3967
f 3952 3953 3969
f 3952 3969 3968
f 3953 3954 3970
f 3953 3970 3969
f 3954 3955 3971
f 3954 3971 3970
f 3955 3956 3972
f 3955 3972 3971
f 3956 3957 3973
f 3956 3973 3972
f 3957 3958 3974
f 3957 3974 3973
f 3958 3959 3975
f 3958 3975 3974
f 3959 3960 3976
f 3959 3976 3975
f 3960 3961 3977
f 3960 3977 3976
f 3961 3962 3978
f 3961 3978 3977
f 3962 3963 3979
f 3962 3979 3978
f 3963 3964 3980
f 3963 3980 3979
f 3964 3965 3981
f 3964 3981 3980
f 3965 3966 3982
f 3965 3982 3981
f 3966 3951 3967
f 3966 3967 3982
f 3967 3968 3984
f 3967 3984 3983
f 3968 3969 3985
f 3968 3985 3984
f 3969 3970 3986
f 3969 3986 3985
f 3970 3971 3987
f 3970 3987 3986
f 3971 3972 3988
f 3971 3988 3987
f 3972 3973 3989
f 3972 3989 3988
f 3973 3974 3990
f 3973 3990 3989
f 3974 3975 3991
f 3974 3991 3990
f 3975 3976 3992
f 3975 3992 3991
f 3976 3977 3993
f 3976 3993 3992
f 3977 3978 3994
f 3977 3994 3993
f 3978 3979 3995
f 3978 3995 3994
f 3979 3980 3996
f 3979 3996 3995
f 3980 3981 3997
f 3980 3997 3996
f 3981 3982 3998
f 3981 3998 3997
f 3982 3967 3983
f 3982 3983 3998
f 3983 3984 4000
f 3983 4000 3999
f 3984 3985 4001
f 3984 4001 4000
f 3985 3986 4002
f 3985 4002 4001
f 3986 3987 4003
f 3986 4003 4002
f 3987 3988 4004
f 3987 4004 4003
f 3988 3989 4005
f 3988 4005 4004
f 3989 3990 4006
f 3989 4006 4005
f 3990 3991 4007
f 3990 4007 4006
f 3991 3992 4008
f 3991 4008 4007
f 3992 3993 4009
f 3992 4009 4008
f 3993 3994 4010
f 3993 4010 4009
f 3994 3995 4011
f 3994 4011 4010
f 3995 3996 4012
f 3995 4012 4011
f 3996 3997 4013
f 3996 4013 4012
f 3997 3998 4014
f 3997 4014 4013
f 3998 3983 3999
f 3998 3999 4014
f 3999 4000 4016
f 3999 4016 4015
f 4000 4001 4017
f 4000 4017 4016
f 4001 4002 4018
f 4001 4018 4017
f 4002 4003 4019
f 4002 4019 4018
f 4003 4004 4020
f 4003 4020 4019
f 4004 4005 4021
f 4004 4021 4020
f 4005 4006 4022
f 4005 4022 4021
f 4006 4007 4023
f 4006 4023 4022
f 4007 4008 4024
f 4007 4024 4023
f 4008 4009 4025
f 4008 4025 4024
f 4009 4010 4026
f 4009 4026 4025
f 4010 4011 4027
f 4010 4027 4026
f 4011 4012 4028
f 4011 4028 4027
f 4012 4013 4029
f 4012 4029 4028
f 4013 4014 4030
f 4013 4030 4029
f 4014 3999 4015
f 4014 4015 4030
f 4015 4016 4032
f 4015 4032 4031
f 4016 4017 4033
f 4016 4033 4032
f 4017 4018 4034
f 4017 4034 4033
f 4018 4019 4035
f 4018 4035 4034
f 4019 4020 4036
f 4019 4036 4035
f 4020 4021 4037
f 4020 4037 4036
f 4021 4022 4038
f 4021 4038 4037
f 4022 4023 4039
f 4022 4039 4038
f 4023 4024 4040
f 4023 4040 4039
f 4024 4025 4041
f 4024 4041 4040
f 4025 4026 4042
f 4025 4042 4041
f 4026 4027 4043
f 4026 4043 4042
f 4027 4028 4044
f 4027 4044 4043
f 4028 4029 4045
f 4028 4045 4044
f 4029 4030 4046
f 4029 4046 4045
f 4030 4015 4031
f 4030 4031 4046
f 4031 4032 4048
f 4031 4048 4047
f 4032 4033 4049
f 4032 4049 4048
f 4033 4034 4050
f 4033 4050 4049
f 4034 4035 4051
f 4034 4051 4050
f 4035 4036 4052
f 4035 4052 4051
f 4036 4037 4053
f 4036 4053 4052
f 4037 4038 4054
f 4037 4054 4053
f 4038 4039 4055
f 4038 4055 4054
f 4039 4040 4056
f 4039 4056 4055
f 4040 4041 4057
f 4040 4057 4056
f 4041 4042 4058
f 4041 4058 4057
f 4042 4043 4059
f 4042 4059 4058
f 4043 4044 4060
f 4043 4060 4059
f 4044 4045 4061
f 4044 4061 4060
f 4045 4046 4062
f 4045 4062 4061
f 4046 4031 4047
f 4046 4047 4062
f 4047 4048 4064
f 4047 4064 4063
f 4048 4049 4065
f 4048 4065 4064
f 4049 4050 4066
f 4049 4066 4065
f 4050 4051 4067
f 4050 4067 4066
f 4051 4052 4068
f 4051 4068 4067
f 4052 4053 4069
f 4052 4069 4068
f 4053 4054 4070
f 4053 4070 4069
f 4054 4055 4071
f 4054 4071 4070
f 4055 4056 4072
f 4055 4072 4071
f 4056 4057 4073
f 4056 4073 4072
f 4057 4058 4074
f 4057 4074 4073
f 4058 4059 4075
f 4058 4075 4074
f 4059 4060 4076
f 4059 4076 4075
f 4060 4061 4077
f 4060 4077 4076
f 4061 4062 4078
f 4061 4078 4077
f 4062 4047 4063
f 4062 4063 4078
f 4063 4064 4080
f 4063 4080 4079
f 4064 4065 4081
f 4064 4081 4080
f 4065 4066 4082
f 4065 4082 4081
f 4066 4067 4083
f 4066 4083 4082
f 4067 4068 4084
f 4067 4084 4083
f 4068 4069 4085
f 4068 4085 4084
f 4069 4070 4086
f 4069 4086 4085
f 4070 4071 4087
f 4070 4087 4086
f 4071 4072 4088
f 4071 4088 4087
f 4072 4073 4089
f 4072 4089 4088
f 4073 4074 4090
f 4073 4090 4089
f 4074 4075 4091
f 4074 4091 4090
f 4075 4076 4092
f 4075 4092 4091
f 4076 4077 4093
f 4076 4093 4092
f 4077 4078 4094
f 4077 4094 4093
f 4078 4063 4079
f 4078 4079 4094
f 4079 4080 4096
f 4079 4096 4095
f 4080 4081 4097
f 4080 4097 4096
f 4081 4082 4098
f 4081 4098 4097
f 4082 4083 4099
f 4082 4099 4098
f 4083 4084 4100
f 4083 4100 4099
f 4084 4085 4101
f 4084 4101 4100
f 4085 4086 4102
f 4085 4102 4101
f 4086 4087 4103
f 4086 4103 4102
f 4087 4088 4104
f 4087 4104 4103
f 4088 4089 4105
f 4088 4105 4104
f 4089 4090 4106
f 4089 4106 4105
f 4090 4091 4107
f 4090 4107 4106
f 4091 4092 4108
f 4091 4108 4107
f 4092 4093 4109
f 4092 4109 4108
f 4093 4094 4110
f 4093 4110 4109
f 4094 4079 4095
f 4094 4095 4110
f 4095 4096 4112
f 4095 4112 4111
f 4096 4097 4113
f 4096 4113 4112
f 4097 4098 4114
f 4097 4114 4113
f 4098 4099 4115
f 4098 4115 4114
f 4099 4100 4116
f 4099 4116 4115
f 4100 4101 4117
f 4100 4117 4116
f 4101 4102 4118
f 4101 4118 4117
f 4102 4103 4119
f 4102 4119 4118
f 4103 4104 4120
f 4103 4120 4119
f 4104 4105 4121
f 4104 4121 4120
f 4105 4106 4122
f 4105 4122 4121
f 4106 4107 4123
f 4106 4123 4122
f 4107 4108 4124
f 4107 4124 4123
f 4108 4109 4125
f 4108 4125 4124
f 4109 4110 4126
f 4109 4126 4125
f 4110 4095 4111
f 4110 4111 4126
f 4111 4112 4128
f 4111 4128 4127
f 4112 4113 4129
f 4112 4129 4128
f 4113 4114 4130
f 4113 4130 4129
f 4114 4115 4131
f 4114 4131 4130
f 4115 4116 4132
f 4115 4132 4131
f 4116 4117 4133
f 4116 4133 4132
f 4117 4118 4134
f 4117 4134 4133
f 4118 4119 4135
f 4118 4135 4134
f 4119 4120 4136
f 4119 4136 4135
f 4120 4121 4137
f 4120 4137 4136
f 4121 4122 4138
f 4121 4138 4137
f 4122 4123 4139
f 4122 4139 4138
f 4123 4124 4140
f 4123 4140 4139
f 4124 4125 4141
f 4124 4141 4140
f 4125 4126 4142
f 4125 4142 4141
f 4126 4111 4127
f 4126 4127 4142
f 4127 4128 4144
f 4127 4144 4143
f 4128 4129 4145
f 4128 4145 4144
f 4129 4130 4146
f 4129 4146 4145
f 4130 4131 4147
f 4130 4147 4146
f 4131 4132 4148
f 4131 4148 4147
f 4132 4133 4149
f 4132 4149 4148
f 4133 4134 4150
f 4133 4150 4149
f 4134 4135 4151
f 4134 4151 4150
f 4135 4136 4152
f 4135 4152 4151
f 4136 4137 4153
f 4136 4153 4152
f 4137 4138 4154
f 4137 4154 4153
f 4138 4139 4155
f 4138 4155 4154
f 4139 4140 4156
f 4139 4156 4155
f 4140 4141 4157
f 4140 4157 4156
f 4141 4142 4158
f 4141 4158 4157
f 4142 4127 4143
f 4142 4143 4158
f 4143 4144 4160
f 4143 4160 4159
f 4144 4145 4161
f 4144 4161 4160
f 4145 4146 4162
f 4145 4162 4161
f 4146 4147 4163
f 4146 4163 4162
f 4147 4148 4164
f 4147 4164 4163
f 4148 4149 4165
f 4148 4165 4164
f 4149 4150 4166
f 4149 4166 4165
f 4150 4151 4167
f 4150 4167 4166
f 4151 4152 4168
f 4151 4168 4167
f 4152 4153 4169
f 4152 4169 4168
f 4153 4154 4170
f 4153 4170 4169
f 4154 4155 4171
f 4154 4171 4170
f 4155 4156 4172
f 4155 4172 4171
f 4156 4157 4173
f 4156 4173 4172
f 4157 4158 4174
f 4157 4174 4173
f 4158 4143 4159
f 4158 4159 4174
f 4159 4160 4176
f 4159 4176 4175
f 4160 4161 4177
f 4160 4177 4176
f 4161 4162 4178
f 4161 4178 4177
f 4162 4163 4179
f 4162 4179 4178
f 4163 4164 4180
f 4163 4180 4179
f 4164 4165 4181
f 4164 4181 4180
f 4165 4166 4182
f 4165 4182 4181
f 4166 4167 4183
f 4166 4183 4182
f 4167 4168 4184
f 4167 4184 4183
f 4168 4169 4185
f 4168 4185 4184
f 4169 4170 4186
f 4169 4186 4185
f 4170 4171 4187
f 4170 4187 4186
f 4171 4172 4188
f 4171 4188 4187
f 4172 4173 4189
f 4172 4189 4188
f 4173 4174 4190
f 4173 4190 4189
f 4174 4159 4175
f 4174 4175 4190
f 4175 4176 4192
f 4175 4192 4191
f 4176 4177 4193
f 4176 4193 4192
f 4177 4178 4194
f 4177 4194 4193
f 4178 4179 4195
f 4178 4195 4194
f 4179 4180 4196
f 4179 4196 4195
f 4180 4181 4197
f 4180 4197 4196
f 4181 4182 4198
f 4181 4198 4197
f 4182 4183 4199
f 4182 4199 4198
f 4183 4184 4200
f 4183 4200 4199
f 4184 4185 4201
f 4184 4201 4200
f 4185 4186 4202
f 4185 4202 4201
f 4186 4187 4203
f 4186 4203 4202
f 4187 4188 4204
f 4187 4204 4203
f 4188 4189 4205
f 4188 4205 4204
f 4189 4190 4206
f 4189 4206 4205
f 4190 4175 4191
f 4190 4191 4206
f 4191 4192 4208
f 4191 4208 4207
f 4192 4193 4209
f 4192 4209 4208
f 4193 4194 4210
f 4193 4210 4209
f 4194 4195 4211
f 4194 4211 4210
f 4195 4196 4212
f 4195 4212 4211
f 4196 4197 4213
f 4196 4213 4212
f 4197 4198 4214
f 4197 4214 4213
f 4198 4199 4215
f 4198 4215 4214
f 4199 4200 4216
f 4199 4216 4215
f 4200 4201 4217
f 4200 4217 4216
f 4201 4202 4218
f 4201 4218 4217
f 4202 4203 4219
f 4202 4219 4218
f 4203 4204 4220
f 4203 4220 4219
f 4204 4205 4221
f 4204 4221 4220
f 4205 4206 4222
f 4205 4222 4221
f 4206 4191 4207
f 4206 4207 4222
f 4207 4208 4224
f 4207 4224 4223
f 4208 4209 4225
f 4208 4225 4224
f 4209 4210 4226
f 4209 4226 4225
f 4210 4211 4227
f 4210 4227 4226
f 4211 4212 4228
f 4211 4228 4227
f 4212 4213 4229
f 4212 4229 4228
f 4213 4214 4230
f 4213 4230 4229
f 4214 4215 4231
f 4214 4231 4230
f 4215 4216 4232
f 4215 4232 4231
f 4216 4217 4233
f 4216 4233 4232
f 4217 4218 4234
f 4217 4234 4233
f 4218 4219 4235
f 4218 4235 4234
f 4219 4220 4236
f 4219 4236 4235
f 4220 4221 4237
f 4220 4237 4236
f 4221 4222 4238
f 4221 4238 4237
f 4222 4207 4223
f 4222 4223 4238
f 4223 4224 4240
f 4223 4240 4239
f 4224 4225 4241
f 4224 4241 4240
f 4225 4226 4242
f 4225 4242 4241
f 4226 4227 4243
f 4226 4243 4242
f 4227 4228 4244
f 4227 4244 4243
f 4228 4229 4245
f 4228 4245 4244
f 4229 4230 4246
f 4229 4246 4245
f 4230 4231 4247
f 4230 4247 4246
f 4231 4232 4248
f 4231 4248 4247
f 4232 4233 4249
f 4232 4249 4248
f 4233 4234 4250
f 4233 4250 4249
f 4234 4235 4251
f 4234 4251 4250
f 4235 4236 4252
f 4235 4252 4251
f 4236 4237 4253
f 4236 4253 4252
f 4237 4238 4254
f 4237 4254 4253
f 4238 4223 4239
f 4238 4239 4254
f 4239 4240 4256
f 4239 4256 4255
f 4240 4241 4257
f 4240 4257 4256
f 4241 4242 4258
f 4241 4258 4257
f 4242 4243 4259
f 4242 4259 4258
f 4243 4244 4260
f 4243 4260 4259
f 4244 4245 4261
f 4244 4261 4260
f 4245 4246 4262
f 4245 4262 4261
f 4246 4247 4263
f 4246 4263 4262
f 4247 4248 4264
f 4247 4264 4263
f 4248 4249 4265
f 4248 4265 4264
f 4249 4250 4266
f 4249 4266 4265
f 4250 4251 4267
f 4250 4267 4266
f 4251 4252 4268
f 4251 4268 4267
f 4252 4253 4269
f 4252 4269 4268
f 4253 4254 4270
f 4253 4270 4269
f 4254 4239 4255
f 4254 4255 4270
f 4255 4256 4272
f 4255 4272 4271
f 4256 4257 4273
f 4256 4273 4272
f 4257 4258 4274
f 4257 4274 4273
f 4258 4259 4275
f 4258 4275 4274
f 4259 4260 4276
f 4259 4276 4275
f 4260 4261 4277
f 4260 4277 4276
f 4261 4262 4278
f 4261 4278 4277
f 4262 4263 4279
f 4262 4279 4278
f 4263 4264 4280
f 4263 4280 4279
f 4264 4265 4281
f 4264 4281 4280
f 4265 4266 4282
f 4265 4282 4281
f 4266 4267 4283
f 4266 4283 4282
f 4267 4268 4284
f 4267 4284 4283
f 4268 4269 4285
f 4268 4285 4284
f 4269 4270 4286
f 4269 4286 4285
f 4270 4255 4271
f 4270 4271 4286
f 4271 4272 4288
f 4271 4288 4287
f 4272 4273 4289
f 4272 4289 4288
f 4273 4274 4290
f 4273 4290 4289
f 4274 4275 4291
f 4274 4291 4290
f 4275 4276 4292
f 4275 4292 4291
f 4276 4277 4293
f 4276 4293 4292
f 4277 4278 4294
f 4277 4294 4293
f 4278 4279 4295
f 4278 4295 4294
f 4279 4280 4296
f 4279 4296 4295
f 4280 4281 4297
f 4280 4297 4296
f 4281 4282 4298
f 4281 4298 4297
f 4282 4283 4299
f 4282 4299 4298
f 4283 4284 4300
f 4283 4300 4299
f 4284 4285 4301
f 4284 4301 4300
f 4285 4286 4302
f 4285 4302 4301
f 4286 4271 4287
f 4286 4287 4302
f 4287 4288 4304
f 4287 4304 4303
f 4288 4289 4305
f 4288 4305 4304
f 4289 4290 4306
f 4289 4306 4305
f 4290 4291 4307
f 4290 4307 4306
f 4291 4292 4308
f 4291 4308 4307
f 4292 4293 4309
f 4292 4309 4308
f 4293 4294 4310
f 4293 4310 4309
f 4294 4295 4311
f 4294 4311 4310
f 4295 4296 4312
f 4295 4312 4311
f 4296 4297 4313
f 4296 4313 4312
f 4297 4298 4314
f 4297 4314 4313
f 4298 4299 4315
f 4298 4315 4314
f 4299 4300 4316
f 4299 4316 4315
f 4300 4301 4317
f 4300 4317 4316
f 4301 4302 4318
f 4301 4318 4317
f 4302 4287 4303
f 4302 4303 4318
f 4303 4304 4320
f 4303 4320 4319
f 4304 4305 4321
f 4304 4321 4320
f 4305 4306 4322
f 4305 4322 4321
f 4306 4307 4323
f 4306 4323 4322
f 4307 4308 4324
f 4307 4324 4323
f 4308 4309 4325
f 4308 4325 4324
f 4309 4310 4326
f 4309 4326 4325
f 4310 4311 4327
f 4310 4327 4326
f 4311 4312 4328
f 4311 4328 4327
f 4312 4313 4329
f 4312 4329 4328
f 4313 4314 4330
f 4313 4330 4329
f 4314 4315 4331
f 4314 4331 4330
f 4315 4316 4332
f 4315 4332 4331
f 4316 4317 4333
f 4316 4333 4332
f 4317 4318 4334
f 4317 4334 4333
f 4318 4303 4319
f 4318 4319 4334
f 4335 3936 3935
f 4335 3937 3936
f 4335 3938 3937
f 4335 3939 3938
f 4335 3940 3939
f 4335 3941 3940
f 4335 3942 3941
f 4335 3943 3942
f 4335 3944 3943
f 4335 3945 3944
f 4335 3946 3945
f 4335 3947 3946
f 4335 3948 3947
f 4335 3949 3948
f 4335 3950 3949
f 4335 3935 3950
f 4336 4319 4320
f 4336 4320 4321
f 4336 4321 4322
f 4336 4322 4323
f 4336 4323 4324
f 4336 4324 4325
f 4336 4325 4326
f 4336 4326 4327
f 4336 4327 4328
f 4336 4328 4329
f 4336 4329 4330
f 4336 4330 4331
f 4336 4331 4332
f 4336 4332 4333
f 4336 4333 4334
f 4336 4334 4319
o Ilyth_Ankle_L_Fore
usemtl soft_charcoal
s 1
v -1.48752 0.06873 1.44963
v -1.48772 0.06873 1.44847
v -1.48830 0.06873 1.44748
v -1.48916 0.06873 1.44682
v -1.49018 0.06873 1.44659
v -1.49120 0.06873 1.44682
v -1.49206 0.06873 1.44748
v -1.49264 0.06873 1.44847
v -1.49284 0.06873 1.44963
v -1.49264 0.06873 1.45080
v -1.49206 0.06873 1.45178
v -1.49120 0.06873 1.45244
v -1.49018 0.06873 1.45267
v -1.48916 0.06873 1.45244
v -1.48830 0.06873 1.45178
v -1.48772 0.06873 1.45080
v -1.47694 0.07158 1.44963
v -1.47795 0.07158 1.44384
v -1.48082 0.07158 1.43893
v -1.48511 0.07158 1.43565
v -1.49018 0.07158 1.43450
v -1.49525 0.07158 1.43565
v -1.49954 0.07158 1.43893
v -1.50241 0.07158 1.44384
v -1.50342 0.07158 1.44963
v -1.50241 0.07158 1.45542
v -1.49954 0.07158 1.46033
v -1.49525 0.07158 1.46361
v -1.49018 0.07158 1.46476
v -1.48511 0.07158 1.46361
v -1.48082 0.07158 1.46033
v -1.47795 0.07158 1.45542
v -1.46193 0.07602 1.44963
v -1.46408 0.07602 1.43728
v -1.47020 0.07602 1.42680
v -1.47937 0.07602 1.41980
v -1.49018 0.07602 1.41734
v -1.50099 0.07602 1.41980
v -1.51016 0.07602 1.42680
v -1.51628 0.07602 1.43728
v -1.51844 0.07602 1.44963
v -1.51628 0.07602 1.46199
v -1.51016 0.07602 1.47246
v -1.50099 0.07602 1.47946
v -1.49018 0.07602 1.48192
v -1.47937 0.07602 1.47946
v -1.47020 0.07602 1.47246
v -1.46408 0.07602 1.46199
v -1.44761 0.08306 1.44963
v -1.45085 0.08306 1.43101
v -1.46008 0.08306 1.41523
v -1.47389 0.08306 1.40468
v -1.49018 0.08306 1.40098
v -1.50647 0.08306 1.40468
v -1.52028 0.08306 1.41523
v -1.52951 0.08306 1.43101
v -1.53275 0.08306 1.44963
v -1.52951 0.08306 1.46825
v -1.52028 0.08306 1.48403
v -1.50647 0.08306 1.49458
v -1.49018 0.08306 1.49828
v -1.47389 0.08306 1.49458
v -1.46008 0.08306 1.48403
v -1.45085 0.08306 1.46825
v -1.43552 0.09321 1.44963
v -1.43968 0.09321 1.42573
v -1.45153 0.09321 1.40546
v -1.46926 0.09321 1.39192
v -1.49018 0.09321 1.38716
v -1.51110 0.09321 1.39192
v -1.52883 0.09321 1.40546
v -1.54068 0.09321 1.42573
v -1.54484 0.09321 1.44963
v -1.54068 0.09321 1.47354
v -1.52883 0.09321 1.49381
v -1.51110 0.09321 1.50735
v -1.49018 0.09321 1.51210
v -1.46926 0.09321 1.50735
v -1.45153 0.09321 1.49381
v -1.43968 0.09321 1.47354
v -1.42413 0.10596 1.44963
v -1.42915 0.10596 1.42074
v -1.44347 0.10596 1.39625
v -1.46490 0.10596 1.37989
v -1.49018 0.10596 1.37414
v -1.51546 0.10596 1.37989
v -1.53689 0.10596 1.39625
v -1.55121 0.10596 1.42074
v -1.55624 0.10596 1.44963
v -1.55121 0.10596 1.47852
v -1.53689 0.10596 1.50301
v -1.51546 0.10596 1.51938
v -1.49018 0.10596 1.52512
v -1.46490 0.10596 1.51938
v -1.44347 0.10596 1.50301
v -1.42915 0.10596 1.47852
v -1.41398 0.12068 1.44963
v -1.41978 0.12068 1.41631
v -1.43630 0.12068 1.38805
v -1.46102 0.12068 1.36917
v -1.49018 0.12068 1.36255
v -1.51934 0.12068 1.36917
v -1.54406 0.12068 1.38805
v -1.56058 0.12068 1.41631
v -1.56638 0.12068 1.44963
v -1.56058 0.12068 1.48296
v -1.54406 0.12068 1.51121
v -1.51934 0.12068 1.53009
v -1.49018 0.12068 1.53672
v -1.46102 0.12068 1.53009
v -1.43630 0.12068 1.51121
v -1.41978 0.12068 1.48296
v -1.40515 0.13747 1.44963
v -1.41162 0.13747 1.41244
v -1.43005 0.13747 1.38091
v -1.45764 0.13747 1.35985
v -1.49018 0.13747 1.35245
v -1.52272 0.13747 1.35985
v -1.55031 0.13747 1.38091
v -1.56874 0.13747 1.41244
v -1.57522 0.13747 1.44963
v -1.56874 0.13747 1.48682
v -1.55031 0.13747 1.51835
v -1.52272 0.13747 1.53942
v -1.49018 0.13747 1.54682
v -1.45764 0.13747 1.53942
v -1.43005 0.13747 1.51835
v -1.41162 0.13747 1.48682
v -1.39756 0.15623 1.44963
v -1.40461 0.15623 1.40912
v -1.42469 0.15623 1.37478
v -1.45474 0.15623 1.35184
v -1.49018 0.15623 1.34378
v -1.52563 0.15623 1.35184
v -1.55567 0.15623 1.37478
v -1.57575 0.15623 1.40912
v -1.58280 0.15623 1.44963
v -1.57575 0.15623 1.49014
v -1.55567 0.15623 1.52448
v -1.52563 0.15623 1.54743
v -1.49018 0.15623 1.55549
v -1.45474 0.15623 1.54743
v -1.42469 0.15623 1.52448
v -1.40461 0.15623 1.49014
v -1.39159 0.17605 1.44963
v -1.39909 0.17605 1.40651
v -1.42047 0.17605 1.36996
v -1.45245 0.17605 1.34553
v -1.49018 0.17605 1.33696
v -1.52791 0.17605 1.34553
v -1.55990 0.17605 1.36996
v -1.58127 0.17605 1.40651
v -1.58877 0.17605 1.44963
v -1.58127 0.17605 1.49275
v -1.55990 0.17605 1.52931
v -1.52791 0.17605 1.55373
v -1.49018 0.17605 1.56231
v -1.45245 0.17605 1.55373
v -1.42047 0.17605 1.52931
v -1.39909 0.17605 1.49275
v -1.38731 0.19700 1.44963
v -1.39514 0.19700 1.40464
v -1.41744 0.19700 1.36650
v -1.45082 0.19700 1.34102
v -1.49018 0.19700 1.33207
v -1.52955 0.19700 1.34102
v -1.56292 0.19700 1.36650
v -1.58522 0.19700 1.40464
v -1.59305 0.19700 1.44963
v -1.58522 0.19700 1.49462
v -1.56292 0.19700 1.53276
v -1.52955 0.19700 1.55825
v -1.49018 0.19700 1.56719
v -1.45082 0.19700 1.55825
v -1.41744 0.19700 1.53276
v -1.39514 0.19700 1.49462
v -1.38465 0.21900 1.44963
v -1.39269 0.21900 1.40348
v -1.41556 0.21900 1.36435
v -1.44980 0.21900 1.33821
v -1.49018 0.21900 1.32903
v -1.53056 0.21900 1.33821
v -1.56480 0.21900 1.36435
v -1.58767 0.21900 1.40348
v -1.59571 0.21900 1.44963
v -1.58767 0.21900 1.49578
v -1.56480 0.21900 1.53491
v -1.53056 0.21900 1.56105
v -1.49018 0.21900 1.57023
v -1.44980 0.21900 1.56105
v -1.41556 0.21900 1.53491
v -1.39269 0.21900 1.49578
v -1.38374 0.24101 1.44963
v -1.39184 0.24101 1.40308
v -1.41492 0.24101 1.36361
v -1.44945 0.24101 1.33724
v -1.49018 0.24101 1.32798
v -1.53091 0.24101 1.33724
v -1.56545 0.24101 1.36361
v -1.58852 0.24101 1.40308
v -1.59662 0.24101 1.44963
v -1.58852 0.24101 1.49618
v -1.56545 0.24101 1.53565
v -1.53091 0.24101 1.56202
v -1.49018 0.24101 1.57128
v -1.44945 0.24101 1.56202
v -1.41492 0.24101 1.53565
v -1.39184 0.24101 1.49618
v -1.38465 0.26301 1.44963
v -1.39269 0.26301 1.40348
v -1.41556 0.26301 1.36435
v -1.44980 0.26301 1.33821
v -1.49018 0.26301 1.32903
v -1.53056 0.26301 1.33821
v -1.56480 0.26301 1.36435
v -1.58767 0.26301 1.40348
v -1.59571 0.26301 1.44963
v -1.58767 0.26301 1.49578
v -1.56480 0.26301 1.53491
v -1.53056 0.26301 1.56105
v -1.49018 0.26301 1.57023
v -1.44980 0.26301 1.56105
v -1.41556 0.26301 1.53491
v -1.39269 0.26301 1.49578
v -1.38731 0.28502 1.44963
v -1.39514 0.28502 1.40464
v -1.41744 0.28502 1.36650
v -1.45082 0.28502 1.34102
v -1.49018 0.28502 1.33207
v -1.52955 0.28502 1.34102
v -1.56292 0.28502 1.36650
v -1.58522 0.28502 1.40464
v -1.59305 0.28502 1.44963
v -1.58522 0.28502 1.49462
v -1.56292 0.28502 1.53276
v -1.52955 0.28502 1.55825
v -1.49018 0.28502 1.56719
v -1.45082 0.28502 1.55825
v -1.41744 0.28502 1.53276
v -1.39514 0.28502 1.49462
v -1.39159 0.30596 1.44963
v -1.39909 0.30596 1.40651
v -1.42047 0.30596 1.36996
v -1.45245 0.30596 1.34553
v -1.49018 0.30596 1.33696
v -1.52791 0.30596 1.34553
v -1.55990 0.30596 1.36996
v -1.58127 0.30596 1.40651
v -1.58877 0.30596 1.44963
v -1.58127 0.30596 1.49275
v -1.55990 0.30596 1.52931
v -1.52791 0.30596 1.55373
v -1.49018 0.30596 1.56231
v -1.45245 0.30596 1.55373
v -1.42047 0.30596 1.52931
v -1.39909 0.30596 1.49275
v -1.39756 0.32578 1.44963
v -1.40461 0.32578 1.40912
v -1.42469 0.32578 1.37478
v -1.45474 0.32578 1.35184
v -1.49018 0.32578 1.34378
v -1.52563 0.32578 1.35184
v -1.55567 0.32578 1.37478
v -1.57575 0.32578 1.40912
v -1.58280 0.32578 1.44963
v -1.57575 0.32578 1.49014
v -1.55567 0.32578 1.52448
v -1.52563 0.32578 1.54743
v -1.49018 0.32578 1.55549
v -1.45474 0.32578 1.54743
v -1.42469 0.32578 1.52448
v -1.40461 0.32578 1.49014
v -1.40515 0.34454 1.44963
v -1.41162 0.34454 1.41244
v -1.43005 0.34454 1.38091
v -1.45764 0.34454 1.35985
v -1.49018 0.34454 1.35245
v -1.52272 0.34454 1.35985
v -1.55031 0.34454 1.38091
v -1.56874 0.34454 1.41244
v -1.57522 0.34454 1.44963
v -1.56874 0.34454 1.48682
v -1.55031 0.34454 1.51835
v -1.52272 0.34454 1.53942
v -1.49018 0.34454 1.54682
v -1.45764 0.34454 1.53942
v -1.43005 0.34454 1.51835
v -1.41162 0.34454 1.48682
v -1.41398 0.36133 1.44963
v -1.41978 0.36133 1.41631
v -1.43630 0.36133 1.38805
v -1.46102 0.36133 1.36917
v -1.49018 0.36133 1.36255
v -1.51934 0.36133 1.36917
v -1.54406 0.36133 1.38805
v -1.56058 0.36133 1.41631
v -1.56638 0.36133 1.44963
v -1.56058 0.36133 1.48296
v -1.54406 0.36133 1.51121
v -1.51934 0.36133 1.53009
v -1.49018 0.36133 1.53672
v -1.46102 0.36133 1.53009
v -1.43630 0.36133 1.51121
v -1.41978 0.36133 1.48296
v -1.42413 0.37605 1.44963
v -1.42915 0.37605 1.42074
v -1.44347 0.37605 1.39625
v -1.46490 0.37605 1.37989
v -1.49018 0.37605 1.37414
v -1.51546 0.37605 1.37989
v -1.53689 0.37605 1.39625
v -1.55121 0.37605 1.42074
v -1.55624 0.37605 1.44963
v -1.55121 0.37605 1.47852
v -1.53689 0.37605 1.50301
v -1.51546 0.37605 1.51938
v -1.49018 0.37605 1.52512
v -1.46490 0.37605 1.51938
v -1.44347 0.37605 1.50301
v -1.42915 0.37605 1.47852
v -1.43552 0.38880 1.44963
v -1.43968 0.38880 1.42573
v -1.45153 0.38880 1.40546
v -1.46926 0.38880 1.39192
v -1.49018 0.38880 1.38716
v -1.51110 0.38880 1.39192
v -1.52883 0.38880 1.40546
v -1.54068 0.38880 1.42573
v -1.54484 0.38880 1.44963
v -1.54068 0.38880 1.47354
v -1.52883 0.38880 1.49381
v -1.51110 0.38880 1.50735
v -1.49018 0.38880 1.51210
v -1.46926 0.38880 1.50735
v -1.45153 0.38880 1.49381
v -1.43968 0.38880 1.47354
v -1.44761 0.39896 1.44963
v -1.45085 0.39896 1.43101
v -1.46008 0.39896 1.41523
v -1.47389 0.39896 1.40468
v -1.49018 0.39896 1.40098
v -1.50647 0.39896 1.40468
v -1.52028 0.39896 1.41523
v -1.52951 0.39896 1.43101
v -1.53275 0.39896 1.44963
v -1.52951 0.39896 1.46825
v -1.52028 0.39896 1.48403
v -1.50647 0.39896 1.49458
v -1.49018 0.39896 1.49828
v -1.47389 0.39896 1.49458
v -1.46008 0.39896 1.48403
v -1.45085 0.39896 1.46825
v -1.46193 0.40599 1.44963
v -1.46408 0.40599 1.43728
v -1.47020 0.40599 1.42680
v -1.47937 0.40599 1.41980
v -1.49018 0.40599 1.41734
v -1.50099 0.40599 1.41980
v -1.51016 0.40599 1.42680
v -1.51628 0.40599 1.43728
v -1.51844 0.40599 1.44963
v -1.51628 0.40599 1.46199
v -1.51016 0.40599 1.47246
v -1.50099 0.40599 1.47946
v -1.49018 0.40599 1.48192
v -1.47937 0.40599 1.47946
v -1.47020 0.40599 1.47246
v -1.46408 0.40599 1.46199
v -1.47694 0.41044 1.44963
v -1.47795 0.41044 1.44384
v -1.48082 0.41044 1.43893
v -1.48511 0.41044 1.43565
v -1.49018 0.41044 1.43450
v -1.49525 0.41044 1.43565
v -1.49954 0.41044 1.43893
v -1.50241 0.41044 1.44384
v -1.50342 0.41044 1.44963
v -1.50241 0.41044 1.45542
v -1.49954 0.41044 1.46033
v -1.49525 0.41044 1.46361
v -1.49018 0.41044 1.46476
v -1.48511 0.41044 1.46361
v -1.48082 0.41044 1.46033
v -1.47795 0.41044 1.45542
v -1.48752 0.41329 1.44963
v -1.48772 0.41329 1.44847
v -1.48830 0.41329 1.44748
v -1.48916 0.41329 1.44682
v -1.49018 0.41329 1.44659
v -1.49120 0.41329 1.44682
v -1.49206 0.41329 1.44748
v -1.49264 0.41329 1.44847
v -1.49284 0.41329 1.44963
v -1.49264 0.41329 1.45080
v -1.49206 0.41329 1.45178
v -1.49120 0.41329 1.45244
v -1.49018 0.41329 1.45267
v -1.48916 0.41329 1.45244
v -1.48830 0.41329 1.45178
v -1.48772 0.41329 1.45080
v -1.49018 0.06873 1.44963
v -1.49018 0.41329 1.44963
f 4337 4338 4354
f 4337 4354 4353
f 4338 4339 4355
f 4338 4355 4354
f 4339 4340 4356
f 4339 4356 4355
f 4340 4341 4357
f 4340 4357 4356
f 4341 4342 4358
f 4341 4358 4357
f 4342 4343 4359
f 4342 4359 4358
f 4343 4344 4360
f 4343 4360 4359
f 4344 4345 4361
f 4344 4361 4360
f 4345 4346 4362
f 4345 4362 4361
f 4346 4347 4363
f 4346 4363 4362
f 4347 4348 4364
f 4347 4364 4363
f 4348 4349 4365
f 4348 4365 4364
f 4349 4350 4366
f 4349 4366 4365
f 4350 4351 4367
f 4350 4367 4366
f 4351 4352 4368
f 4351 4368 4367
f 4352 4337 4353
f 4352 4353 4368
f 4353 4354 4370
f 4353 4370 4369
f 4354 4355 4371
f 4354 4371 4370
f 4355 4356 4372
f 4355 4372 4371
f 4356 4357 4373
f 4356 4373 4372
f 4357 4358 4374
f 4357 4374 4373
f 4358 4359 4375
f 4358 4375 4374
f 4359 4360 4376
f 4359 4376 4375
f 4360 4361 4377
f 4360 4377 4376
f 4361 4362 4378
f 4361 4378 4377
f 4362 4363 4379
f 4362 4379 4378
f 4363 4364 4380
f 4363 4380 4379
f 4364 4365 4381
f 4364 4381 4380
f 4365 4366 4382
f 4365 4382 4381
f 4366 4367 4383
f 4366 4383 4382
f 4367 4368 4384
f 4367 4384 4383
f 4368 4353 4369
f 4368 4369 4384
f 4369 4370 4386
f 4369 4386 4385
f 4370 4371 4387
f 4370 4387 4386
f 4371 4372 4388
f 4371 4388 4387
f 4372 4373 4389
f 4372 4389 4388
f 4373 4374 4390
f 4373 4390 4389
f 4374 4375 4391
f 4374 4391 4390
f 4375 4376 4392
f 4375 4392 4391
f 4376 4377 4393
f 4376 4393 4392
f 4377 4378 4394
f 4377 4394 4393
f 4378 4379 4395
f 4378 4395 4394
f 4379 4380 4396
f 4379 4396 4395
f 4380 4381 4397
f 4380 4397 4396
f 4381 4382 4398
f 4381 4398 4397
f 4382 4383 4399
f 4382 4399 4398
f 4383 4384 4400
f 4383 4400 4399
f 4384 4369 4385
f 4384 4385 4400
f 4385 4386 4402
f 4385 4402 4401
f 4386 4387 4403
f 4386 4403 4402
f 4387 4388 4404
f 4387 4404 4403
f 4388 4389 4405
f 4388 4405 4404
f 4389 4390 4406
f 4389 4406 4405
f 4390 4391 4407
f 4390 4407 4406
f 4391 4392 4408
f 4391 4408 4407
f 4392 4393 4409
f 4392 4409 4408
f 4393 4394 4410
f 4393 4410 4409
f 4394 4395 4411
f 4394 4411 4410
f 4395 4396 4412
f 4395 4412 4411
f 4396 4397 4413
f 4396 4413 4412
f 4397 4398 4414
f 4397 4414 4413
f 4398 4399 4415
f 4398 4415 4414
f 4399 4400 4416
f 4399 4416 4415
f 4400 4385 4401
f 4400 4401 4416
f 4401 4402 4418
f 4401 4418 4417
f 4402 4403 4419
f 4402 4419 4418
f 4403 4404 4420
f 4403 4420 4419
f 4404 4405 4421
f 4404 4421 4420
f 4405 4406 4422
f 4405 4422 4421
f 4406 4407 4423
f 4406 4423 4422
f 4407 4408 4424
f 4407 4424 4423
f 4408 4409 4425
f 4408 4425 4424
f 4409 4410 4426
f 4409 4426 4425
f 4410 4411 4427
f 4410 4427 4426
f 4411 4412 4428
f 4411 4428 4427
f 4412 4413 4429
f 4412 4429 4428
f 4413 4414 4430
f 4413 4430 4429
f 4414 4415 4431
f 4414 4431 4430
f 4415 4416 4432
f 4415 4432 4431
f 4416 4401 4417
f 4416 4417 4432
f 4417 4418 4434
f 4417 4434 4433
f 4418 4419 4435
f 4418 4435 4434
f 4419 4420 4436
f 4419 4436 4435
f 4420 4421 4437
f 4420 4437 4436
f 4421 4422 4438
f 4421 4438 4437
f 4422 4423 4439
f 4422 4439 4438
f 4423 4424 4440
f 4423 4440 4439
f 4424 4425 4441
f 4424 4441 4440
f 4425 4426 4442
f 4425 4442 4441
f 4426 4427 4443
f 4426 4443 4442
f 4427 4428 4444
f 4427 4444 4443
f 4428 4429 4445
f 4428 4445 4444
f 4429 4430 4446
f 4429 4446 4445
f 4430 4431 4447
f 4430 4447 4446
f 4431 4432 4448
f 4431 4448 4447
f 4432 4417 4433
f 4432 4433 4448
f 4433 4434 4450
f 4433 4450 4449
f 4434 4435 4451
f 4434 4451 4450
f 4435 4436 4452
f 4435 4452 4451
f 4436 4437 4453
f 4436 4453 4452
f 4437 4438 4454
f 4437 4454 4453
f 4438 4439 4455
f 4438 4455 4454
f 4439 4440 4456
f 4439 4456 4455
f 4440 4441 4457
f 4440 4457 4456
f 4441 4442 4458
f 4441 4458 4457
f 4442 4443 4459
f 4442 4459 4458
f 4443 4444 4460
f 4443 4460 4459
f 4444 4445 4461
f 4444 4461 4460
f 4445 4446 4462
f 4445 4462 4461
f 4446 4447 4463
f 4446 4463 4462
f 4447 4448 4464
f 4447 4464 4463
f 4448 4433 4449
f 4448 4449 4464
f 4449 4450 4466
f 4449 4466 4465
f 4450 4451 4467
f 4450 4467 4466
f 4451 4452 4468
f 4451 4468 4467
f 4452 4453 4469
f 4452 4469 4468
f 4453 4454 4470
f 4453 4470 4469
f 4454 4455 4471
f 4454 4471 4470
f 4455 4456 4472
f 4455 4472 4471
f 4456 4457 4473
f 4456 4473 4472
f 4457 4458 4474
f 4457 4474 4473
f 4458 4459 4475
f 4458 4475 4474
f 4459 4460 4476
f 4459 4476 4475
f 4460 4461 4477
f 4460 4477 4476
f 4461 4462 4478
f 4461 4478 4477
f 4462 4463 4479
f 4462 4479 4478
f 4463 4464 4480
f 4463 4480 4479
f 4464 4449 4465
f 4464 4465 4480
f 4465 4466 4482
f 4465 4482 4481
f 4466 4467 4483
f 4466 4483 4482
f 4467 4468 4484
f 4467 4484 4483
f 4468 4469 4485
f 4468 4485 4484
f 4469 4470 4486
f 4469 4486 4485
f 4470 4471 4487
f 4470 4487 4486
f 4471 4472 4488
f 4471 4488 4487
f 4472 4473 4489
f 4472 4489 4488
f 4473 4474 4490
f 4473 4490 4489
f 4474 4475 4491
f 4474 4491 4490
f 4475 4476 4492
f 4475 4492 4491
f 4476 4477 4493
f 4476 4493 4492
f 4477 4478 4494
f 4477 4494 4493
f 4478 4479 4495
f 4478 4495 4494
f 4479 4480 4496
f 4479 4496 4495
f 4480 4465 4481
f 4480 4481 4496
f 4481 4482 4498
f 4481 4498 4497
f 4482 4483 4499
f 4482 4499 4498
f 4483 4484 4500
f 4483 4500 4499
f 4484 4485 4501
f 4484 4501 4500
f 4485 4486 4502
f 4485 4502 4501
f 4486 4487 4503
f 4486 4503 4502
f 4487 4488 4504
f 4487 4504 4503
f 4488 4489 4505
f 4488 4505 4504
f 4489 4490 4506
f 4489 4506 4505
f 4490 4491 4507
f 4490 4507 4506
f 4491 4492 4508
f 4491 4508 4507
f 4492 4493 4509
f 4492 4509 4508
f 4493 4494 4510
f 4493 4510 4509
f 4494 4495 4511
f 4494 4511 4510
f 4495 4496 4512
f 4495 4512 4511
f 4496 4481 4497
f 4496 4497 4512
f 4497 4498 4514
f 4497 4514 4513
f 4498 4499 4515
f 4498 4515 4514
f 4499 4500 4516
f 4499 4516 4515
f 4500 4501 4517
f 4500 4517 4516
f 4501 4502 4518
f 4501 4518 4517
f 4502 4503 4519
f 4502 4519 4518
f 4503 4504 4520
f 4503 4520 4519
f 4504 4505 4521
f 4504 4521 4520
f 4505 4506 4522
f 4505 4522 4521
f 4506 4507 4523
f 4506 4523 4522
f 4507 4508 4524
f 4507 4524 4523
f 4508 4509 4525
f 4508 4525 4524
f 4509 4510 4526
f 4509 4526 4525
f 4510 4511 4527
f 4510 4527 4526
f 4511 4512 4528
f 4511 4528 4527
f 4512 4497 4513
f 4512 4513 4528
f 4513 4514 4530
f 4513 4530 4529
f 4514 4515 4531
f 4514 4531 4530
f 4515 4516 4532
f 4515 4532 4531
f 4516 4517 4533
f 4516 4533 4532
f 4517 4518 4534
f 4517 4534 4533
f 4518 4519 4535
f 4518 4535 4534
f 4519 4520 4536
f 4519 4536 4535
f 4520 4521 4537
f 4520 4537 4536
f 4521 4522 4538
f 4521 4538 4537
f 4522 4523 4539
f 4522 4539 4538
f 4523 4524 4540
f 4523 4540 4539
f 4524 4525 4541
f 4524 4541 4540
f 4525 4526 4542
f 4525 4542 4541
f 4526 4527 4543
f 4526 4543 4542
f 4527 4528 4544
f 4527 4544 4543
f 4528 4513 4529
f 4528 4529 4544
f 4529 4530 4546
f 4529 4546 4545
f 4530 4531 4547
f 4530 4547 4546
f 4531 4532 4548
f 4531 4548 4547
f 4532 4533 4549
f 4532 4549 4548
f 4533 4534 4550
f 4533 4550 4549
f 4534 4535 4551
f 4534 4551 4550
f 4535 4536 4552
f 4535 4552 4551
f 4536 4537 4553
f 4536 4553 4552
f 4537 4538 4554
f 4537 4554 4553
f 4538 4539 4555
f 4538 4555 4554
f 4539 4540 4556
f 4539 4556 4555
f 4540 4541 4557
f 4540 4557 4556
f 4541 4542 4558
f 4541 4558 4557
f 4542 4543 4559
f 4542 4559 4558
f 4543 4544 4560
f 4543 4560 4559
f 4544 4529 4545
f 4544 4545 4560
f 4545 4546 4562
f 4545 4562 4561
f 4546 4547 4563
f 4546 4563 4562
f 4547 4548 4564
f 4547 4564 4563
f 4548 4549 4565
f 4548 4565 4564
f 4549 4550 4566
f 4549 4566 4565
f 4550 4551 4567
f 4550 4567 4566
f 4551 4552 4568
f 4551 4568 4567
f 4552 4553 4569
f 4552 4569 4568
f 4553 4554 4570
f 4553 4570 4569
f 4554 4555 4571
f 4554 4571 4570
f 4555 4556 4572
f 4555 4572 4571
f 4556 4557 4573
f 4556 4573 4572
f 4557 4558 4574
f 4557 4574 4573
f 4558 4559 4575
f 4558 4575 4574
f 4559 4560 4576
f 4559 4576 4575
f 4560 4545 4561
f 4560 4561 4576
f 4561 4562 4578
f 4561 4578 4577
f 4562 4563 4579
f 4562 4579 4578
f 4563 4564 4580
f 4563 4580 4579
f 4564 4565 4581
f 4564 4581 4580
f 4565 4566 4582
f 4565 4582 4581
f 4566 4567 4583
f 4566 4583 4582
f 4567 4568 4584
f 4567 4584 4583
f 4568 4569 4585
f 4568 4585 4584
f 4569 4570 4586
f 4569 4586 4585
f 4570 4571 4587
f 4570 4587 4586
f 4571 4572 4588
f 4571 4588 4587
f 4572 4573 4589
f 4572 4589 4588
f 4573 4574 4590
f 4573 4590 4589
f 4574 4575 4591
f 4574 4591 4590
f 4575 4576 4592
f 4575 4592 4591
f 4576 4561 4577
f 4576 4577 4592
f 4577 4578 4594
f 4577 4594 4593
f 4578 4579 4595
f 4578 4595 4594
f 4579 4580 4596
f 4579 4596 4595
f 4580 4581 4597
f 4580 4597 4596
f 4581 4582 4598
f 4581 4598 4597
f 4582 4583 4599
f 4582 4599 4598
f 4583 4584 4600
f 4583 4600 4599
f 4584 4585 4601
f 4584 4601 4600
f 4585 4586 4602
f 4585 4602 4601
f 4586 4587 4603
f 4586 4603 4602
f 4587 4588 4604
f 4587 4604 4603
f 4588 4589 4605
f 4588 4605 4604
f 4589 4590 4606
f 4589 4606 4605
f 4590 4591 4607
f 4590 4607 4606
f 4591 4592 4608
f 4591 4608 4607
f 4592 4577 4593
f 4592 4593 4608
f 4593 4594 4610
f 4593 4610 4609
f 4594 4595 4611
f 4594 4611 4610
f 4595 4596 4612
f 4595 4612 4611
f 4596 4597 4613
f 4596 4613 4612
f 4597 4598 4614
f 4597 4614 4613
f 4598 4599 4615
f 4598 4615 4614
f 4599 4600 4616
f 4599 4616 4615
f 4600 4601 4617
f 4600 4617 4616
f 4601 4602 4618
f 4601 4618 4617
f 4602 4603 4619
f 4602 4619 4618
f 4603 4604 4620
f 4603 4620 4619
f 4604 4605 4621
f 4604 4621 4620
f 4605 4606 4622
f 4605 4622 4621
f 4606 4607 4623
f 4606 4623 4622
f 4607 4608 4624
f 4607 4624 4623
f 4608 4593 4609
f 4608 4609 4624
f 4609 4610 4626
f 4609 4626 4625
f 4610 4611 4627
f 4610 4627 4626
f 4611 4612 4628
f 4611 4628 4627
f 4612 4613 4629
f 4612 4629 4628
f 4613 4614 4630
f 4613 4630 4629
f 4614 4615 4631
f 4614 4631 4630
f 4615 4616 4632
f 4615 4632 4631
f 4616 4617 4633
f 4616 4633 4632
f 4617 4618 4634
f 4617 4634 4633
f 4618 4619 4635
f 4618 4635 4634
f 4619 4620 4636
f 4619 4636 4635
f 4620 4621 4637
f 4620 4637 4636
f 4621 4622 4638
f 4621 4638 4637
f 4622 4623 4639
f 4622 4639 4638
f 4623 4624 4640
f 4623 4640 4639
f 4624 4609 4625
f 4624 4625 4640
f 4625 4626 4642
f 4625 4642 4641
f 4626 4627 4643
f 4626 4643 4642
f 4627 4628 4644
f 4627 4644 4643
f 4628 4629 4645
f 4628 4645 4644
f 4629 4630 4646
f 4629 4646 4645
f 4630 4631 4647
f 4630 4647 4646
f 4631 4632 4648
f 4631 4648 4647
f 4632 4633 4649
f 4632 4649 4648
f 4633 4634 4650
f 4633 4650 4649
f 4634 4635 4651
f 4634 4651 4650
f 4635 4636 4652
f 4635 4652 4651
f 4636 4637 4653
f 4636 4653 4652
f 4637 4638 4654
f 4637 4654 4653
f 4638 4639 4655
f 4638 4655 4654
f 4639 4640 4656
f 4639 4656 4655
f 4640 4625 4641
f 4640 4641 4656
f 4641 4642 4658
f 4641 4658 4657
f 4642 4643 4659
f 4642 4659 4658
f 4643 4644 4660
f 4643 4660 4659
f 4644 4645 4661
f 4644 4661 4660
f 4645 4646 4662
f 4645 4662 4661
f 4646 4647 4663
f 4646 4663 4662
f 4647 4648 4664
f 4647 4664 4663
f 4648 4649 4665
f 4648 4665 4664
f 4649 4650 4666
f 4649 4666 4665
f 4650 4651 4667
f 4650 4667 4666
f 4651 4652 4668
f 4651 4668 4667
f 4652 4653 4669
f 4652 4669 4668
f 4653 4654 4670
f 4653 4670 4669
f 4654 4655 4671
f 4654 4671 4670
f 4655 4656 4672
f 4655 4672 4671
f 4656 4641 4657
f 4656 4657 4672
f 4657 4658 4674
f 4657 4674 4673
f 4658 4659 4675
f 4658 4675 4674
f 4659 4660 4676
f 4659 4676 4675
f 4660 4661 4677
f 4660 4677 4676
f 4661 4662 4678
f 4661 4678 4677
f 4662 4663 4679
f 4662 4679 4678
f 4663 4664 4680
f 4663 4680 4679
f 4664 4665 4681
f 4664 4681 4680
f 4665 4666 4682
f 4665 4682 4681
f 4666 4667 4683
f 4666 4683 4682
f 4667 4668 4684
f 4667 4684 4683
f 4668 4669 4685
f 4668 4685 4684
f 4669 4670 4686
f 4669 4686 4685
f 4670 4671 4687
f 4670 4687 4686
f 4671 4672 4688
f 4671 4688 4687
f 4672 4657 4673
f 4672 4673 4688
f 4673 4674 4690
f 4673 4690 4689
f 4674 4675 4691
f 4674 4691 4690
f 4675 4676 4692
f 4675 4692 4691
f 4676 4677 4693
f 4676 4693 4692
f 4677 4678 4694
f 4677 4694 4693
f 4678 4679 4695
f 4678 4695 4694
f 4679 4680 4696
f 4679 4696 4695
f 4680 4681 4697
f 4680 4697 4696
f 4681 4682 4698
f 4681 4698 4697
f 4682 4683 4699
f 4682 4699 4698
f 4683 4684 4700
f 4683 4700 4699
f 4684 4685 4701
f 4684 4701 4700
f 4685 4686 4702
f 4685 4702 4701
f 4686 4687 4703
f 4686 4703 4702
f 4687 4688 4704
f 4687 4704 4703
f 4688 4673 4689
f 4688 4689 4704
f 4689 4690 4706
f 4689 4706 4705
f 4690 4691 4707
f 4690 4707 4706
f 4691 4692 4708
f 4691 4708 4707
f 4692 4693 4709
f 4692 4709 4708
f 4693 4694 4710
f 4693 4710 4709
f 4694 4695 4711
f 4694 4711 4710
f 4695 4696 4712
f 4695 4712 4711
f 4696 4697 4713
f 4696 4713 4712
f 4697 4698 4714
f 4697 4714 4713
f 4698 4699 4715
f 4698 4715 4714
f 4699 4700 4716
f 4699 4716 4715
f 4700 4701 4717
f 4700 4717 4716
f 4701 4702 4718
f 4701 4718 4717
f 4702 4703 4719
f 4702 4719 4718
f 4703 4704 4720
f 4703 4720 4719
f 4704 4689 4705
f 4704 4705 4720
f 4705 4706 4722
f 4705 4722 4721
f 4706 4707 4723
f 4706 4723 4722
f 4707 4708 4724
f 4707 4724 4723
f 4708 4709 4725
f 4708 4725 4724
f 4709 4710 4726
f 4709 4726 4725
f 4710 4711 4727
f 4710 4727 4726
f 4711 4712 4728
f 4711 4728 4727
f 4712 4713 4729
f 4712 4729 4728
f 4713 4714 4730
f 4713 4730 4729
f 4714 4715 4731
f 4714 4731 4730
f 4715 4716 4732
f 4715 4732 4731
f 4716 4717 4733
f 4716 4733 4732
f 4717 4718 4734
f 4717 4734 4733
f 4718 4719 4735
f 4718 4735 4734
f 4719 4720 4736
f 4719 4736 4735
f 4720 4705 4721
f 4720 4721 4736
f 4737 4338 4337
f 4737 4339 4338
f 4737 4340 4339
f 4737 4341 4340
f 4737 4342 4341
f 4737 4343 4342
f 4737 4344 4343
f 4737 4345 4344
f 4737 4346 4345
f 4737 4347 4346
f 4737 4348 4347
f 4737 4349 4348
f 4737 4350 4349
f 4737 4351 4350
f 4737 4352 4351
f 4737 4337 4352
f 4738 4721 4722
f 4738 4722 4723
f 4738 4723 4724
f 4738 4724 4725
f 4738 4725 4726
f 4738 4726 4727
f 4738 4727 4728
f 4738 4728 4729
f 4738 4729 4730
f 4738 4730 4731
f 4738 4731 4732
f 4738 4732 4733
f 4738 4733 4734
f 4738 4734 4735
f 4738 4735 4736
f 4738 4736 4721
o Ilyth_Contact_L_Fore0
usemtl soft_charcoal
s 1
v -1.55103 0.27752 1.44963
v -1.55613 0.22862 1.40807
v -1.52260 0.18698 1.39085
v -1.47008 0.17699 1.40807
v -1.42933 0.20450 1.44963
v -1.42423 0.25339 1.49120
v -1.45777 0.29503 1.50841
v -1.51029 0.30503 1.49120
v -1.57134 0.24477 1.49093
v -1.57495 0.19803 1.45181
v -1.54051 0.15712 1.43561
v -1.48821 0.14599 1.45181
v -1.44867 0.17117 1.49093
v -1.44506 0.21790 1.53005
v -1.47950 0.25882 1.54625
v -1.53180 0.26994 1.53005
v -1.59975 0.19850 1.54913
v -1.60127 0.15493 1.51354
v -1.56569 0.11515 1.49880
v -1.51386 0.10248 1.51354
v -1.47612 0.12432 1.54913
v -1.47460 0.16789 1.58472
v -1.51018 0.20767 1.59946
v -1.56202 0.22035 1.58472
v -1.62402 0.15587 1.60169
v -1.62372 0.11596 1.56991
v -1.58796 0.07805 1.55674
v -1.53767 0.06433 1.56991
v -1.50232 0.08285 1.60169
v -1.50262 0.12276 1.63348
v -1.53838 0.16067 1.64664
v -1.58867 0.17439 1.63348
v -1.63998 0.12051 1.64299
v -1.63842 0.08528 1.61555
v -1.60439 0.05066 1.60419
v -1.55783 0.03692 1.61555
v -1.52601 0.05213 1.64299
v -1.52757 0.08736 1.67043
v -1.56160 0.12198 1.68179
v -1.60816 0.13571 1.67043
v -1.65179 0.08879 1.67866
v -1.64924 0.05873 1.65584
v -1.61791 0.02812 1.64639
v -1.57616 0.01489 1.65584
v -1.54844 0.02678 1.67866
v -1.55099 0.05684 1.70148
v -1.58232 0.08745 1.71093
v -1.62407 0.10068 1.70148
v -1.65964 0.06695 1.70306
v -1.65642 0.04057 1.68350
v -1.62708 0.01284 1.67540
v -1.58881 0.00000 1.68350
v -1.56402 0.00958 1.70306
v -1.56724 0.03596 1.72262
v -1.59657 0.06369 1.73073
v -1.63485 0.07652 1.72262
v -1.49018 0.24101 1.44963
v -1.61183 0.03826 1.70306
f 4739 4740 4748
f 4739 4748 4747
f 4740 4741 4749
f 4740 4749 4748
f 4741 4742 4750
f 4741 4750 4749
f 4742 4743 4751
f 4742 4751 4750
f 4743 4744 4752
f 4743 4752 4751
f 4744 4745 4753
f 4744 4753 4752
f 4745 4746 4754
f 4745 4754 4753
f 4746 4739 4747
f 4746 4747 4754
f 4747 4748 4756
f 4747 4756 4755
f 4748 4749 4757
f 4748 4757 4756
f 4749 4750 4758
f 4749 4758 4757
f 4750 4751 4759
f 4750 4759 4758
f 4751 4752 4760
f 4751 4760 4759
f 4752 4753 4761
f 4752 4761 4760
f 4753 4754 4762
f 4753 4762 4761
f 4754 4747 4755
f 4754 4755 4762
f 4755 4756 4764
f 4755 4764 4763
f 4756 4757 4765
f 4756 4765 4764
f 4757 4758 4766
f 4757 4766 4765
f 4758 4759 4767
f 4758 4767 4766
f 4759 4760 4768
f 4759 4768 4767
f 4760 4761 4769
f 4760 4769 4768
f 4761 4762 4770
f 4761 4770 4769
f 4762 4755 4763
f 4762 4763 4770
f 4763 4764 4772
f 4763 4772 4771
f 4764 4765 4773
f 4764 4773 4772
f 4765 4766 4774
f 4765 4774 4773
f 4766 4767 4775
f 4766 4775 4774
f 4767 4768 4776
f 4767 4776 4775
f 4768 4769 4777
f 4768 4777 4776
f 4769 4770 4778
f 4769 4778 4777
f 4770 4763 4771
f 4770 4771 4778
f 4771 4772 4780
f 4771 4780 4779
f 4772 4773 4781
f 4772 4781 4780
f 4773 4774 4782
f 4773 4782 4781
f 4774 4775 4783
f 4774 4783 4782
f 4775 4776 4784
f 4775 4784 4783
f 4776 4777 4785
f 4776 4785 4784
f 4777 4778 4786
f 4777 4786 4785
f 4778 4771 4779
f 4778 4779 4786
f 4779 4780 4788
f 4779 4788 4787
f 4780 4781 4789
f 4780 4789 4788
f 4781 4782 4790
f 4781 4790 4789
f 4782 4783 4791
f 4782 4791 4790
f 4783 4784 4792
f 4783 4792 4791
f 4784 4785 4793
f 4784 4793 4792
f 4785 4786 4794
f 4785 4794 4793
f 4786 4779 4787
f 4786 4787 4794
f 4795 4740 4739
f 4795 4741 4740
f 4795 4742 4741
f 4795 4743 4742
f 4795 4744 4743
f 4795 4745 4744
f 4795 4746 4745
f 4795 4739 4746
f 4796 4787 4788
f 4796 4788 4789
f 4796 4789 4790
f 4796 4790 4791
f 4796 4791 4792
f 4796 4792 4793
f 4796 4793 4794
f 4796 4794 4787
o Ilyth_Contact_L_Fore1
usemtl soft_charcoal
s 1
v -1.56114 0.24101 1.44963
v -1.54036 0.19343 1.41157
v -1.49018 0.17372 1.39580
v -1.44000 0.19343 1.41157
v -1.41922 0.24101 1.44963
v -1.44000 0.28858 1.48769
v -1.49018 0.30829 1.50346
v -1.54036 0.28858 1.48769
v -1.56171 0.20797 1.49093
v -1.54076 0.16319 1.45511
v -1.49018 0.14464 1.44027
v -1.43961 0.16319 1.45511
v -1.41866 0.20797 1.49093
v -1.43961 0.25275 1.52676
v -1.49018 0.27129 1.54159
v -1.54076 0.25275 1.52676
v -1.56227 0.16141 1.54913
v -1.54115 0.12067 1.51654
v -1.49018 0.10380 1.50304
v -1.43921 0.12067 1.51654
v -1.41809 0.16141 1.54913
v -1.43921 0.20215 1.58172
v -1.49018 0.21902 1.59522
v -1.54115 0.20215 1.58172
v -1.56114 0.11936 1.60169
v -1.54036 0.08298 1.57258
v -1.49018 0.06791 1.56053
v -1.44000 0.08298 1.57258
v -1.41922 0.11936 1.60169
v -1.44000 0.15574 1.63080
v -1.49018 0.17081 1.64285
v -1.54036 0.15574 1.63080
v -1.55664 0.08632 1.64299
v -1.53717 0.05491 1.61787
v -1.49018 0.04190 1.60746
v -1.44319 0.05491 1.61787
v -1.42373 0.08632 1.64299
v -1.44319 0.11773 1.66812
v -1.49018 0.13074 1.67852
v -1.53717 0.11773 1.66812
v -1.55044 0.05779 1.67866
v -1.53279 0.03166 1.65776
v -1.49018 0.02084 1.64911
v -1.44757 0.03166 1.65776
v -1.42992 0.05779 1.67866
v -1.44757 0.08391 1.69956
v -1.49018 0.09473 1.70821
v -1.53279 0.08391 1.69956
v -1.54594 0.03826 1.70306
v -1.52961 0.01587 1.68515
v -1.49018 0.00660 1.67773
v -1.45076 0.01587 1.68515
v -1.43443 0.03826 1.70306
v -1.45076 0.06065 1.72098
v -1.49018 0.06992 1.72840
v -1.52961 0.06065 1.72098
v -1.49018 0.24101 1.44963
v -1.49018 0.03826 1.70306
f 4797 4798 4806
f 4797 4806 4805
f 4798 4799 4807
f 4798 4807 4806
f 4799 4800 4808
f 4799 4808 4807
f 4800 4801 4809
f 4800 4809 4808
f 4801 4802 4810
f 4801 4810 4809
f 4802 4803 4811
f 4802 4811 4810
f 4803 4804 4812
f 4803 4812 4811
f 4804 4797 4805
f 4804 4805 4812
f 4805 4806 4814
f 4805 4814 4813
f 4806 4807 4815
f 4806 4815 4814
f 4807 4808 4816
f 4807 4816 4815
f 4808 4809 4817
f 4808 4817 4816
f 4809 4810 4818
f 4809 4818 4817
f 4810 4811 4819
f 4810 4819 4818
f 4811 4812 4820
f 4811 4820 4819
f 4812 4805 4813
f 4812 4813 4820
f 4813 4814 4822
f 4813 4822 4821
f 4814 4815 4823
f 4814 4823 4822
f 4815 4816 4824
f 4815 4824 4823
f 4816 4817 4825
f 4816 4825 4824
f 4817 4818 4826
f 4817 4826 4825
f 4818 4819 4827
f 4818 4827 4826
f 4819 4820 4828
f 4819 4828 4827
f 4820 4813 4821
f 4820 4821 4828
f 4821 4822 4830
f 4821 4830 4829
f 4822 4823 4831
f 4822 4831 4830
f 4823 4824 4832
f 4823 4832 4831
f 4824 4825 4833
f 4824 4833 4832
f 4825 4826 4834
f 4825 4834 4833
f 4826 4827 4835
f 4826 4835 4834
f 4827 4828 4836
f 4827 4836 4835
f 4828 4821 4829
f 4828 4829 4836
f 4829 4830 4838
f 4829 4838 4837
f 4830 4831 4839
f 4830 4839 4838
f 4831 4832 4840
f 4831 4840 4839
f 4832 4833 4841
f 4832 4841 4840
f 4833 4834 4842
f 4833 4842 4841
f 4834 4835 4843
f 4834 4843 4842
f 4835 4836 4844
f 4835 4844 4843
f 4836 4829 4837
f 4836 4837 4844
f 4837 4838 4846
f 4837 4846 4845
f 4838 4839 4847
f 4838 4847 4846
f 4839 4840 4848
f 4839 4848 4847
f 4840 4841 4849
f 4840 4849 4848
f 4841 4842 4850
f 4841 4850 4849
f 4842 4843 4851
f 4842 4851 4850
f 4843 4844 4852
f 4843 4852 4851
f 4844 4837 4845
f 4844 4845 4852
f 4853 4798 4797
f 4853 4799 4798
f 4853 4800 4799
f 4853 4801 4800
f 4853 4802 4801
f 4853 4803 4802
f 4853 4804 4803
f 4853 4797 4804
f 4854 4845 4846
f 4854 4846 4847
f 4854 4847 4848
f 4854 4848 4849
f 4854 4849 4850
f 4854 4850 4851
f 4854 4851 4852
f 4854 4852 4845
o Ilyth_Contact_L_Fore2
usemtl soft_charcoal
s 1
v -1.55103 0.20450 1.44963
v -1.51029 0.17699 1.40807
v -1.45777 0.18698 1.39085
v -1.42423 0.22862 1.40807
v -1.42933 0.27752 1.44963
v -1.47008 0.30503 1.49120
v -1.52260 0.29503 1.50841
v -1.55613 0.25339 1.49120
v -1.53169 0.17117 1.49093
v -1.49215 0.14599 1.45181
v -1.43985 0.15712 1.43561
v -1.40542 0.19803 1.45181
v -1.40903 0.24477 1.49093
v -1.44856 0.26994 1.53005
v -1.50087 0.25882 1.54625
v -1.53530 0.21790 1.53005
v -1.50424 0.12432 1.54913
v -1.46651 0.10248 1.51354
v -1.41467 0.11515 1.49880
v -1.37909 0.15493 1.51354
v -1.38061 0.19850 1.54913
v -1.41834 0.22035 1.58472
v -1.47018 0.20767 1.59946
v -1.50576 0.16789 1.58472
v -1.47804 0.08285 1.60169
v -1.44269 0.06433 1.56991
v -1.39240 0.07805 1.55674
v -1.35664 0.11596 1.56991
v -1.35634 0.15587 1.60169
v -1.39169 0.17439 1.63348
v -1.44198 0.16067 1.64664
v -1.47775 0.12276 1.63348
v -1.45435 0.05213 1.64299
v -1.42253 0.03692 1.61555
v -1.37597 0.05066 1.60419
v -1.34194 0.08528 1.61555
v -1.34038 0.12051 1.64299
v -1.37221 0.13571 1.67043
v -1.41877 0.12198 1.68179
v -1.45279 0.08736 1.67043
v -1.43192 0.02678 1.67866
v -1.40420 0.01489 1.65584
v -1.36245 0.02812 1.64639
v -1.33113 0.05873 1.65584
v -1.32857 0.08879 1.67866
v -1.35629 0.10068 1.70148
v -1.39804 0.08745 1.71093
v -1.42937 0.05684 1.70148
v -1.41634 0.00958 1.70306
v -1.39155 0.00000 1.68350
v -1.35328 0.01284 1.67540
v -1.32394 0.04057 1.68350
v -1.32072 0.06695 1.70306
v -1.34551 0.07652 1.72262
v -1.38379 0.06369 1.73073
v -1.41313 0.03596 1.72262
v -1.49018 0.24101 1.44963
v -1.36853 0.03826 1.70306
f 4855 4856 4864
f 4855 4864 4863
f 4856 4857 4865
f 4856 4865 4864
f 4857 4858 4866
f 4857 4866 4865
f 4858 4859 4867
f 4858 4867 4866
f 4859 4860 4868
f 4859 4868 4867
f 4860 4861 4869
f 4860 4869 4868
f 4861 4862 4870
f 4861 4870 4869
f 4862 4855 4863
f 4862 4863 4870
f 4863 4864 4872
f 4863 4872 4871
f 4864 4865 4873
f 4864 4873 4872
f 4865 4866 4874
f 4865 4874 4873
f 4866 4867 4875
f 4866 4875 4874
f 4867 4868 4876
f 4867 4876 4875
f 4868 4869 4877
f 4868 4877 4876
f 4869 4870 4878
f 4869 4878 4877
f 4870 4863 4871
f 4870 4871 4878
f 4871 4872 4880
f 4871 4880 4879
f 4872 4873 4881
f 4872 4881 4880
f 4873 4874 4882
f 4873 4882 4881
f 4874 4875 4883
f 4874 4883 4882
f 4875 4876 4884
f 4875 4884 4883
f 4876 4877 4885
f 4876 4885 4884
f 4877 4878 4886
f 4877 4886 4885
f 4878 4871 4879
f 4878 4879 4886
f 4879 4880 4888
f 4879 4888 4887
f 4880 4881 4889
f 4880 4889 4888
f 4881 4882 4890
f 4881 4890 4889
f 4882 4883 4891
f 4882 4891 4890
f 4883 4884 4892
f 4883 4892 4891
f 4884 4885 4893
f 4884 4893 4892
f 4885 4886 4894
f 4885 4894 4893
f 4886 4879 4887
f 4886 4887 4894
f 4887 4888 4896
f 4887 4896 4895
f 4888 4889 4897
f 4888 4897 4896
f 4889 4890 4898
f 4889 4898 4897
f 4890 4891 4899
f 4890 4899 4898
f 4891 4892 4900
f 4891 4900 4899
f 4892 4893 4901
f 4892 4901 4900
f 4893 4894 4902
f 4893 4902 4901
f 4894 4887 4895
f 4894 4895 4902
f 4895 4896 4904
f 4895 4904 4903
f 4896 4897 4905
f 4896 4905 4904
f 4897 4898 4906
f 4897 4906 4905
f 4898 4899 4907
f 4898 4907 4906
f 4899 4900 4908
f 4899 4908 4907
f 4900 4901 4909
f 4900 4909 4908
f 4901 4902 4910
f 4901 4910 4909
f 4902 4895 4903
f 4902 4903 4910
f 4911 4856 4855
f 4911 4857 4856
f 4911 4858 4857
f 4911 4859 4858
f 4911 4860 4859
f 4911 4861 4860
f 4911 4862 4861
f 4911 4855 4862
f 4912 4903 4904
f 4912 4904 4905
f 4912 4905 4906
f 4912 4906 4907
f 4912 4907 4908
f 4912 4908 4909
f 4912 4909 4910
f 4912 4910 4903
o Ilyth_GrownRidge_L_Fore
usemtl grown_mineral
s 1
v -1.05608 4.24907 1.08469
v -1.04597 4.25361 1.06247
v -1.02291 4.25325 1.05327
v -1.00041 4.24820 1.06247
v -0.99165 4.24141 1.08469
v -1.00176 4.23686 1.10691
v -1.02482 4.23722 1.11611
v -1.04732 4.24228 1.10691
v -1.10076 3.87324 0.98745
v -1.09067 3.87757 0.96518
v -1.06763 3.87711 0.95595
v -1.04512 3.87214 0.96518
v -1.03633 3.86557 0.98745
v -1.04642 3.86124 1.00972
v -1.06946 3.86170 1.01894
v -1.09197 3.86667 1.00972
v -1.16458 3.33866 0.85867
v -1.15467 3.34146 0.83607
v -1.13170 3.34033 0.82672
v -1.10912 3.33594 0.83607
v -1.10017 3.33085 0.85867
v -1.11008 3.32805 0.88126
v -1.13305 3.32918 0.89061
v -1.15562 3.33357 0.88126
v -1.22838 2.81996 0.80085
v -1.21903 2.81818 0.77792
v -1.19631 2.81504 0.76842
v -1.17352 2.81240 0.77792
v -1.16402 2.81180 0.80085
v -1.17337 2.81358 0.82378
v -1.19609 2.81671 0.83327
v -1.21888 2.81935 0.82378
v -1.29218 2.33282 0.88495
v -1.28349 2.32611 0.86268
v -1.26105 2.32082 0.85346
v -1.23802 2.32005 0.86268
v -1.22787 2.32426 0.88495
v -1.23656 2.33097 0.90722
v -1.25900 2.33625 0.91644
v -1.28204 2.33702 0.90722
v -1.35600 1.86133 1.04001
v -1.34756 1.85282 1.01826
v -1.32524 1.84675 1.00925
v -1.30210 1.84666 1.01826
v -1.29171 1.85261 1.04001
v -1.30014 1.86111 1.06176
v -1.32247 1.86718 1.07077
v -1.34560 1.86727 1.06176
v -1.40068 1.53281 1.15565
v -1.39228 1.52405 1.13399
v -1.36997 1.51786 1.12502
v -1.34682 1.51787 1.13399
v -1.33639 1.52407 1.15565
v -1.34479 1.53284 1.17731
v -1.36709 1.53903 1.18628
v -1.39024 1.53902 1.17731
v -1.02387 4.24524 1.08469
v -1.36853 1.52844 1.15565
f 4913 4914 4922
f 4913 4922 4921
f 4914 4915 4923
f 4914 4923 4922
f 4915 4916 4924
f 4915 4924 4923
f 4916 4917 4925
f 4916 4925 4924
f 4917 4918 4926
f 4917 4926 4925
f 4918 4919 4927
f 4918 4927 4926
f 4919 4920 4928
f 4919 4928 4927
f 4920 4913 4921
f 4920 4921 4928
f 4921 4922 4930
f 4921 4930 4929
f 4922 4923 4931
f 4922 4931 4930
f 4923 4924 4932
f 4923 4932 4931
f 4924 4925 4933
f 4924 4933 4932
f 4925 4926 4934
f 4925 4934 4933
f 4926 4927 4935
f 4926 4935 4934
f 4927 4928 4936
f 4927 4936 4935
f 4928 4921 4929
f 4928 4929 4936
f 4929 4930 4938
f 4929 4938 4937
f 4930 4931 4939
f 4930 4939 4938
f 4931 4932 4940
f 4931 4940 4939
f 4932 4933 4941
f 4932 4941 4940
f 4933 4934 4942
f 4933 4942 4941
f 4934 4935 4943
f 4934 4943 4942
f 4935 4936 4944
f 4935 4944 4943
f 4936 4929 4937
f 4936 4937 4944
f 4937 4938 4946
f 4937 4946 4945
f 4938 4939 4947
f 4938 4947 4946
f 4939 4940 4948
f 4939 4948 4947
f 4940 4941 4949
f 4940 4949 4948
f 4941 4942 4950
f 4941 4950 4949
f 4942 4943 4951
f 4942 4951 4950
f 4943 4944 4952
f 4943 4952 4951
f 4944 4937 4945
f 4944 4945 4952
f 4945 4946 4954
f 4945 4954 4953
f 4946 4947 4955
f 4946 4955 4954
f 4947 4948 4956
f 4947 4956 4955
f 4948 4949 4957
f 4948 4957 4956
f 4949 4950 4958
f 4949 4958 4957
f 4950 4951 4959
f 4950 4959 4958
f 4951 4952 4960
f 4951 4960 4959
f 4952 4945 4953
f 4952 4953 4960
f 4953 4954 4962
f 4953 4962 4961
f 4954 4955 4963
f 4954 4963 4962
f 4955 4956 4964
f 4955 4964 4963
f 4956 4957 4965
f 4956 4965 4964
f 4957 4958 4966
f 4957 4966 4965
f 4958 4959 4967
f 4958 4967 4966
f 4959 4960 4968
f 4959 4968 4967
f 4960 4953 4961
f 4960 4961 4968
f 4969 4914 4913
f 4969 4915 4914
f 4969 4916 4915
f 4969 4917 4916
f 4969 4918 4917
f 4969 4919 4918
f 4969 4920 4919
f 4969 4913 4920
f 4970 4961 4962
f 4970 4962 4963
f 4970 4963 4964
f 4970 4964 4965
f 4970 4965 4966
f 4970 4966 4967
f 4970 4967 4968
f 4970 4968 4961
o Ilyth_Eye_R
usemtl eye
s 1
v 0.21187 5.69792 1.49018
v 0.21171 5.69792 1.48941
v 0.21128 5.69792 1.48875
v 0.21062 5.69792 1.48831
v 0.20984 5.69792 1.48815
v 0.20907 5.69792 1.48831
v 0.20841 5.69792 1.48875
v 0.20797 5.69792 1.48941
v 0.20781 5.69792 1.49018
v 0.20797 5.69792 1.49096
v 0.20841 5.69792 1.49161
v 0.20907 5.69792 1.49205
v 0.20984 5.69792 1.49221
v 0.21062 5.69792 1.49205
v 0.21128 5.69792 1.49161
v 0.21171 5.69792 1.49096
v 0.21299 5.69837 1.49018
v 0.21275 5.69837 1.48825
v 0.21207 5.69837 1.48661
v 0.21105 5.69837 1.48552
v 0.20984 5.69837 1.48514
v 0.20864 5.69837 1.48552
v 0.20761 5.69837 1.48661
v 0.20693 5.69837 1.48825
v 0.20669 5.69837 1.49018
v 0.20693 5.69837 1.49211
v 0.20761 5.69837 1.49375
v 0.20864 5.69837 1.49484
v 0.20984 5.69837 1.49523
v 0.21105 5.69837 1.49484
v 0.21207 5.69837 1.49375
v 0.21275 5.69837 1.49211
v 0.21657 5.69908 1.49018
v 0.21606 5.69908 1.48606
v 0.21460 5.69908 1.48257
v 0.21242 5.69908 1.48024
v 0.20984 5.69908 1.47942
v 0.20727 5.69908 1.48024
v 0.20509 5.69908 1.48257
v 0.20363 5.69908 1.48606
v 0.20311 5.69908 1.49018
v 0.20363 5.69908 1.49430
v 0.20509 5.69908 1.49779
v 0.20727 5.69908 1.50013
v 0.20984 5.69908 1.50094
v 0.21242 5.69908 1.50013
v 0.21460 5.69908 1.49779
v 0.21606 5.69908 1.49430
v 0.21998 5.70019 1.49018
v 0.21921 5.70019 1.48398
v 0.21701 5.70019 1.47871
v 0.21372 5.70019 1.47520
v 0.20984 5.70019 1.47396
v 0.20596 5.70019 1.47520
v 0.20267 5.70019 1.47871
v 0.20048 5.70019 1.48398
v 0.19971 5.70019 1.49018
v 0.20048 5.70019 1.49639
v 0.20267 5.70019 1.50165
v 0.20596 5.70019 1.50516
v 0.20984 5.70019 1.50640
v 0.21372 5.70019 1.50516
v 0.21701 5.70019 1.50165
v 0.21921 5.70019 1.49639
v 0.22286 5.70181 1.49018
v 0.22187 5.70181 1.48221
v 0.21904 5.70181 1.47546
v 0.21482 5.70181 1.47094
v 0.20984 5.70181 1.46936
v 0.20486 5.70181 1.47094
v 0.20064 5.70181 1.47546
v 0.19782 5.70181 1.48221
v 0.19683 5.70181 1.49018
v 0.19782 5.70181 1.49815
v 0.20064 5.70181 1.50491
v 0.20486 5.70181 1.50942
v 0.20984 5.70181 1.51100
v 0.21482 5.70181 1.50942
v 0.21904 5.70181 1.50491
v 0.22187 5.70181 1.49815
v 0.22557 5.70383 1.49018
v 0.22437 5.70383 1.48055
v 0.22096 5.70383 1.47239
v 0.21586 5.70383 1.46693
v 0.20984 5.70383 1.46502
v 0.20382 5.70383 1.46693
v 0.19872 5.70383 1.47239
v 0.19531 5.70383 1.48055
v 0.19411 5.70383 1.49018
v 0.19531 5.70383 1.49981
v 0.19872 5.70383 1.50797
v 0.20382 5.70383 1.51343
v 0.20984 5.70383 1.51535
v 0.21586 5.70383 1.51343
v 0.22096 5.70383 1.50797
v 0.22437 5.70383 1.49981
v 0.22798 5.70617 1.49018
v 0.22660 5.70617 1.47907
v 0.22267 5.70617 1.46965
v 0.21678 5.70617 1.46336
v 0.20984 5.70617 1.46115
v 0.20290 5.70617 1.46336
v 0.19701 5.70617 1.46965
v 0.19308 5.70617 1.47907
v 0.19170 5.70617 1.49018
v 0.19308 5.70617 1.50129
v 0.19701 5.70617 1.51071
v 0.20290 5.70617 1.51700
v 0.20984 5.70617 1.51921
v 0.21678 5.70617 1.51700
v 0.22267 5.70617 1.51071
v 0.22660 5.70617 1.50129
v 0.23009 5.70884 1.49018
v 0.22855 5.70884 1.47778
v 0.22416 5.70884 1.46727
v 0.21759 5.70884 1.46025
v 0.20984 5.70884 1.45779
v 0.20209 5.70884 1.46025
v 0.19553 5.70884 1.46727
v 0.19114 5.70884 1.47778
v 0.18960 5.70884 1.49018
v 0.19114 5.70884 1.50258
v 0.19553 5.70884 1.51309
v 0.20209 5.70884 1.52011
v 0.20984 5.70884 1.52258
v 0.21759 5.70884 1.52011
v 0.22416 5.70884 1.51309
v 0.22855 5.70884 1.50258
v 0.23189 5.71181 1.49018
v 0.23022 5.71181 1.47668
v 0.22544 5.71181 1.46523
v 0.21828 5.71181 1.45758
v 0.20984 5.71181 1.45490
v 0.20140 5.71181 1.45758
v 0.19425 5.71181 1.46523
v 0.18947 5.71181 1.47668
v 0.18779 5.71181 1.49018
v 0.18947 5.71181 1.50368
v 0.19425 5.71181 1.51513
v 0.20140 5.71181 1.52278
v 0.20984 5.71181 1.52547
v 0.21828 5.71181 1.52278
v 0.22544 5.71181 1.51513
v 0.23022 5.71181 1.50368
v 0.23332 5.71496 1.49018
v 0.23153 5.71496 1.47581
v 0.22644 5.71496 1.46362
v 0.21883 5.71496 1.45548
v 0.20984 5.71496 1.45262
v 0.20086 5.71496 1.45548
v 0.19324 5.71496 1.46362
v 0.18815 5.71496 1.47581
v 0.18637 5.71496 1.49018
v 0.18815 5.71496 1.50455
v 0.19324 5.71496 1.51674
v 0.20086 5.71496 1.52488
v 0.20984 5.71496 1.52774
v 0.21883 5.71496 1.52488
v 0.22644 5.71496 1.51674
v 0.23153 5.71496 1.50455
v 0.23433 5.71829 1.49018
v 0.23247 5.71829 1.47518
v 0.22716 5.71829 1.46247
v 0.21921 5.71829 1.45398
v 0.20984 5.71829 1.45099
v 0.20047 5.71829 1.45398
v 0.19252 5.71829 1.46247
v 0.18721 5.71829 1.47518
v 0.18535 5.71829 1.49018
v 0.18721 5.71829 1.50518
v 0.19252 5.71829 1.51789
v 0.20047 5.71829 1.52639
v 0.20984 5.71829 1.52937
v 0.21921 5.71829 1.52639
v 0.22716 5.71829 1.51789
v 0.23247 5.71829 1.50518
v 0.23497 5.72178 1.49018
v 0.23305 5.72178 1.47480
v 0.22761 5.72178 1.46176
v 0.21946 5.72178 1.45304
v 0.20984 5.72178 1.44998
v 0.20023 5.72178 1.45304
v 0.19208 5.72178 1.46176
v 0.18663 5.72178 1.47480
v 0.18472 5.72178 1.49018
v 0.18663 5.72178 1.50557
v 0.19208 5.72178 1.51861
v 0.20023 5.72178 1.52732
v 0.20984 5.72178 1.53038
v 0.21946 5.72178 1.52732
v 0.22761 5.72178 1.51861
v 0.23305 5.72178 1.50557
v 0.23519 5.72528 1.49018
v 0.23326 5.72528 1.47466
v 0.22776 5.72528 1.46151
v 0.21954 5.72528 1.45272
v 0.20984 5.72528 1.44963
v 0.20014 5.72528 1.45272
v 0.19192 5.72528 1.46151
v 0.18643 5.72528 1.47466
v 0.18450 5.72528 1.49018
v 0.18643 5.72528 1.50570
v 0.19192 5.72528 1.51885
v 0.20014 5.72528 1.52764
v 0.20984 5.72528 1.53073
v 0.21954 5.72528 1.52764
v 0.22776 5.72528 1.51885
v 0.23326 5.72528 1.50570
v 0.23497 5.72877 1.49018
v 0.23305 5.72877 1.47480
v 0.22761 5.72877 1.46176
v 0.21946 5.72877 1.45304
v 0.20984 5.72877 1.44998
v 0.20023 5.72877 1.45304
v 0.19208 5.72877 1.46176
v 0.18663 5.72877 1.47480
v 0.18472 5.72877 1.49018
v 0.18663 5.72877 1.50557
v 0.19208 5.72877 1.51861
v 0.20023 5.72877 1.52732
v 0.20984 5.72877 1.53038
v 0.21946 5.72877 1.52732
v 0.22761 5.72877 1.51861
v 0.23305 5.72877 1.50557
v 0.23433 5.73227 1.49018
v 0.23247 5.73227 1.47518
v 0.22716 5.73227 1.46247
v 0.21921 5.73227 1.45398
v 0.20984 5.73227 1.45099
v 0.20047 5.73227 1.45398
v 0.19252 5.73227 1.46247
v 0.18721 5.73227 1.47518
v 0.18535 5.73227 1.49018
v 0.18721 5.73227 1.50518
v 0.19252 5.73227 1.51789
v 0.20047 5.73227 1.52639
v 0.20984 5.73227 1.52937
v 0.21921 5.73227 1.52639
v 0.22716 5.73227 1.51789
v 0.23247 5.73227 1.50518
v 0.23332 5.73560 1.49018
v 0.23153 5.73560 1.47581
v 0.22644 5.73560 1.46362
v 0.21883 5.73560 1.45548
v 0.20984 5.73560 1.45262
v 0.20086 5.73560 1.45548
v 0.19324 5.73560 1.46362
v 0.18815 5.73560 1.47581
v 0.18637 5.73560 1.49018
v 0.18815 5.73560 1.50455
v 0.19324 5.73560 1.51674
v 0.20086 5.73560 1.52488
v 0.20984 5.73560 1.52774
v 0.21883 5.73560 1.52488
v 0.22644 5.73560 1.51674
v 0.23153 5.73560 1.50455
v 0.23189 5.73874 1.49018
v 0.23022 5.73874 1.47668
v 0.22544 5.73874 1.46523
v 0.21828 5.73874 1.45758
v 0.20984 5.73874 1.45490
v 0.20140 5.73874 1.45758
v 0.19425 5.73874 1.46523
v 0.18947 5.73874 1.47668
v 0.18779 5.73874 1.49018
v 0.18947 5.73874 1.50368
v 0.19425 5.73874 1.51513
v 0.20140 5.73874 1.52278
v 0.20984 5.73874 1.52547
v 0.21828 5.73874 1.52278
v 0.22544 5.73874 1.51513
v 0.23022 5.73874 1.50368
v 0.23009 5.74172 1.49018
v 0.22855 5.74172 1.47778
v 0.22416 5.74172 1.46727
v 0.21759 5.74172 1.46025
v 0.20984 5.74172 1.45779
v 0.20209 5.74172 1.46025
v 0.19553 5.74172 1.46727
v 0.19114 5.74172 1.47778
v 0.18960 5.74172 1.49018
v 0.19114 5.74172 1.50258
v 0.19553 5.74172 1.51309
v 0.20209 5.74172 1.52011
v 0.20984 5.74172 1.52258
v 0.21759 5.74172 1.52011
v 0.22416 5.74172 1.51309
v 0.22855 5.74172 1.50258
v 0.22798 5.74439 1.49018
v 0.22660 5.74439 1.47907
v 0.22267 5.74439 1.46965
v 0.21678 5.74439 1.46336
v 0.20984 5.74439 1.46115
v 0.20290 5.74439 1.46336
v 0.19701 5.74439 1.46965
v 0.19308 5.74439 1.47907
v 0.19170 5.74439 1.49018
v 0.19308 5.74439 1.50129
v 0.19701 5.74439 1.51071
v 0.20290 5.74439 1.51700
v 0.20984 5.74439 1.51921
v 0.21678 5.74439 1.51700
v 0.22267 5.74439 1.51071
v 0.22660 5.74439 1.50129
v 0.22557 5.74673 1.49018
v 0.22437 5.74673 1.48055
v 0.22096 5.74673 1.47239
v 0.21586 5.74673 1.46693
v 0.20984 5.74673 1.46502
v 0.20382 5.74673 1.46693
v 0.19872 5.74673 1.47239
v 0.19531 5.74673 1.48055
v 0.19411 5.74673 1.49018
v 0.19531 5.74673 1.49981
v 0.19872 5.74673 1.50797
v 0.20382 5.74673 1.51343
v 0.20984 5.74673 1.51535
v 0.21586 5.74673 1.51343
v 0.22096 5.74673 1.50797
v 0.22437 5.74673 1.49981
v 0.22286 5.74875 1.49018
v 0.22187 5.74875 1.48221
v 0.21904 5.74875 1.47546
v 0.21482 5.74875 1.47094
v 0.20984 5.74875 1.46936
v 0.20486 5.74875 1.47094
v 0.20064 5.74875 1.47546
v 0.19782 5.74875 1.48221
v 0.19683 5.74875 1.49018
v 0.19782 5.74875 1.49815
v 0.20064 5.74875 1.50491
v 0.20486 5.74875 1.50942
v 0.20984 5.74875 1.51100
v 0.21482 5.74875 1.50942
v 0.21904 5.74875 1.50491
v 0.22187 5.74875 1.49815
v 0.21998 5.75037 1.49018
v 0.21921 5.75037 1.48398
v 0.21701 5.75037 1.47871
v 0.21372 5.75037 1.47520
v 0.20984 5.75037 1.47396
v 0.20596 5.75037 1.47520
v 0.20267 5.75037 1.47871
v 0.20048 5.75037 1.48398
v 0.19971 5.75037 1.49018
v 0.20048 5.75037 1.49639
v 0.20267 5.75037 1.50165
v 0.20596 5.75037 1.50516
v 0.20984 5.75037 1.50640
v 0.21372 5.75037 1.50516
v 0.21701 5.75037 1.50165
v 0.21921 5.75037 1.49639
v 0.21657 5.75148 1.49018
v 0.21606 5.75148 1.48606
v 0.21460 5.75148 1.48257
v 0.21242 5.75148 1.48024
v 0.20984 5.75148 1.47942
v 0.20727 5.75148 1.48024
v 0.20509 5.75148 1.48257
v 0.20363 5.75148 1.48606
v 0.20311 5.75148 1.49018
v 0.20363 5.75148 1.49430
v 0.20509 5.75148 1.49779
v 0.20727 5.75148 1.50013
v 0.20984 5.75148 1.50094
v 0.21242 5.75148 1.50013
v 0.21460 5.75148 1.49779
v 0.21606 5.75148 1.49430
v 0.21299 5.75219 1.49018
v 0.21275 5.75219 1.48825
v 0.21207 5.75219 1.48661
v 0.21105 5.75219 1.48552
v 0.20984 5.75219 1.48514
v 0.20864 5.75219 1.48552
v 0.20761 5.75219 1.48661
v 0.20693 5.75219 1.48825
v 0.20669 5.75219 1.49018
v 0.20693 5.75219 1.49211
v 0.20761 5.75219 1.49375
v 0.20864 5.75219 1.49484
v 0.20984 5.75219 1.49523
v 0.21105 5.75219 1.49484
v 0.21207 5.75219 1.49375
v 0.21275 5.75219 1.49211
v 0.21048 5.75264 1.49018
v 0.21043 5.75264 1.48979
v 0.21029 5.75264 1.48946
v 0.21008 5.75264 1.48924
v 0.20984 5.75264 1.48917
v 0.20960 5.75264 1.48924
v 0.20939 5.75264 1.48946
v 0.20926 5.75264 1.48979
v 0.20921 5.75264 1.49018
v 0.20926 5.75264 1.49057
v 0.20939 5.75264 1.49090
v 0.20960 5.75264 1.49112
v 0.20984 5.75264 1.49119
v 0.21008 5.75264 1.49112
v 0.21029 5.75264 1.49090
v 0.21043 5.75264 1.49057
v 0.20984 5.69792 1.49018
v 0.20984 5.75264 1.49018
f 4971 4972 4988
f 4971 4988 4987
f 4972 4973 4989
f 4972 4989 4988
f 4973 4974 4990
f 4973 4990 4989
f 4974 4975 4991
f 4974 4991 4990
f 4975 4976 4992
f 4975 4992 4991
f 4976 4977 4993
f 4976 4993 4992
f 4977 4978 4994
f 4977 4994 4993
f 4978 4979 4995
f 4978 4995 4994
f 4979 4980 4996
f 4979 4996 4995
f 4980 4981 4997
f 4980 4997 4996
f 4981 4982 4998
f 4981 4998 4997
f 4982 4983 4999
f 4982 4999 4998
f 4983 4984 5000
f 4983 5000 4999
f 4984 4985 5001
f 4984 5001 5000
f 4985 4986 5002
f 4985 5002 5001
f 4986 4971 4987
f 4986 4987 5002
f 4987 4988 5004
f 4987 5004 5003
f 4988 4989 5005
f 4988 5005 5004
f 4989 4990 5006
f 4989 5006 5005
f 4990 4991 5007
f 4990 5007 5006
f 4991 4992 5008
f 4991 5008 5007
f 4992 4993 5009
f 4992 5009 5008
f 4993 4994 5010
f 4993 5010 5009
f 4994 4995 5011
f 4994 5011 5010
f 4995 4996 5012
f 4995 5012 5011
f 4996 4997 5013
f 4996 5013 5012
f 4997 4998 5014
f 4997 5014 5013
f 4998 4999 5015
f 4998 5015 5014
f 4999 5000 5016
f 4999 5016 5015
f 5000 5001 5017
f 5000 5017 5016
f 5001 5002 5018
f 5001 5018 5017
f 5002 4987 5003
f 5002 5003 5018
f 5003 5004 5020
f 5003 5020 5019
f 5004 5005 5021
f 5004 5021 5020
f 5005 5006 5022
f 5005 5022 5021
f 5006 5007 5023
f 5006 5023 5022
f 5007 5008 5024
f 5007 5024 5023
f 5008 5009 5025
f 5008 5025 5024
f 5009 5010 5026
f 5009 5026 5025
f 5010 5011 5027
f 5010 5027 5026
f 5011 5012 5028
f 5011 5028 5027
f 5012 5013 5029
f 5012 5029 5028
f 5013 5014 5030
f 5013 5030 5029
f 5014 5015 5031
f 5014 5031 5030
f 5015 5016 5032
f 5015 5032 5031
f 5016 5017 5033
f 5016 5033 5032
f 5017 5018 5034
f 5017 5034 5033
f 5018 5003 5019
f 5018 5019 5034
f 5019 5020 5036
f 5019 5036 5035
f 5020 5021 5037
f 5020 5037 5036
f 5021 5022 5038
f 5021 5038 5037
f 5022 5023 5039
f 5022 5039 5038
f 5023 5024 5040
f 5023 5040 5039
f 5024 5025 5041
f 5024 5041 5040
f 5025 5026 5042
f 5025 5042 5041
f 5026 5027 5043
f 5026 5043 5042
f 5027 5028 5044
f 5027 5044 5043
f 5028 5029 5045
f 5028 5045 5044
f 5029 5030 5046
f 5029 5046 5045
f 5030 5031 5047
f 5030 5047 5046
f 5031 5032 5048
f 5031 5048 5047
f 5032 5033 5049
f 5032 5049 5048
f 5033 5034 5050
f 5033 5050 5049
f 5034 5019 5035
f 5034 5035 5050
f 5035 5036 5052
f 5035 5052 5051
f 5036 5037 5053
f 5036 5053 5052
f 5037 5038 5054
f 5037 5054 5053
f 5038 5039 5055
f 5038 5055 5054
f 5039 5040 5056
f 5039 5056 5055
f 5040 5041 5057
f 5040 5057 5056
f 5041 5042 5058
f 5041 5058 5057
f 5042 5043 5059
f 5042 5059 5058
f 5043 5044 5060
f 5043 5060 5059
f 5044 5045 5061
f 5044 5061 5060
f 5045 5046 5062
f 5045 5062 5061
f 5046 5047 5063
f 5046 5063 5062
f 5047 5048 5064
f 5047 5064 5063
f 5048 5049 5065
f 5048 5065 5064
f 5049 5050 5066
f 5049 5066 5065
f 5050 5035 5051
f 5050 5051 5066
f 5051 5052 5068
f 5051 5068 5067
f 5052 5053 5069
f 5052 5069 5068
f 5053 5054 5070
f 5053 5070 5069
f 5054 5055 5071
f 5054 5071 5070
f 5055 5056 5072
f 5055 5072 5071
f 5056 5057 5073
f 5056 5073 5072
f 5057 5058 5074
f 5057 5074 5073
f 5058 5059 5075
f 5058 5075 5074
f 5059 5060 5076
f 5059 5076 5075
f 5060 5061 5077
f 5060 5077 5076
f 5061 5062 5078
f 5061 5078 5077
f 5062 5063 5079
f 5062 5079 5078
f 5063 5064 5080
f 5063 5080 5079
f 5064 5065 5081
f 5064 5081 5080
f 5065 5066 5082
f 5065 5082 5081
f 5066 5051 5067
f 5066 5067 5082
f 5067 5068 5084
f 5067 5084 5083
f 5068 5069 5085
f 5068 5085 5084
f 5069 5070 5086
f 5069 5086 5085
f 5070 5071 5087
f 5070 5087 5086
f 5071 5072 5088
f 5071 5088 5087
f 5072 5073 5089
f 5072 5089 5088
f 5073 5074 5090
f 5073 5090 5089
f 5074 5075 5091
f 5074 5091 5090
f 5075 5076 5092
f 5075 5092 5091
f 5076 5077 5093
f 5076 5093 5092
f 5077 5078 5094
f 5077 5094 5093
f 5078 5079 5095
f 5078 5095 5094
f 5079 5080 5096
f 5079 5096 5095
f 5080 5081 5097
f 5080 5097 5096
f 5081 5082 5098
f 5081 5098 5097
f 5082 5067 5083
f 5082 5083 5098
f 5083 5084 5100
f 5083 5100 5099
f 5084 5085 5101
f 5084 5101 5100
f 5085 5086 5102
f 5085 5102 5101
f 5086 5087 5103
f 5086 5103 5102
f 5087 5088 5104
f 5087 5104 5103
f 5088 5089 5105
f 5088 5105 5104
f 5089 5090 5106
f 5089 5106 5105
f 5090 5091 5107
f 5090 5107 5106
f 5091 5092 5108
f 5091 5108 5107
f 5092 5093 5109
f 5092 5109 5108
f 5093 5094 5110
f 5093 5110 5109
f 5094 5095 5111
f 5094 5111 5110
f 5095 5096 5112
f 5095 5112 5111
f 5096 5097 5113
f 5096 5113 5112
f 5097 5098 5114
f 5097 5114 5113
f 5098 5083 5099
f 5098 5099 5114
f 5099 5100 5116
f 5099 5116 5115
f 5100 5101 5117
f 5100 5117 5116
f 5101 5102 5118
f 5101 5118 5117
f 5102 5103 5119
f 5102 5119 5118
f 5103 5104 5120
f 5103 5120 5119
f 5104 5105 5121
f 5104 5121 5120
f 5105 5106 5122
f 5105 5122 5121
f 5106 5107 5123
f 5106 5123 5122
f 5107 5108 5124
f 5107 5124 5123
f 5108 5109 5125
f 5108 5125 5124
f 5109 5110 5126
f 5109 5126 5125
f 5110 5111 5127
f 5110 5127 5126
f 5111 5112 5128
f 5111 5128 5127
f 5112 5113 5129
f 5112 5129 5128
f 5113 5114 5130
f 5113 5130 5129
f 5114 5099 5115
f 5114 5115 5130
f 5115 5116 5132
f 5115 5132 5131
f 5116 5117 5133
f 5116 5133 5132
f 5117 5118 5134
f 5117 5134 5133
f 5118 5119 5135
f 5118 5135 5134
f 5119 5120 5136
f 5119 5136 5135
f 5120 5121 5137
f 5120 5137 5136
f 5121 5122 5138
f 5121 5138 5137
f 5122 5123 5139
f 5122 5139 5138
f 5123 5124 5140
f 5123 5140 5139
f 5124 5125 5141
f 5124 5141 5140
f 5125 5126 5142
f 5125 5142 5141
f 5126 5127 5143
f 5126 5143 5142
f 5127 5128 5144
f 5127 5144 5143
f 5128 5129 5145
f 5128 5145 5144
f 5129 5130 5146
f 5129 5146 5145
f 5130 5115 5131
f 5130 5131 5146
f 5131 5132 5148
f 5131 5148 5147
f 5132 5133 5149
f 5132 5149 5148
f 5133 5134 5150
f 5133 5150 5149
f 5134 5135 5151
f 5134 5151 5150
f 5135 5136 5152
f 5135 5152 5151
f 5136 5137 5153
f 5136 5153 5152
f 5137 5138 5154
f 5137 5154 5153
f 5138 5139 5155
f 5138 5155 5154
f 5139 5140 5156
f 5139 5156 5155
f 5140 5141 5157
f 5140 5157 5156
f 5141 5142 5158
f 5141 5158 5157
f 5142 5143 5159
f 5142 5159 5158
f 5143 5144 5160
f 5143 5160 5159
f 5144 5145 5161
f 5144 5161 5160
f 5145 5146 5162
f 5145 5162 5161
f 5146 5131 5147
f 5146 5147 5162
f 5147 5148 5164
f 5147 5164 5163
f 5148 5149 5165
f 5148 5165 5164
f 5149 5150 5166
f 5149 5166 5165
f 5150 5151 5167
f 5150 5167 5166
f 5151 5152 5168
f 5151 5168 5167
f 5152 5153 5169
f 5152 5169 5168
f 5153 5154 5170
f 5153 5170 5169
f 5154 5155 5171
f 5154 5171 5170
f 5155 5156 5172
f 5155 5172 5171
f 5156 5157 5173
f 5156 5173 5172
f 5157 5158 5174
f 5157 5174 5173
f 5158 5159 5175
f 5158 5175 5174
f 5159 5160 5176
f 5159 5176 5175
f 5160 5161 5177
f 5160 5177 5176
f 5161 5162 5178
f 5161 5178 5177
f 5162 5147 5163
f 5162 5163 5178
f 5163 5164 5180
f 5163 5180 5179
f 5164 5165 5181
f 5164 5181 5180
f 5165 5166 5182
f 5165 5182 5181
f 5166 5167 5183
f 5166 5183 5182
f 5167 5168 5184
f 5167 5184 5183
f 5168 5169 5185
f 5168 5185 5184
f 5169 5170 5186
f 5169 5186 5185
f 5170 5171 5187
f 5170 5187 5186
f 5171 5172 5188
f 5171 5188 5187
f 5172 5173 5189
f 5172 5189 5188
f 5173 5174 5190
f 5173 5190 5189
f 5174 5175 5191
f 5174 5191 5190
f 5175 5176 5192
f 5175 5192 5191
f 5176 5177 5193
f 5176 5193 5192
f 5177 5178 5194
f 5177 5194 5193
f 5178 5163 5179
f 5178 5179 5194
f 5179 5180 5196
f 5179 5196 5195
f 5180 5181 5197
f 5180 5197 5196
f 5181 5182 5198
f 5181 5198 5197
f 5182 5183 5199
f 5182 5199 5198
f 5183 5184 5200
f 5183 5200 5199
f 5184 5185 5201
f 5184 5201 5200
f 5185 5186 5202
f 5185 5202 5201
f 5186 5187 5203
f 5186 5203 5202
f 5187 5188 5204
f 5187 5204 5203
f 5188 5189 5205
f 5188 5205 5204
f 5189 5190 5206
f 5189 5206 5205
f 5190 5191 5207
f 5190 5207 5206
f 5191 5192 5208
f 5191 5208 5207
f 5192 5193 5209
f 5192 5209 5208
f 5193 5194 5210
f 5193 5210 5209
f 5194 5179 5195
f 5194 5195 5210
f 5195 5196 5212
f 5195 5212 5211
f 5196 5197 5213
f 5196 5213 5212
f 5197 5198 5214
f 5197 5214 5213
f 5198 5199 5215
f 5198 5215 5214
f 5199 5200 5216
f 5199 5216 5215
f 5200 5201 5217
f 5200 5217 5216
f 5201 5202 5218
f 5201 5218 5217
f 5202 5203 5219
f 5202 5219 5218
f 5203 5204 5220
f 5203 5220 5219
f 5204 5205 5221
f 5204 5221 5220
f 5205 5206 5222
f 5205 5222 5221
f 5206 5207 5223
f 5206 5223 5222
f 5207 5208 5224
f 5207 5224 5223
f 5208 5209 5225
f 5208 5225 5224
f 5209 5210 5226
f 5209 5226 5225
f 5210 5195 5211
f 5210 5211 5226
f 5211 5212 5228
f 5211 5228 5227
f 5212 5213 5229
f 5212 5229 5228
f 5213 5214 5230
f 5213 5230 5229
f 5214 5215 5231
f 5214 5231 5230
f 5215 5216 5232
f 5215 5232 5231
f 5216 5217 5233
f 5216 5233 5232
f 5217 5218 5234
f 5217 5234 5233
f 5218 5219 5235
f 5218 5235 5234
f 5219 5220 5236
f 5219 5236 5235
f 5220 5221 5237
f 5220 5237 5236
f 5221 5222 5238
f 5221 5238 5237
f 5222 5223 5239
f 5222 5239 5238
f 5223 5224 5240
f 5223 5240 5239
f 5224 5225 5241
f 5224 5241 5240
f 5225 5226 5242
f 5225 5242 5241
f 5226 5211 5227
f 5226 5227 5242
f 5227 5228 5244
f 5227 5244 5243
f 5228 5229 5245
f 5228 5245 5244
f 5229 5230 5246
f 5229 5246 5245
f 5230 5231 5247
f 5230 5247 5246
f 5231 5232 5248
f 5231 5248 5247
f 5232 5233 5249
f 5232 5249 5248
f 5233 5234 5250
f 5233 5250 5249
f 5234 5235 5251
f 5234 5251 5250
f 5235 5236 5252
f 5235 5252 5251
f 5236 5237 5253
f 5236 5253 5252
f 5237 5238 5254
f 5237 5254 5253
f 5238 5239 5255
f 5238 5255 5254
f 5239 5240 5256
f 5239 5256 5255
f 5240 5241 5257
f 5240 5257 5256
f 5241 5242 5258
f 5241 5258 5257
f 5242 5227 5243
f 5242 5243 5258
f 5243 5244 5260
f 5243 5260 5259
f 5244 5245 5261
f 5244 5261 5260
f 5245 5246 5262
f 5245 5262 5261
f 5246 5247 5263
f 5246 5263 5262
f 5247 5248 5264
f 5247 5264 5263
f 5248 5249 5265
f 5248 5265 5264
f 5249 5250 5266
f 5249 5266 5265
f 5250 5251 5267
f 5250 5267 5266
f 5251 5252 5268
f 5251 5268 5267
f 5252 5253 5269
f 5252 5269 5268
f 5253 5254 5270
f 5253 5270 5269
f 5254 5255 5271
f 5254 5271 5270
f 5255 5256 5272
f 5255 5272 5271
f 5256 5257 5273
f 5256 5273 5272
f 5257 5258 5274
f 5257 5274 5273
f 5258 5243 5259
f 5258 5259 5274
f 5259 5260 5276
f 5259 5276 5275
f 5260 5261 5277
f 5260 5277 5276
f 5261 5262 5278
f 5261 5278 5277
f 5262 5263 5279
f 5262 5279 5278
f 5263 5264 5280
f 5263 5280 5279
f 5264 5265 5281
f 5264 5281 5280
f 5265 5266 5282
f 5265 5282 5281
f 5266 5267 5283
f 5266 5283 5282
f 5267 5268 5284
f 5267 5284 5283
f 5268 5269 5285
f 5268 5285 5284
f 5269 5270 5286
f 5269 5286 5285
f 5270 5271 5287
f 5270 5287 5286
f 5271 5272 5288
f 5271 5288 5287
f 5272 5273 5289
f 5272 5289 5288
f 5273 5274 5290
f 5273 5290 5289
f 5274 5259 5275
f 5274 5275 5290
f 5275 5276 5292
f 5275 5292 5291
f 5276 5277 5293
f 5276 5293 5292
f 5277 5278 5294
f 5277 5294 5293
f 5278 5279 5295
f 5278 5295 5294
f 5279 5280 5296
f 5279 5296 5295
f 5280 5281 5297
f 5280 5297 5296
f 5281 5282 5298
f 5281 5298 5297
f 5282 5283 5299
f 5282 5299 5298
f 5283 5284 5300
f 5283 5300 5299
f 5284 5285 5301
f 5284 5301 5300
f 5285 5286 5302
f 5285 5302 5301
f 5286 5287 5303
f 5286 5303 5302
f 5287 5288 5304
f 5287 5304 5303
f 5288 5289 5305
f 5288 5305 5304
f 5289 5290 5306
f 5289 5306 5305
f 5290 5275 5291
f 5290 5291 5306
f 5291 5292 5308
f 5291 5308 5307
f 5292 5293 5309
f 5292 5309 5308
f 5293 5294 5310
f 5293 5310 5309
f 5294 5295 5311
f 5294 5311 5310
f 5295 5296 5312
f 5295 5312 5311
f 5296 5297 5313
f 5296 5313 5312
f 5297 5298 5314
f 5297 5314 5313
f 5298 5299 5315
f 5298 5315 5314
f 5299 5300 5316
f 5299 5316 5315
f 5300 5301 5317
f 5300 5317 5316
f 5301 5302 5318
f 5301 5318 5317
f 5302 5303 5319
f 5302 5319 5318
f 5303 5304 5320
f 5303 5320 5319
f 5304 5305 5321
f 5304 5321 5320
f 5305 5306 5322
f 5305 5322 5321
f 5306 5291 5307
f 5306 5307 5322
f 5307 5308 5324
f 5307 5324 5323
f 5308 5309 5325
f 5308 5325 5324
f 5309 5310 5326
f 5309 5326 5325
f 5310 5311 5327
f 5310 5327 5326
f 5311 5312 5328
f 5311 5328 5327
f 5312 5313 5329
f 5312 5329 5328
f 5313 5314 5330
f 5313 5330 5329
f 5314 5315 5331
f 5314 5331 5330
f 5315 5316 5332
f 5315 5332 5331
f 5316 5317 5333
f 5316 5333 5332
f 5317 5318 5334
f 5317 5334 5333
f 5318 5319 5335
f 5318 5335 5334
f 5319 5320 5336
f 5319 5336 5335
f 5320 5321 5337
f 5320 5337 5336
f 5321 5322 5338
f 5321 5338 5337
f 5322 5307 5323
f 5322 5323 5338
f 5323 5324 5340
f 5323 5340 5339
f 5324 5325 5341
f 5324 5341 5340
f 5325 5326 5342
f 5325 5342 5341
f 5326 5327 5343
f 5326 5343 5342
f 5327 5328 5344
f 5327 5344 5343
f 5328 5329 5345
f 5328 5345 5344
f 5329 5330 5346
f 5329 5346 5345
f 5330 5331 5347
f 5330 5347 5346
f 5331 5332 5348
f 5331 5348 5347
f 5332 5333 5349
f 5332 5349 5348
f 5333 5334 5350
f 5333 5350 5349
f 5334 5335 5351
f 5334 5351 5350
f 5335 5336 5352
f 5335 5352 5351
f 5336 5337 5353
f 5336 5353 5352
f 5337 5338 5354
f 5337 5354 5353
f 5338 5323 5339
f 5338 5339 5354
f 5339 5340 5356
f 5339 5356 5355
f 5340 5341 5357
f 5340 5357 5356
f 5341 5342 5358
f 5341 5358 5357
f 5342 5343 5359
f 5342 5359 5358
f 5343 5344 5360
f 5343 5360 5359
f 5344 5345 5361
f 5344 5361 5360
f 5345 5346 5362
f 5345 5362 5361
f 5346 5347 5363
f 5346 5363 5362
f 5347 5348 5364
f 5347 5364 5363
f 5348 5349 5365
f 5348 5365 5364
f 5349 5350 5366
f 5349 5366 5365
f 5350 5351 5367
f 5350 5367 5366
f 5351 5352 5368
f 5351 5368 5367
f 5352 5353 5369
f 5352 5369 5368
f 5353 5354 5370
f 5353 5370 5369
f 5354 5339 5355
f 5354 5355 5370
f 5371 4972 4971
f 5371 4973 4972
f 5371 4974 4973
f 5371 4975 4974
f 5371 4976 4975
f 5371 4977 4976
f 5371 4978 4977
f 5371 4979 4978
f 5371 4980 4979
f 5371 4981 4980
f 5371 4982 4981
f 5371 4983 4982
f 5371 4984 4983
f 5371 4985 4984
f 5371 4986 4985
f 5371 4971 4986
f 5372 5355 5356
f 5372 5356 5357
f 5372 5357 5358
f 5372 5358 5359
f 5372 5359 5360
f 5372 5360 5361
f 5372 5361 5362
f 5372 5362 5363
f 5372 5363 5364
f 5372 5364 5365
f 5372 5365 5366
f 5372 5366 5367
f 5372 5367 5368
f 5372 5368 5369
f 5372 5369 5370
f 5372 5370 5355
o Ilyth_SensorySail_R
usemtl sail_membrane
s 1
v 0.15514 5.82057 1.09879
v 0.15749 5.82057 1.10085
v 0.15984 5.82057 1.10291
v 0.16220 5.82057 1.10496
v 0.16455 5.82057 1.10702
v 0.16690 5.82057 1.10908
v 0.16926 5.82057 1.11113
v 0.14708 5.82184 0.84368
v 0.19309 5.85632 0.88389
v 0.23910 5.87701 0.92410
v 0.28511 5.88391 0.96431
v 0.33112 5.87701 1.00452
v 0.37714 5.85632 1.04473
v 0.42315 5.82184 1.08494
v 0.18692 5.82310 0.63044
v 0.26062 5.88682 0.69484
v 0.33432 5.92505 0.75925
v 0.40803 5.93779 0.82365
v 0.48173 5.92505 0.88806
v 0.55543 5.88682 0.95247
v 0.62913 5.82310 1.01687
v 0.25878 5.82437 0.44517
v 0.34950 5.90762 0.52444
v 0.44022 5.95757 0.60372
v 0.53094 5.97422 0.68300
v 0.62166 5.95757 0.76228
v 0.71238 5.90762 0.84156
v 0.80310 5.82437 0.92083
v 0.36436 5.82564 0.28936
v 0.46086 5.91575 0.37369
v 0.55736 5.96981 0.45802
v 0.65386 5.98784 0.54234
v 0.75035 5.96981 0.62667
v 0.84685 5.91575 0.71100
v 0.94335 5.82564 0.79533
v 0.50461 5.82691 0.16386
v 0.59533 5.91016 0.24313
v 0.68605 5.96011 0.32241
v 0.77677 5.97676 0.40169
v 0.86749 5.96011 0.48097
v 0.95821 5.91016 0.56025
v 1.04893 5.82691 0.63952
v 0.67858 5.82817 0.06782
v 0.75228 5.89189 0.13222
v 0.82598 5.93012 0.19663
v 0.89968 5.94286 0.26104
v 0.97339 5.93012 0.32544
v 1.04709 5.89189 0.38985
v 1.12079 5.82817 0.45425
v 0.88456 5.82944 -0.00025
v 0.93057 5.86392 0.03996
v 0.97659 5.88461 0.08017
v 1.02260 5.89151 0.12038
v 1.06861 5.88461 0.16059
v 1.11462 5.86392 0.20080
v 1.16063 5.82944 0.24101
v 1.13845 5.83071 -0.02644
v 1.14081 5.83071 -0.02439
v 1.14316 5.83071 -0.02233
v 1.14551 5.83071 -0.02027
v 1.14787 5.83071 -0.01822
v 1.15022 5.83071 -0.01616
v 1.15257 5.83071 -0.01410
v 0.15514 5.83273 1.09879
v 0.15749 5.83273 1.10085
v 0.15984 5.83273 1.10291
v 0.16220 5.83273 1.10496
v 0.16455 5.83273 1.10702
v 0.16690 5.83273 1.10908
v 0.16926 5.83273 1.11113
v 0.14708 5.83400 0.84368
v 0.19309 5.86849 0.88389
v 0.23910 5.88918 0.92410
v 0.28511 5.89607 0.96431
v 0.33112 5.88918 1.00452
v 0.37714 5.86849 1.04473
v 0.42315 5.83400 1.08494
v 0.18692 5.83527 0.63044
v 0.26062 5.89899 0.69484
v 0.33432 5.93722 0.75925
v 0.40803 5.94996 0.82365
v 0.48173 5.93722 0.88806
v 0.55543 5.89899 0.95247
v 0.62913 5.83527 1.01687
v 0.25878 5.83654 0.44517
v 0.34950 5.91979 0.52444
v 0.44022 5.96974 0.60372
v 0.53094 5.98639 0.68300
v 0.62166 5.96974 0.76228
v 0.71238 5.91979 0.84156
v 0.80310 5.83654 0.92083
v 0.36436 5.83780 0.28936
v 0.46086 5.92791 0.37369
v 0.55736 5.98198 0.45802
v 0.65386 6.00000 0.54234
v 0.75035 5.98198 0.62667
v 0.84685 5.92791 0.71100
v 0.94335 5.83780 0.79533
v 0.50461 5.83907 0.16386
v 0.59533 5.92232 0.24313
v 0.68605 5.97227 0.32241
v 0.77677 5.98892 0.40169
v 0.86749 5.97227 0.48097
v 0.95821 5.92232 0.56025
v 1.04893 5.83907 0.63952
v 0.67858 5.84034 0.06782
v 0.75228 5.90405 0.13222
v 0.82598 5.94228 0.19663
v 0.89968 5.95503 0.26104
v 0.97339 5.94228 0.32544
v 1.04709 5.90405 0.38985
v 1.12079 5.84034 0.45425
v 0.88456 5.84160 -0.00025
v 0.93057 5.87609 0.03996
v 0.97659 5.89678 0.08017
v 1.02260 5.90367 0.12038
v 1.06861 5.89678 0.16059
v 1.11462 5.87609 0.20080
v 1.16063 5.84160 0.24101
v 1.13845 5.84287 -0.02644
v 1.14081 5.84287 -0.02439
v 1.14316 5.84287 -0.02233
v 1.14551 5.84287 -0.02027
v 1.14787 5.84287 -0.01822
v 1.15022 5.84287 -0.01616
v 1.15257 5.84287 -0.01410
f 5373 5381 5374
f 5373 5380 5381
f 5374 5382 5375
f 5374 5381 5382
f 5375 5383 5376
f 5375 5382 5383
f 5376 5384 5377
f 5376 5383 5384
f 5377 5385 5378
f 5377 5384 5385
f 5378 5386 5379
f 5378 5385 5386
f 5380 5388 5381
f 5380 5387 5388
f 5381 5389 5382
f 5381 5388 5389
f 5382 5390 5383
f 5382 5389 5390
f 5383 5391 5384
f 5383 5390 5391
f 5384 5392 5385
f 5384 5391 5392
f 5385 5393 5386
f 5385 5392 5393
f 5387 5395 5388
f 5387 5394 5395
f 5388 5396 5389
f 5388 5395 5396
f 5389 5397 5390
f 5389 5396 5397
f 5390 5398 5391
f 5390 5397 5398
f 5391 5399 5392
f 5391 5398 5399
f 5392 5400 5393
f 5392 5399 5400
f 5394 5402 5395
f 5394 5401 5402
f 5395 5403 5396
f 5395 5402 5403
f 5396 5404 5397
f 5396 5403 5404
f 5397 5405 5398
f 5397 5404 5405
f 5398 5406 5399
f 5398 5405 5406
f 5399 5407 5400
f 5399 5406 5407
f 5401 5409 5402
f 5401 5408 5409
f 5402 5410 5403
f 5402 5409 5410
f 5403 5411 5404
f 5403 5410 5411
f 5404 5412 5405
f 5404 5411 5412
f 5405 5413 5406
f 5405 5412 5413
f 5406 5414 5407
f 5406 5413 5414
f 5408 5416 5409
f 5408 5415 5416
f 5409 5417 5410
f 5409 5416 5417
f 5410 5418 5411
f 5410 5417 5418
f 5411 5419 5412
f 5411 5418 5419
f 5412 5420 5413
f 5412 5419 5420
f 5413 5421 5414
f 5413 5420 5421
f 5415 5423 5416
f 5415 5422 5423
f 5416 5424 5417
f 5416 5423 5424
f 5417 5425 5418
f 5417 5424 5425
f 5418 5426 5419
f 5418 5425 5426
f 5419 5427 5420
f 5419 5426 5427
f 5420 5428 5421
f 5420 5427 5428
f 5422 5430 5423
f 5422 5429 5430
f 5423 5431 5424
f 5423 5430 5431
f 5424 5432 5425
f 5424 5431 5432
f 5425 5433 5426
f 5425 5432 5433
f 5426 5434 5427
f 5426 5433 5434
f 5427 5435 5428
f 5427 5434 5435
f 5436 5437 5444
f 5436 5444 5443
f 5437 5438 5445
f 5437 5445 5444
f 5438 5439 5446
f 5438 5446 5445
f 5439 5440 5447
f 5439 5447 5446
f 5440 5441 5448
f 5440 5448 5447
f 5441 5442 5449
f 5441 5449 5448
f 5443 5444 5451
f 5443 5451 5450
f 5444 5445 5452
f 5444 5452 5451
f 5445 5446 5453
f 5445 5453 5452
f 5446 5447 5454
f 5446 5454 5453
f 5447 5448 5455
f 5447 5455 5454
f 5448 5449 5456
f 5448 5456 5455
f 5450 5451 5458
f 5450 5458 5457
f 5451 5452 5459
f 5451 5459 5458
f 5452 5453 5460
f 5452 5460 5459
f 5453 5454 5461
f 5453 5461 5460
f 5454 5455 5462
f 5454 5462 5461
f 5455 5456 5463
f 5455 5463 5462
f 5457 5458 5465
f 5457 5465 5464
f 5458 5459 5466
f 5458 5466 5465
f 5459 5460 5467
f 5459 5467 5466
f 5460 5461 5468
f 5460 5468 5467
f 5461 5462 5469
f 5461 5469 5468
f 5462 5463 5470
f 5462 5470 5469
f 5464 5465 5472
f 5464 5472 5471
f 5465 5466 5473
f 5465 5473 5472
f 5466 5467 5474
f 5466 5474 5473
f 5467 5468 5475
f 5467 5475 5474
f 5468 5469 5476
f 5468 5476 5475
f 5469 5470 5477
f 5469 5477 5476
f 5471 5472 5479
f 5471 5479 5478
f 5472 5473 5480
f 5472 5480 5479
f 5473 5474 5481
f 5473 5481 5480
f 5474 5475 5482
f 5474 5482 5481
f 5475 5476 5483
f 5475 5483 5482
f 5476 5477 5484
f 5476 5484 5483
f 5478 5479 5486
f 5478 5486 5485
f 5479 5480 5487
f 5479 5487 5486
f 5480 5481 5488
f 5480 5488 5487
f 5481 5482 5489
f 5481 5489 5488
f 5482 5483 5490
f 5482 5490 5489
f 5483 5484 5491
f 5483 5491 5490
f 5485 5486 5493
f 5485 5493 5492
f 5486 5487 5494
f 5486 5494 5493
f 5487 5488 5495
f 5487 5495 5494
f 5488 5489 5496
f 5488 5496 5495
f 5489 5490 5497
f 5489 5497 5496
f 5490 5491 5498
f 5490 5498 5497
f 5373 5374 5437
f 5373 5437 5436
f 5374 5375 5438
f 5374 5438 5437
f 5375 5376 5439
f 5375 5439 5438
f 5376 5377 5440
f 5376 5440 5439
f 5377 5378 5441
f 5377 5441 5440
f 5378 5379 5442
f 5378 5442 5441
f 5379 5386 5449
f 5379 5449 5442
f 5386 5393 5456
f 5386 5456 5449
f 5393 5400 5463
f 5393 5463 5456
f 5400 5407 5470
f 5400 5470 5463
f 5407 5414 5477
f 5407 5477 5470
f 5414 5421 5484
f 5414 5484 5477
f 5421 5428 5491
f 5421 5491 5484
f 5428 5435 5498
f 5428 5498 5491
f 5435 5434 5497
f 5435 5497 5498
f 5434 5433 5496
f 5434 5496 5497
f 5433 5432 5495
f 5433 5495 5496
f 5432 5431 5494
f 5432 5494 5495
f 5431 5430 5493
f 5431 5493 5494
f 5430 5429 5492
f 5430 5492 5493
f 5429 5422 5485
f 5429 5485 5492
f 5422 5415 5478
f 5422 5478 5485
f 5415 5408 5471
f 5415 5471 5478
f 5408 5401 5464
f 5408 5464 5471
f 5401 5394 5457
f 5401 5457 5464
f 5394 5387 5450
f 5394 5450 5457
f 5387 5380 5443
f 5387 5443 5450
f 5380 5373 5436
f 5380 5436 5443
o Ilyth_SailVein_R0
usemtl sail_vein
s 1
v 0.16779 5.81585 1.10496
v 0.16089 5.81629 1.09873
v 0.15475 5.82280 1.09615
v 0.15298 5.83157 1.09873
v 0.15661 5.83746 1.10496
v 0.16351 5.83702 1.11120
v 0.16964 5.83050 1.11378
v 0.17141 5.82174 1.11120
v 0.26417 5.86573 1.00171
v 0.25717 5.86618 0.99560
v 0.25106 5.87273 0.99306
v 0.24941 5.88154 0.99560
v 0.25321 5.88745 1.00171
v 0.26021 5.88699 1.00783
v 0.26632 5.88044 1.01037
v 0.26796 5.87163 1.00783
v 0.39811 5.93217 0.84890
v 0.39049 5.93289 0.84360
v 0.38462 5.93977 0.84141
v 0.38394 5.94880 0.84360
v 0.38885 5.95467 0.84890
v 0.39647 5.95395 0.85421
v 0.40233 5.94706 0.85640
v 0.40301 5.93804 0.85421
v 0.51814 5.97871 0.66349
v 0.51489 5.97011 0.66203
v 0.50693 5.96655 0.65875
v 0.49894 5.97011 0.65557
v 0.49559 5.97871 0.65436
v 0.49884 5.98731 0.65582
v 0.50679 5.99088 0.65910
v 0.51479 5.98731 0.66227
v 0.58935 5.95093 0.39712
v 0.58560 5.94242 0.39764
v 0.57707 5.93890 0.39638
v 0.56877 5.94242 0.39408
v 0.56555 5.95093 0.39208
v 0.56930 5.95943 0.39157
v 0.57783 5.96296 0.39283
v 0.58613 5.95943 0.39513
v 0.63865 5.89161 0.09501
v 0.63487 5.88317 0.09611
v 0.62626 5.87968 0.09546
v 0.61788 5.88317 0.09343
v 0.61462 5.89161 0.09122
v 0.61840 5.90004 0.09011
v 0.62700 5.90354 0.09077
v 0.63539 5.90004 0.09280
v 0.67095 5.84693 -0.11984
v 0.66717 5.83850 -0.11865
v 0.65856 5.83501 -0.11922
v 0.65016 5.83850 -0.12121
v 0.64689 5.84693 -0.12346
v 0.65068 5.85535 -0.12464
v 0.65929 5.85884 -0.12407
v 0.66769 5.85535 -0.12208
v 0.16220 5.82665 1.10496
v 0.65892 5.84693 -0.12165
f 5499 5500 5508
f 5499 5508 5507
f 5500 5501 5509
f 5500 5509 5508
f 5501 5502 5510
f 5501 5510 5509
f 5502 5503 5511
f 5502 5511 5510
f 5503 5504 5512
f 5503 5512 5511
f 5504 5505 5513
f 5504 5513 5512
f 5505 5506 5514
f 5505 5514 5513
f 5506 5499 5507
f 5506 5507 5514
f 5507 5508 5516
f 5507 5516 5515
f 5508 5509 5517
f 5508 5517 5516
f 5509 5510 5518
f 5509 5518 5517
f 5510 5511 5519
f 5510 5519 5518
f 5511 5512 5520
f 5511 5520 5519
f 5512 5513 5521
f 5512 5521 5520
f 5513 5514 5522
f 5513 5522 5521
f 5514 5507 5515
f 5514 5515 5522
f 5515 5516 5524
f 5515 5524 5523
f 5516 5517 5525
f 5516 5525 5524
f 5517 5518 5526
f 5517 5526 5525
f 5518 5519 5527
f 5518 5527 5526
f 5519 5520 5528
f 5519 5528 5527
f 5520 5521 5529
f 5520 5529 5528
f 5521 5522 5530
f 5521 5530 5529
f 5522 5515 5523
f 5522 5523 5530
f 5523 5524 5532
f 5523 5532 5531
f 5524 5525 5533
f 5524 5533 5532
f 5525 5526 5534
f 5525 5534 5533
f 5526 5527 5535
f 5526 5535 5534
f 5527 5528 5536
f 5527 5536 5535
f 5528 5529 5537
f 5528 5537 5536
f 5529 5530 5538
f 5529 5538 5537
f 5530 5523 5531
f 5530 5531 5538
f 5531 5532 5540
f 5531 5540 5539
f 5532 5533 5541
f 5532 5541 5540
f 5533 5534 5542
f 5533 5542 5541
f 5534 5535 5543
f 5534 5543 5542
f 5535 5536 5544
f 5535 5544 5543
f 5536 5537 5545
f 5536 5545 5544
f 5537 5538 5546
f 5537 5546 5545
f 5538 5531 5539
f 5538 5539 5546
f 5539 5540 5548
f 5539 5548 5547
f 5540 5541 5549
f 5540 5549 5548
f 5541 5542 5550
f 5541 5550 5549
f 5542 5543 5551
f 5542 5551 5550
f 5543 5544 5552
f 5543 5552 5551
f 5544 5545 5553
f 5544 5553 5552
f 5545 5546 5554
f 5545 5554 5553
f 5546 5539 5547
f 5546 5547 5554
f 5555 5500 5499
f 5555 5501 5500
f 5555 5502 5501
f 5555 5503 5502
f 5555 5504 5503
f 5555 5505 5504
f 5555 5506 5505
f 5555 5499 5506
f 5556 5547 5548
f 5556 5548 5549
f 5556 5549 5550
f 5556 5550 5551
f 5556 5551 5552
f 5556 5552 5553
f 5556 5553 5554
f 5556 5554 5547
o Ilyth_SailVein_R1
usemtl sail_vein
s 1
v 0.16807 5.81600 1.10496
v 0.16092 5.81612 1.09901
v 0.15451 5.82241 1.09654
v 0.15261 5.83118 1.09901
v 0.15632 5.83730 1.10496
v 0.16348 5.83718 1.11092
v 0.16988 5.83089 1.11338
v 0.17179 5.82212 1.11092
v 0.25840 5.86585 0.99721
v 0.25118 5.86605 0.99133
v 0.24485 5.87242 0.98889
v 0.24310 5.88123 0.99133
v 0.24696 5.88733 0.99721
v 0.25418 5.88713 1.00309
v 0.26052 5.88076 1.00553
v 0.26226 5.87195 1.00309
v 0.38600 5.93213 0.83989
v 0.37847 5.93295 0.83448
v 0.37269 5.93989 0.83224
v 0.37205 5.94891 0.83448
v 0.37693 5.95471 0.83989
v 0.38446 5.95389 0.84531
v 0.39023 5.94694 0.84755
v 0.39087 5.93793 0.84531
v 0.50724 5.96655 0.65892
v 0.49975 5.96989 0.65452
v 0.49642 5.97839 0.65269
v 0.49922 5.98708 0.65452
v 0.50649 5.99087 0.65892
v 0.51398 5.98754 0.66333
v 0.51731 5.97903 0.66516
v 0.51451 5.97034 0.66333
v 0.62126 5.93953 0.43065
v 0.61535 5.94553 0.42668
v 0.61539 5.95469 0.42504
v 0.62136 5.96165 0.42668
v 0.62975 5.96233 0.43065
v 0.63566 5.95633 0.43461
v 0.63562 5.94716 0.43626
v 0.62966 5.94020 0.43461
v 0.73506 5.88087 0.17872
v 0.72998 5.88760 0.17478
v 0.73122 5.89668 0.17315
v 0.73806 5.90279 0.17478
v 0.74648 5.90235 0.17872
v 0.75156 5.89561 0.18265
v 0.75032 5.88653 0.18428
v 0.74349 5.88042 0.18265
v 0.81521 5.83630 0.00000
v 0.81025 5.84313 -0.00393
v 0.81167 5.85218 -0.00556
v 0.81862 5.85816 -0.00393
v 0.82703 5.85756 -0.00000
v 0.83199 5.85073 0.00393
v 0.83057 5.84167 0.00556
v 0.82362 5.83569 0.00393
v 0.16220 5.82665 1.10496
v 0.82112 5.84693 0.00000
f 5557 5558 5566
f 5557 5566 5565
f 5558 5559 5567
f 5558 5567 5566
f 5559 5560 5568
f 5559 5568 5567
f 5560 5561 5569
f 5560 5569 5568
f 5561 5562 5570
f 5561 5570 5569
f 5562 5563 5571
f 5562 5571 5570
f 5563 5564 5572
f 5563 5572 5571
f 5564 5557 5565
f 5564 5565 5572
f 5565 5566 5574
f 5565 5574 5573
f 5566 5567 5575
f 5566 5575 5574
f 5567 5568 5576
f 5567 5576 5575
f 5568 5569 5577
f 5568 5577 5576
f 5569 5570 5578
f 5569 5578 5577
f 5570 5571 5579
f 5570 5579 5578
f 5571 5572 5580
f 5571 5580 5579
f 5572 5565 5573
f 5572 5573 5580
f 5573 5574 5582
f 5573 5582 5581
f 5574 5575 5583
f 5574 5583 5582
f 5575 5576 5584
f 5575 5584 5583
f 5576 5577 5585
f 5576 5585 5584
f 5577 5578 5586
f 5577 5586 5585
f 5578 5579 5587
f 5578 5587 5586
f 5579 5580 5588
f 5579 5588 5587
f 5580 5573 5581
f 5580 5581 5588
f 5581 5582 5590
f 5581 5590 5589
f 5582 5583 5591
f 5582 5591 5590
f 5583 5584 5592
f 5583 5592 5591
f 5584 5585 5593
f 5584 5593 5592
f 5585 5586 5594
f 5585 5594 5593
f 5586 5587 5595
f 5586 5595 5594
f 5587 5588 5596
f 5587 5596 5595
f 5588 5581 5589
f 5588 5589 5596
f 5589 5590 5598
f 5589 5598 5597
f 5590 5591 5599
f 5590 5599 5598
f 5591 5592 5600
f 5591 5600 5599
f 5592 5593 5601
f 5592 5601 5600
f 5593 5594 5602
f 5593 5602 5601
f 5594 5595 5603
f 5594 5603 5602
f 5595 5596 5604
f 5595 5604 5603
f 5596 5589 5597
f 5596 5597 5604
f 5597 5598 5606
f 5597 5606 5605
f 5598 5599 5607
f 5598 5607 5606
f 5599 5600 5608
f 5599 5608 5607
f 5600 5601 5609
f 5600 5609 5608
f 5601 5602 5610
f 5601 5610 5609
f 5602 5603 5611
f 5602 5611 5610
f 5603 5604 5612
f 5603 5612 5611
f 5604 5597 5605
f 5604 5605 5612
f 5613 5558 5557
f 5613 5559 5558
f 5613 5560 5559
f 5613 5561 5560
f 5613 5562 5561
f 5613 5563 5562
f 5613 5564 5563
f 5613 5557 5564
f 5614 5605 5606
f 5614 5606 5607
f 5614 5607 5608
f 5614 5608 5609
f 5614 5609 5610
f 5614 5610 5611
f 5614 5611 5612
f 5614 5612 5605
o Ilyth_SailVein_R2
usemtl sail_vein
s 1
v 0.16839 5.81618 1.10496
v 0.16100 5.81595 1.09930
v 0.15431 5.82199 1.09696
v 0.15224 5.83076 1.09930
v 0.15601 5.83712 1.10496
v 0.16339 5.83735 1.11063
v 0.17008 5.83131 1.11297
v 0.17215 5.82254 1.11063
v 0.25265 5.86599 0.99270
v 0.24524 5.86590 0.98707
v 0.23867 5.87208 0.98473
v 0.23679 5.88089 0.98707
v 0.24070 5.88719 0.99270
v 0.24811 5.88727 0.99834
v 0.25468 5.88110 1.00068
v 0.25656 5.87228 0.99834
v 0.37389 5.93210 0.83088
v 0.36645 5.93300 0.82536
v 0.36077 5.94001 0.82307
v 0.36017 5.94902 0.82536
v 0.36500 5.95474 0.83088
v 0.37244 5.95384 0.83640
v 0.37813 5.94683 0.83869
v 0.37873 5.93782 0.83640
v 0.50716 5.96655 0.65892
v 0.50048 5.96995 0.65341
v 0.49753 5.97848 0.65113
v 0.50005 5.98715 0.65341
v 0.50656 5.99087 0.65892
v 0.51325 5.98747 0.66444
v 0.51620 5.97894 0.66672
v 0.51368 5.97028 0.66444
v 0.67061 5.93913 0.46669
v 0.66530 5.94413 0.46090
v 0.66484 5.95311 0.45851
v 0.66948 5.96082 0.46090
v 0.67652 5.96273 0.46669
v 0.68183 5.95773 0.47248
v 0.68230 5.94874 0.47487
v 0.67765 5.94104 0.47248
v 0.85104 5.88007 0.26432
v 0.84625 5.88544 0.25841
v 0.84654 5.89442 0.25596
v 0.85173 5.90175 0.25841
v 0.85878 5.90314 0.26432
v 0.86357 5.89777 0.27023
v 0.86328 5.88879 0.27268
v 0.85809 5.88146 0.27023
v 0.97932 5.83544 0.12165
v 0.97461 5.84085 0.11571
v 0.97500 5.84982 0.11326
v 0.98026 5.85710 0.11571
v 0.98731 5.85842 0.12165
v 0.99202 5.85300 0.12758
v 0.99163 5.84403 0.13004
v 0.98637 5.83676 0.12758
v 0.16220 5.82665 1.10496
v 0.98332 5.84693 0.12165
f 5615 5616 5624
f 5615 5624 5623
f 5616 5617 5625
f 5616 5625 5624
f 5617 5618 5626
f 5617 5626 5625
f 5618 5619 5627
f 5618 5627 5626
f 5619 5620 5628
f 5619 5628 5627
f 5620 5621 5629
f 5620 5629 5628
f 5621 5622 5630
f 5621 5630 5629
f 5622 5615 5623
f 5622 5623 5630
f 5623 5624 5632
f 5623 5632 5631
f 5624 5625 5633
f 5624 5633 5632
f 5625 5626 5634
f 5625 5634 5633
f 5626 5627 5635
f 5626 5635 5634
f 5627 5628 5636
f 5627 5636 5635
f 5628 5629 5637
f 5628 5637 5636
f 5629 5630 5638
f 5629 5638 5637
f 5630 5623 5631
f 5630 5631 5638
f 5631 5632 5640
f 5631 5640 5639
f 5632 5633 5641
f 5632 5641 5640
f 5633 5634 5642
f 5633 5642 5641
f 5634 5635 5643
f 5634 5643 5642
f 5635 5636 5644
f 5635 5644 5643
f 5636 5637 5645
f 5636 5645 5644
f 5637 5638 5646
f 5637 5646 5645
f 5638 5631 5639
f 5638 5639 5646
f 5639 5640 5648
f 5639 5648 5647
f 5640 5641 5649
f 5640 5649 5648
f 5641 5642 5650
f 5641 5650 5649
f 5642 5643 5651
f 5642 5651 5650
f 5643 5644 5652
f 5643 5652 5651
f 5644 5645 5653
f 5644 5653 5652
f 5645 5646 5654
f 5645 5654 5653
f 5646 5639 5647
f 5646 5647 5654
f 5647 5648 5656
f 5647 5656 5655
f 5648 5649 5657
f 5648 5657 5656
f 5649 5650 5658
f 5649 5658 5657
f 5650 5651 5659
f 5650 5659 5658
f 5651 5652 5660
f 5651 5660 5659
f 5652 5653 5661
f 5652 5661 5660
f 5653 5654 5662
f 5653 5662 5661
f 5654 5647 5655
f 5654 5655 5662
f 5655 5656 5664
f 5655 5664 5663
f 5656 5657 5665
f 5656 5665 5664
f 5657 5658 5666
f 5657 5666 5665
f 5658 5659 5667
f 5658 5667 5666
f 5659 5660 5668
f 5659 5668 5667
f 5660 5661 5669
f 5660 5669 5668
f 5661 5662 5670
f 5661 5670 5669
f 5662 5655 5663
f 5662 5663 5670
f 5671 5616 5615
f 5671 5617 5616
f 5671 5618 5617
f 5671 5619 5618
f 5671 5620 5619
f 5671 5621 5620
f 5671 5622 5621
f 5671 5615 5622
f 5672 5663 5664
f 5672 5664 5665
f 5672 5665 5666
f 5672 5666 5667
f 5672 5667 5668
f 5672 5668 5669
f 5672 5669 5670
f 5672 5670 5663
o Ilyth_SailVein_R3
usemtl sail_vein
s 1
v 0.16873 5.81639 1.10496
v 0.16114 5.81578 1.09960
v 0.15417 5.82154 1.09739
v 0.15190 5.83030 1.09960
v 0.15567 5.83692 1.10496
v 0.16325 5.83752 1.11032
v 0.17022 5.83176 1.11254
v 0.17249 5.82301 1.11032
v 0.24691 5.86615 0.98820
v 0.23933 5.86576 0.98281
v 0.23253 5.87172 0.98058
v 0.23050 5.88053 0.98281
v 0.23442 5.88703 0.98820
v 0.24201 5.88741 0.99359
v 0.24880 5.88146 0.99582
v 0.25084 5.87265 0.99359
v 0.36179 5.93206 0.82187
v 0.35444 5.93306 0.81624
v 0.34885 5.94012 0.81391
v 0.34828 5.94912 0.81624
v 0.35308 5.95478 0.82187
v 0.36042 5.95378 0.82750
v 0.36602 5.94671 0.82983
v 0.36659 5.93772 0.82750
v 0.50712 5.96655 0.65892
v 0.50137 5.96999 0.65245
v 0.49885 5.97855 0.64977
v 0.50102 5.98719 0.65245
v 0.50661 5.99087 0.65892
v 0.51235 5.98743 0.66539
v 0.51488 5.97888 0.66807
v 0.51271 5.97023 0.66539
v 0.71937 5.93897 0.50273
v 0.71539 5.94335 0.49555
v 0.71506 5.95217 0.49257
v 0.71858 5.96026 0.49555
v 0.72388 5.96288 0.50273
v 0.72786 5.95851 0.50992
v 0.72819 5.94969 0.51290
v 0.72467 5.94160 0.50992
v 0.96615 5.87979 0.34992
v 0.96273 5.88430 0.34253
v 0.96301 5.89309 0.33947
v 0.96683 5.90101 0.34253
v 0.97195 5.90342 0.34992
v 0.97537 5.89891 0.35732
v 0.97509 5.89013 0.36038
v 0.97127 5.88220 0.35732
v 1.14253 5.83513 0.24329
v 1.13919 5.83966 0.23587
v 1.13955 5.84844 0.23280
v 1.14341 5.85633 0.23587
v 1.14850 5.85872 0.24329
v 1.15184 5.85420 0.25072
v 1.15147 5.84542 0.25379
v 1.14762 5.83752 0.25072
v 0.16220 5.82665 1.10496
v 1.14551 5.84693 0.24329
f 5673 5674 5682
f 5673 5682 5681
f 5674 5675 5683
f 5674 5683 5682
f 5675 5676 5684
f 5675 5684 5683
f 5676 5677 5685
f 5676 5685 5684
f 5677 5678 5686
f 5677 5686 5685
f 5678 5679 5687
f 5678 5687 5686
f 5679 5680 5688
f 5679 5688 5687
f 5680 5673 5681
f 5680 5681 5688
f 5681 5682 5690
f 5681 5690 5689
f 5682 5683 5691
f 5682 5691 5690
f 5683 5684 5692
f 5683 5692 5691
f 5684 5685 5693
f 5684 5693 5692
f 5685 5686 5694
f 5685 5694 5693
f 5686 5687 5695
f 5686 5695 5694
f 5687 5688 5696
f 5687 5696 5695
f 5688 5681 5689
f 5688 5689 5696
f 5689 5690 5698
f 5689 5698 5697
f 5690 5691 5699
f 5690 5699 5698
f 5691 5692 5700
f 5691 5700 5699
f 5692 5693 5701
f 5692 5701 5700
f 5693 5694 5702
f 5693 5702 5701
f 5694 5695 5703
f 5694 5703 5702
f 5695 5696 5704
f 5695 5704 5703
f 5696 5689 5697
f 5696 5697 5704
f 5697 5698 5706
f 5697 5706 5705
f 5698 5699 5707
f 5698 5707 5706
f 5699 5700 5708
f 5699 5708 5707
f 5700 5701 5709
f 5700 5709 5708
f 5701 5702 5710
f 5701 5710 5709
f 5702 5703 5711
f 5702 5711 5710
f 5703 5704 5712
f 5703 5712 5711
f 5704 5697 5705
f 5704 5705 5712
f 5705 5706 5714
f 5705 5714 5713
f 5706 5707 5715
f 5706 5715 5714
f 5707 5708 5716
f 5707 5716 5715
f 5708 5709 5717
f 5708 5717 5716
f 5709 5710 5718
f 5709 5718 5717
f 5710 5711 5719
f 5710 5719 5718
f 5711 5712 5720
f 5711 5720 5719
f 5712 5705 5713
f 5712 5713 5720
f 5713 5714 5722
f 5713 5722 5721
f 5714 5715 5723
f 5714 5723 5722
f 5715 5716 5724
f 5715 5724 5723
f 5716 5717 5725
f 5716 5725 5724
f 5717 5718 5726
f 5717 5726 5725
f 5718 5719 5727
f 5718 5727 5726
f 5719 5720 5728
f 5719 5728 5727
f 5720 5713 5721
f 5720 5721 5728
f 5729 5674 5673
f 5729 5675 5674
f 5729 5676 5675
f 5729 5677 5676
f 5729 5678 5677
f 5729 5679 5678
f 5729 5680 5679
f 5729 5673 5680
f 5730 5721 5722
f 5730 5722 5723
f 5730 5723 5724
f 5730 5724 5725
f 5730 5725 5726
f 5730 5726 5727
f 5730 5727 5728
f 5730 5728 5721
o Ilyth_Limb_R_Rear
usemtl living_pearl
s 1
v 0.12313 5.02089 -0.65892
v 0.12481 5.07644 -0.79885
v 0.17996 5.15373 -0.90129
v 0.27382 5.23205 -0.93878
v 0.38122 5.29043 -0.90129
v 0.47340 5.31321 -0.79885
v 0.52565 5.29429 -0.65892
v 0.52398 5.23875 -0.51899
v 0.46882 5.16145 -0.41656
v 0.37497 5.08313 -0.37906
v 0.26756 5.02475 -0.41656
v 0.17539 5.00197 -0.51899
v 0.28563 4.77163 -0.75504
v 0.28891 4.82658 -0.89201
v 0.34669 4.90398 -0.99228
v 0.44348 4.98310 -1.02898
v 0.55335 5.04274 -0.99228
v 0.64687 5.06691 -0.89201
v 0.69896 5.04915 -0.75504
v 0.69568 4.99421 -0.61807
v 0.63791 4.91681 -0.51780
v 0.54111 4.83769 -0.48110
v 0.43124 4.77805 -0.51780
v 0.33773 4.75387 -0.61807
v 0.50673 4.42767 -0.88833
v 0.51462 4.48016 -1.02120
v 0.57873 4.55453 -1.11846
v 0.68186 4.63085 -1.15407
v 0.79639 4.68868 -1.11846
v 0.89164 4.71251 -1.02120
v 0.94207 4.69596 -0.88833
v 0.93418 4.64348 -0.75546
v 0.87008 4.56911 -0.65819
v 0.76695 4.49279 -0.62259
v 0.65241 4.43496 -0.65819
v 0.55717 4.41113 -0.75546
v 0.67136 4.14067 -0.99345
v 0.68887 4.18431 -1.12116
v 0.76355 4.24427 -1.21465
v 0.87538 4.30449 -1.24887
v 0.99440 4.34883 -1.21465
v 1.08873 4.36542 -1.12116
v 1.13307 4.34980 -0.99345
v 1.11556 4.30616 -0.86575
v 1.04089 4.24620 -0.77226
v 0.92906 4.18598 -0.73804
v 0.81003 4.14164 -0.77226
v 0.71571 4.12506 -0.86575
v 0.73497 3.98474 -1.03776
v 0.76280 4.00779 -1.15755
v 0.84521 4.03607 -1.24525
v 0.96012 4.06201 -1.27734
v 1.07674 4.07865 -1.24525
v 1.16382 4.08154 -1.15755
v 1.19802 4.06990 -1.03776
v 1.17020 4.04685 -0.91796
v 1.08779 4.01857 -0.83027
v 0.97288 3.99263 -0.79817
v 0.85626 3.97599 -0.83027
v 0.76918 3.97310 -0.91796
v 0.76850 3.82864 -1.05390
v 0.79577 3.84006 -1.16159
v 0.87146 3.85184 -1.24043
v 0.97529 3.86082 -1.26929
v 1.07945 3.86459 -1.24043
v 1.15601 3.86215 -1.16159
v 1.18447 3.85415 -1.05390
v 1.15720 3.84273 -0.94621
v 1.08151 3.83095 -0.86737
v 0.97767 3.82198 -0.83852
v 0.87352 3.81820 -0.86737
v 0.79696 3.82064 -0.94621
v 0.81002 3.60109 -1.07455
v 0.83311 3.61491 -1.17020
v 0.89862 3.63030 -1.24022
v 0.98900 3.64314 -1.26584
v 1.08003 3.64999 -1.24022
v 1.14732 3.64901 -1.17020
v 1.17283 3.64047 -1.07455
v 1.14974 3.62665 -0.97891
v 1.08423 3.61126 -0.90889
v 0.99385 3.59842 -0.88326
v 0.90283 3.59157 -0.90889
v 0.83554 3.59255 -0.97891
v 0.87310 3.31758 -1.11322
v 0.89262 3.33207 -1.19879
v 0.94921 3.34862 -1.26143
v 1.02769 3.36281 -1.28436
v 1.10703 3.37083 -1.26143
v 1.16599 3.37053 -1.19879
v 1.18875 3.36199 -1.11322
v 1.16923 3.34751 -1.02766
v 1.11264 3.33096 -0.96501
v 1.03416 3.31677 -0.94209
v 0.95482 3.30875 -0.96501
v 0.89586 3.30905 -1.02766
v 0.93936 3.00454 -1.15640
v 0.95621 3.01670 -1.23333
v 1.00499 3.03084 -1.28965
v 1.07263 3.04318 -1.31026
v 1.14101 3.05041 -1.28965
v 1.19180 3.05059 -1.23333
v 1.21140 3.04367 -1.15640
v 1.19454 3.03151 -1.07947
v 1.14576 3.01737 -1.02315
v 1.07812 3.00503 -1.00254
v 1.00975 2.99780 -1.02315
v 0.95896 2.99762 -1.07947
v 1.00497 2.66584 -1.19620
v 1.02007 2.67493 -1.26684
v 1.06336 2.68648 -1.31855
v 1.12322 2.69739 -1.33748
v 1.18363 2.70473 -1.31855
v 1.22839 2.70655 -1.26684
v 1.24551 2.70235 -1.19620
v 1.23040 2.69325 -1.12556
v 1.18712 2.68171 -1.07384
v 1.12726 2.67080 -1.05492
v 1.06685 2.66345 -1.07384
v 1.02209 2.66164 -1.12556
v 1.06980 2.28020 -1.22626
v 1.08455 2.28740 -1.29442
v 1.12635 2.29758 -1.34432
v 1.18400 2.30800 -1.36258
v 1.24205 2.31589 -1.34432
v 1.28495 2.31912 -1.29442
v 1.30120 2.31684 -1.22626
v 1.28645 2.30964 -1.15809
v 1.24465 2.29946 -1.10819
v 1.18700 2.28903 -1.08993
v 1.12895 2.28115 -1.10819
v 1.08605 2.27792 -1.15809
v 1.13380 1.86999 -1.25293
v 1.14869 1.87774 -1.32068
v 1.19104 1.88840 -1.37028
v 1.24950 1.89912 -1.38843
v 1.30840 1.90702 -1.37028
v 1.35197 1.91000 -1.32068
v 1.36853 1.90724 -1.25293
v 1.35364 1.89950 -1.18518
v 1.31129 1.88884 -1.13559
v 1.25283 1.87812 -1.11743
v 1.19393 1.87021 -1.13559
v 1.15036 1.86724 -1.18518
v 1.19247 1.51086 -1.28744
v 1.20661 1.52170 -1.35277
v 1.24785 1.53435 -1.40059
v 1.30512 1.54541 -1.41810
v 1.36309 1.55193 -1.40059
v 1.40622 1.55216 -1.35277
v 1.42296 1.54603 -1.28744
v 1.40881 1.53519 -1.22210
v 1.36757 1.52254 -1.17428
v 1.31030 1.51147 -1.15677
v 1.25233 1.50495 -1.17428
v 1.20920 1.50473 -1.22210
v 1.24516 1.23978 -1.33720
v 1.25717 1.25401 -1.39522
v 1.29350 1.26836 -1.43769
v 1.34441 1.27900 -1.45323
v 1.39627 1.28307 -1.43769
v 1.43517 1.27948 -1.39522
v 1.45069 1.26920 -1.33720
v 1.43867 1.25498 -1.27919
v 1.40234 1.24062 -1.23671
v 1.35143 1.22999 -1.22117
v 1.29958 1.22592 -1.23671
v 1.26068 1.22950 -1.27919
v 1.29273 1.01832 -1.39480
v 1.30255 1.03243 -1.44427
v 1.33287 1.04597 -1.48049
v 1.37554 1.05530 -1.49375
v 1.41915 1.05792 -1.48049
v 1.45200 1.05314 -1.44427
v 1.46529 1.04222 -1.39480
v 1.45546 1.02811 -1.34532
v 1.42515 1.01457 -1.30910
v 1.38248 1.00524 -1.29585
v 1.33887 1.00262 -1.30910
v 1.30602 1.00740 -1.34532
v 1.33278 0.80980 -1.44913
v 1.34138 0.82179 -1.49348
v 1.36786 0.83339 -1.52594
v 1.40511 0.84150 -1.53783
v 1.44315 0.84394 -1.52594
v 1.47179 0.84006 -1.49348
v 1.48336 0.83090 -1.44913
v 1.47476 0.81892 -1.40477
v 1.44828 0.80732 -1.37231
v 1.41103 0.79921 -1.36042
v 1.37299 0.79676 -1.37231
v 1.34434 0.80064 -1.40477
v 1.36456 0.58557 -1.50030
v 1.37323 0.59696 -1.54479
v 1.39975 0.60816 -1.57737
v 1.43701 0.61616 -1.58929
v 1.47503 0.61883 -1.57737
v 1.50361 0.61544 -1.54479
v 1.51511 0.60691 -1.50030
v 1.50644 0.59552 -1.45580
v 1.47992 0.58433 -1.42323
v 1.44266 0.57632 -1.41131
v 1.40464 0.57366 -1.42323
v 1.37605 0.57704 -1.45580
v 1.38872 0.37498 -1.54821
v 1.39805 0.38709 -1.59545
v 1.42655 0.39903 -1.63003
v 1.46657 0.40759 -1.64269
v 1.50740 0.41049 -1.63003
v 1.53809 0.40694 -1.59545
v 1.55042 0.39790 -1.54821
v 1.54109 0.38579 -1.50097
v 1.51259 0.37385 -1.46638
v 1.47257 0.36529 -1.45373
v 1.43174 0.36239 -1.46638
v 1.40105 0.36594 -1.50097
v 1.40487 0.22892 -1.58142
v 1.41473 0.24160 -1.63086
v 1.44481 0.25413 -1.66705
v 1.48704 0.26314 -1.68029
v 1.53012 0.26622 -1.66705
v 1.56250 0.26255 -1.63086
v 1.57550 0.25310 -1.58142
v 1.56563 0.24041 -1.53198
v 1.53556 0.22788 -1.49579
v 1.49332 0.21887 -1.48254
v 1.45024 0.21579 -1.49579
v 1.41787 0.21947 -1.53198
v 0.32439 5.15759 -0.65892
v 1.49018 0.24101 -1.58142
f 5731 5732 5744
f 5731 5744 5743
f 5732 5733 5745
f 5732 5745 5744
f 5733 5734 5746
f 5733 5746 5745
f 5734 5735 5747
f 5734 5747 5746
f 5735 5736 5748
f 5735 5748 5747
f 5736 5737 5749
f 5736 5749 5748
f 5737 5738 5750
f 5737 5750 5749
f 5738 5739 5751
f 5738 5751 5750
f 5739 5740 5752
f 5739 5752 5751
f 5740 5741 5753
f 5740 5753 5752
f 5741 5742 5754
f 5741 5754 5753
f 5742 5731 5743
f 5742 5743 5754
f 5743 5744 5756
f 5743 5756 5755
f 5744 5745 5757
f 5744 5757 5756
f 5745 5746 5758
f 5745 5758 5757
f 5746 5747 5759
f 5746 5759 5758
f 5747 5748 5760
f 5747 5760 5759
f 5748 5749 5761
f 5748 5761 5760
f 5749 5750 5762
f 5749 5762 5761
f 5750 5751 5763
f 5750 5763 5762
f 5751 5752 5764
f 5751 5764 5763
f 5752 5753 5765
f 5752 5765 5764
f 5753 5754 5766
f 5753 5766 5765
f 5754 5743 5755
f 5754 5755 5766
f 5755 5756 5768
f 5755 5768 5767
f 5756 5757 5769
f 5756 5769 5768
f 5757 5758 5770
f 5757 5770 5769
f 5758 5759 5771
f 5758 5771 5770
f 5759 5760 5772
f 5759 5772 5771
f 5760 5761 5773
f 5760 5773 5772
f 5761 5762 5774
f 5761 5774 5773
f 5762 5763 5775
f 5762 5775 5774
f 5763 5764 5776
f 5763 5776 5775
f 5764 5765 5777
f 5764 5777 5776
f 5765 5766 5778
f 5765 5778 5777
f 5766 5755 5767
f 5766 5767 5778
f 5767 5768 5780
f 5767 5780 5779
f 5768 5769 5781
f 5768 5781 5780
f 5769 5770 5782
f 5769 5782 5781
f 5770 5771 5783
f 5770 5783 5782
f 5771 5772 5784
f 5771 5784 5783
f 5772 5773 5785
f 5772 5785 5784
f 5773 5774 5786
f 5773 5786 5785
f 5774 5775 5787
f 5774 5787 5786
f 5775 5776 5788
f 5775 5788 5787
f 5776 5777 5789
f 5776 5789 5788
f 5777 5778 5790
f 5777 5790 5789
f 5778 5767 5779
f 5778 5779 5790
f 5779 5780 5792
f 5779 5792 5791
f 5780 5781 5793
f 5780 5793 5792
f 5781 5782 5794
f 5781 5794 5793
f 5782 5783 5795
f 5782 5795 5794
f 5783 5784 5796
f 5783 5796 5795
f 5784 5785 5797
f 5784 5797 5796
f 5785 5786 5798
f 5785 5798 5797
f 5786 5787 5799
f 5786 5799 5798
f 5787 5788 5800
f 5787 5800 5799
f 5788 5789 5801
f 5788 5801 5800
f 5789 5790 5802
f 5789 5802 5801
f 5790 5779 5791
f 5790 5791 5802
f 5791 5792 5804
f 5791 5804 5803
f 5792 5793 5805
f 5792 5805 5804
f 5793 5794 5806
f 5793 5806 5805
f 5794 5795 5807
f 5794 5807 5806
f 5795 5796 5808
f 5795 5808 5807
f 5796 5797 5809
f 5796 5809 5808
f 5797 5798 5810
f 5797 5810 5809
f 5798 5799 5811
f 5798 5811 5810
f 5799 5800 5812
f 5799 5812 5811
f 5800 5801 5813
f 5800 5813 5812
f 5801 5802 5814
f 5801 5814 5813
f 5802 5791 5803
f 5802 5803 5814
f 5803 5804 5816
f 5803 5816 5815
f 5804 5805 5817
f 5804 5817 5816
f 5805 5806 5818
f 5805 5818 5817
f 5806 5807 5819
f 5806 5819 5818
f 5807 5808 5820
f 5807 5820 5819
f 5808 5809 5821
f 5808 5821 5820
f 5809 5810 5822
f 5809 5822 5821
f 5810 5811 5823
f 5810 5823 5822
f 5811 5812 5824
f 5811 5824 5823
f 5812 5813 5825
f 5812 5825 5824
f 5813 5814 5826
f 5813 5826 5825
f 5814 5803 5815
f 5814 5815 5826
f 5815 5816 5828
f 5815 5828 5827
f 5816 5817 5829
f 5816 5829 5828
f 5817 5818 5830
f 5817 5830 5829
f 5818 5819 5831
f 5818 5831 5830
f 5819 5820 5832
f 5819 5832 5831
f 5820 5821 5833
f 5820 5833 5832
f 5821 5822 5834
f 5821 5834 5833
f 5822 5823 5835
f 5822 5835 5834
f 5823 5824 5836
f 5823 5836 5835
f 5824 5825 5837
f 5824 5837 5836
f 5825 5826 5838
f 5825 5838 5837
f 5826 5815 5827
f 5826 5827 5838
f 5827 5828 5840
f 5827 5840 5839
f 5828 5829 5841
f 5828 5841 5840
f 5829 5830 5842
f 5829 5842 5841
f 5830 5831 5843
f 5830 5843 5842
f 5831 5832 5844
f 5831 5844 5843
f 5832 5833 5845
f 5832 5845 5844
f 5833 5834 5846
f 5833 5846 5845
f 5834 5835 5847
f 5834 5847 5846
f 5835 5836 5848
f 5835 5848 5847
f 5836 5837 5849
f 5836 5849 5848
f 5837 5838 5850
f 5837 5850 5849
f 5838 5827 5839
f 5838 5839 5850
f 5839 5840 5852
f 5839 5852 5851
f 5840 5841 5853
f 5840 5853 5852
f 5841 5842 5854
f 5841 5854 5853
f 5842 5843 5855
f 5842 5855 5854
f 5843 5844 5856
f 5843 5856 5855
f 5844 5845 5857
f 5844 5857 5856
f 5845 5846 5858
f 5845 5858 5857
f 5846 5847 5859
f 5846 5859 5858
f 5847 5848 5860
f 5847 5860 5859
f 5848 5849 5861
f 5848 5861 5860
f 5849 5850 5862
f 5849 5862 5861
f 5850 5839 5851
f 5850 5851 5862
f 5851 5852 5864
f 5851 5864 5863
f 5852 5853 5865
f 5852 5865 5864
f 5853 5854 5866
f 5853 5866 5865
f 5854 5855 5867
f 5854 5867 5866
f 5855 5856 5868
f 5855 5868 5867
f 5856 5857 5869
f 5856 5869 5868
f 5857 5858 5870
f 5857 5870 5869
f 5858 5859 5871
f 5858 5871 5870
f 5859 5860 5872
f 5859 5872 5871
f 5860 5861 5873
f 5860 5873 5872
f 5861 5862 5874
f 5861 5874 5873
f 5862 5851 5863
f 5862 5863 5874
f 5863 5864 5876
f 5863 5876 5875
f 5864 5865 5877
f 5864 5877 5876
f 5865 5866 5878
f 5865 5878 5877
f 5866 5867 5879
f 5866 5879 5878
f 5867 5868 5880
f 5867 5880 5879
f 5868 5869 5881
f 5868 5881 5880
f 5869 5870 5882
f 5869 5882 5881
f 5870 5871 5883
f 5870 5883 5882
f 5871 5872 5884
f 5871 5884 5883
f 5872 5873 5885
f 5872 5885 5884
f 5873 5874 5886
f 5873 5886 5885
f 5874 5863 5875
f 5874 5875 5886
f 5875 5876 5888
f 5875 5888 5887
f 5876 5877 5889
f 5876 5889 5888
f 5877 5878 5890
f 5877 5890 5889
f 5878 5879 5891
f 5878 5891 5890
f 5879 5880 5892
f 5879 5892 5891
f 5880 5881 5893
f 5880 5893 5892
f 5881 5882 5894
f 5881 5894 5893
f 5882 5883 5895
f 5882 5895 5894
f 5883 5884 5896
f 5883 5896 5895
f 5884 5885 5897
f 5884 5897 5896
f 5885 5886 5898
f 5885 5898 5897
f 5886 5875 5887
f 5886 5887 5898
f 5887 5888 5900
f 5887 5900 5899
f 5888 5889 5901
f 5888 5901 5900
f 5889 5890 5902
f 5889 5902 5901
f 5890 5891 5903
f 5890 5903 5902
f 5891 5892 5904
f 5891 5904 5903
f 5892 5893 5905
f 5892 5905 5904
f 5893 5894 5906
f 5893 5906 5905
f 5894 5895 5907
f 5894 5907 5906
f 5895 5896 5908
f 5895 5908 5907
f 5896 5897 5909
f 5896 5909 5908
f 5897 5898 5910
f 5897 5910 5909
f 5898 5887 5899
f 5898 5899 5910
f 5899 5900 5912
f 5899 5912 5911
f 5900 5901 5913
f 5900 5913 5912
f 5901 5902 5914
f 5901 5914 5913
f 5902 5903 5915
f 5902 5915 5914
f 5903 5904 5916
f 5903 5916 5915
f 5904 5905 5917
f 5904 5917 5916
f 5905 5906 5918
f 5905 5918 5917
f 5906 5907 5919
f 5906 5919 5918
f 5907 5908 5920
f 5907 5920 5919
f 5908 5909 5921
f 5908 5921 5920
f 5909 5910 5922
f 5909 5922 5921
f 5910 5899 5911
f 5910 5911 5922
f 5911 5912 5924
f 5911 5924 5923
f 5912 5913 5925
f 5912 5925 5924
f 5913 5914 5926
f 5913 5926 5925
f 5914 5915 5927
f 5914 5927 5926
f 5915 5916 5928
f 5915 5928 5927
f 5916 5917 5929
f 5916 5929 5928
f 5917 5918 5930
f 5917 5930 5929
f 5918 5919 5931
f 5918 5931 5930
f 5919 5920 5932
f 5919 5932 5931
f 5920 5921 5933
f 5920 5933 5932
f 5921 5922 5934
f 5921 5934 5933
f 5922 5911 5923
f 5922 5923 5934
f 5923 5924 5936
f 5923 5936 5935
f 5924 5925 5937
f 5924 5937 5936
f 5925 5926 5938
f 5925 5938 5937
f 5926 5927 5939
f 5926 5939 5938
f 5927 5928 5940
f 5927 5940 5939
f 5928 5929 5941
f 5928 5941 5940
f 5929 5930 5942
f 5929 5942 5941
f 5930 5931 5943
f 5930 5943 5942
f 5931 5932 5944
f 5931 5944 5943
f 5932 5933 5945
f 5932 5945 5944
f 5933 5934 5946
f 5933 5946 5945
f 5934 5923 5935
f 5934 5935 5946
f 5935 5936 5948
f 5935 5948 5947
f 5936 5937 5949
f 5936 5949 5948
f 5937 5938 5950
f 5937 5950 5949
f 5938 5939 5951
f 5938 5951 5950
f 5939 5940 5952
f 5939 5952 5951
f 5940 5941 5953
f 5940 5953 5952
f 5941 5942 5954
f 5941 5954 5953
f 5942 5943 5955
f 5942 5955 5954
f 5943 5944 5956
f 5943 5956 5955
f 5944 5945 5957
f 5944 5957 5956
f 5945 5946 5958
f 5945 5958 5957
f 5946 5935 5947
f 5946 5947 5958
f 5959 5732 5731
f 5959 5733 5732
f 5959 5734 5733
f 5959 5735 5734
f 5959 5736 5735
f 5959 5737 5736
f 5959 5738 5737
f 5959 5739 5738
f 5959 5740 5739
f 5959 5741 5740
f 5959 5742 5741
f 5959 5731 5742
f 5960 5947 5948
f 5960 5948 5949
f 5960 5949 5950
f 5960 5950 5951
f 5960 5951 5952
f 5960 5952 5953
f 5960 5953 5954
f 5960 5954 5955
f 5960 5955 5956
f 5960 5956 5957
f 5960 5957 5958
f 5960 5958 5947
o Ilyth_Shoulder_R_Rear
usemtl grown_mineral
s 1
v 0.94125 3.87029 -0.99345
v 0.94098 3.87029 -0.99588
v 0.94021 3.87029 -0.99793
v 0.93906 3.87029 -0.99931
v 0.93770 3.87029 -0.99979
v 0.93634 3.87029 -0.99931
v 0.93519 3.87029 -0.99793
v 0.93442 3.87029 -0.99588
v 0.93415 3.87029 -0.99345
v 0.93442 3.87029 -0.99103
v 0.93519 3.87029 -0.98897
v 0.93634 3.87029 -0.98760
v 0.93770 3.87029 -0.98712
v 0.93906 3.87029 -0.98760
v 0.94021 3.87029 -0.98897
v 0.94098 3.87029 -0.99103
v 0.95535 3.87751 -0.99345
v 0.95401 3.87751 -1.00552
v 0.95018 3.87751 -1.01575
v 0.94445 3.87751 -1.02258
v 0.93770 3.87751 -1.02498
v 0.93094 3.87751 -1.02258
v 0.92522 3.87751 -1.01575
v 0.92139 3.87751 -1.00552
v 0.92005 3.87751 -0.99345
v 0.92139 3.87751 -0.98139
v 0.92522 3.87751 -0.97116
v 0.93094 3.87751 -0.96433
v 0.93770 3.87751 -0.96193
v 0.94445 3.87751 -0.96433
v 0.95018 3.87751 -0.97116
v 0.95401 3.87751 -0.98139
v 0.97537 3.88875 -0.99345
v 0.97250 3.88875 -1.01920
v 0.96434 3.88875 -1.04102
v 0.95212 3.88875 -1.05560
v 0.93770 3.88875 -1.06073
v 0.92328 3.88875 -1.05560
v 0.91106 3.88875 -1.04102
v 0.90289 3.88875 -1.01920
v 0.90003 3.88875 -0.99345
v 0.90289 3.88875 -0.96771
v 0.91106 3.88875 -0.94589
v 0.92328 3.88875 -0.93130
v 0.93770 3.88875 -0.92618
v 0.95212 3.88875 -0.93130
v 0.96434 3.88875 -0.94589
v 0.97250 3.88875 -0.96771
v 0.99446 3.90654 -0.99345
v 0.99014 3.90654 -1.03224
v 0.97783 3.90654 -1.06512
v 0.95942 3.90654 -1.08710
v 0.93770 3.90654 -1.09481
v 0.91598 3.90654 -1.08710
v 0.89756 3.90654 -1.06512
v 0.88526 3.90654 -1.03224
v 0.88094 3.90654 -0.99345
v 0.88526 3.90654 -0.95467
v 0.89756 3.90654 -0.92178
v 0.91598 3.90654 -0.89981
v 0.93770 3.90654 -0.89210
v 0.95942 3.90654 -0.89981
v 0.97783 3.90654 -0.92178
v 0.99014 3.90654 -0.95467
v 1.01058 3.93223 -0.99345
v 1.00503 3.93223 -1.04326
v 0.98923 3.93223 -1.08548
v 0.96559 3.93223 -1.11369
v 0.93770 3.93223 -1.12360
v 0.90981 3.93223 -1.11369
v 0.88616 3.93223 -1.08548
v 0.87036 3.93223 -1.04326
v 0.86482 3.93223 -0.99345
v 0.87036 3.93223 -0.94365
v 0.88616 3.93223 -0.90143
v 0.90981 3.93223 -0.87321
v 0.93770 3.93223 -0.86331
v 0.96559 3.93223 -0.87321
v 0.98923 3.93223 -0.90143
v 1.00503 3.93223 -0.94365
v 1.02577 3.96447 -0.99345
v 1.01907 3.96447 -1.05364
v 0.99998 3.96447 -1.10466
v 0.97140 3.96447 -1.13876
v 0.93770 3.96447 -1.15073
v 0.90399 3.96447 -1.13876
v 0.87542 3.96447 -1.10466
v 0.85633 3.96447 -1.05364
v 0.84963 3.96447 -0.99345
v 0.85633 3.96447 -0.93327
v 0.87542 3.96447 -0.88224
v 0.90399 3.96447 -0.84815
v 0.93770 3.96447 -0.83618
v 0.97140 3.96447 -0.84815
v 0.99998 3.96447 -0.88224
v 1.01907 3.96447 -0.93327
v 1.03930 4.00171 -0.99345
v 1.03157 4.00171 -1.06288
v 1.00954 4.00171 -1.12174
v 0.97658 4.00171 -1.16107
v 0.93770 4.00171 -1.17488
v 0.89882 4.00171 -1.16107
v 0.86586 4.00171 -1.12174
v 0.84383 4.00171 -1.06288
v 0.83610 4.00171 -0.99345
v 0.84383 4.00171 -0.92402
v 0.86586 4.00171 -0.86516
v 0.89882 4.00171 -0.82584
v 0.93770 4.00171 -0.81202
v 0.97658 4.00171 -0.82584
v 1.00954 4.00171 -0.86516
v 1.03157 4.00171 -0.92402
v 1.05108 4.04417 -0.99345
v 1.04245 4.04417 -1.07093
v 1.01787 4.04417 -1.13662
v 0.98109 4.04417 -1.18051
v 0.93770 4.04417 -1.19592
v 0.89431 4.04417 -1.18051
v 0.85753 4.04417 -1.13662
v 0.83295 4.04417 -1.07093
v 0.82432 4.04417 -0.99345
v 0.83295 4.04417 -0.91597
v 0.85753 4.04417 -0.85029
v 0.89431 4.04417 -0.80640
v 0.93770 4.04417 -0.79099
v 0.98109 4.04417 -0.80640
v 1.01787 4.04417 -0.85029
v 1.04245 4.04417 -0.91597
v 1.06119 4.09162 -0.99345
v 1.05179 4.09162 -1.07785
v 1.02502 4.09162 -1.14939
v 0.98496 4.09162 -1.19719
v 0.93770 4.09162 -1.21398
v 0.89044 4.09162 -1.19719
v 0.85037 4.09162 -1.14939
v 0.82360 4.09162 -1.07785
v 0.81420 4.09162 -0.99345
v 0.82360 4.09162 -0.90906
v 0.85037 4.09162 -0.83752
v 0.89044 4.09162 -0.78971
v 0.93770 4.09162 -0.77293
v 0.98496 4.09162 -0.78971
v 1.02502 4.09162 -0.83752
v 1.05179 4.09162 -0.90906
v 1.06915 4.14177 -0.99345
v 1.05915 4.14177 -1.08329
v 1.03065 4.14177 -1.15944
v 0.98800 4.14177 -1.21033
v 0.93770 4.14177 -1.22820
v 0.88739 4.14177 -1.21033
v 0.84475 4.14177 -1.15944
v 0.81625 4.14177 -1.08329
v 0.80624 4.14177 -0.99345
v 0.81625 4.14177 -0.90362
v 0.84475 4.14177 -0.82747
v 0.88739 4.14177 -0.77658
v 0.93770 4.14177 -0.75871
v 0.98800 4.14177 -0.77658
v 1.03065 4.14177 -0.82747
v 1.05915 4.14177 -0.90362
v 1.07486 4.19474 -0.99345
v 1.06441 4.19474 -1.08718
v 1.03468 4.19474 -1.16664
v 0.99019 4.19474 -1.21973
v 0.93770 4.19474 -1.23838
v 0.88521 4.19474 -1.21973
v 0.84072 4.19474 -1.16664
v 0.81098 4.19474 -1.08718
v 0.80054 4.19474 -0.99345
v 0.81098 4.19474 -0.89973
v 0.84072 4.19474 -0.82027
v 0.88521 4.19474 -0.76718
v 0.93770 4.19474 -0.74853
v 0.99019 4.19474 -0.76718
v 1.03468 4.19474 -0.82027
v 1.06441 4.19474 -0.89973
v 1.07840 4.25040 -0.99345
v 1.06769 4.25040 -1.08960
v 1.03719 4.25040 -1.17112
v 0.99154 4.25040 -1.22558
v 0.93770 4.25040 -1.24471
v 0.88385 4.25040 -1.22558
v 0.83821 4.25040 -1.17112
v 0.80771 4.25040 -1.08960
v 0.79700 4.25040 -0.99345
v 0.80771 4.25040 -0.89730
v 0.83821 4.25040 -0.81579
v 0.88385 4.25040 -0.76133
v 0.93770 4.25040 -0.74220
v 0.99154 4.25040 -0.76133
v 1.03719 4.25040 -0.81579
v 1.06769 4.25040 -0.89730
v 1.07962 4.30606 -0.99345
v 1.06882 4.30606 -1.09044
v 1.03805 4.30606 -1.17266
v 0.99201 4.30606 -1.22759
v 0.93770 4.30606 -1.24689
v 0.88339 4.30606 -1.22759
v 0.83735 4.30606 -1.17266
v 0.80658 4.30606 -1.09044
v 0.79578 4.30606 -0.99345
v 0.80658 4.30606 -0.89647
v 0.83735 4.30606 -0.81425
v 0.88339 4.30606 -0.75931
v 0.93770 4.30606 -0.74002
v 0.99201 4.30606 -0.75931
v 1.03805 4.30606 -0.81425
v 1.06882 4.30606 -0.89647
v 1.07840 4.36172 -0.99345
v 1.06769 4.36172 -1.08960
v 1.03719 4.36172 -1.17112
v 0.99154 4.36172 -1.22558
v 0.93770 4.36172 -1.24471
v 0.88385 4.36172 -1.22558
v 0.83821 4.36172 -1.17112
v 0.80771 4.36172 -1.08960
v 0.79700 4.36172 -0.99345
v 0.80771 4.36172 -0.89730
v 0.83821 4.36172 -0.81579
v 0.88385 4.36172 -0.76133
v 0.93770 4.36172 -0.74220
v 0.99154 4.36172 -0.76133
v 1.03719 4.36172 -0.81579
v 1.06769 4.36172 -0.89730
v 1.07486 4.41738 -0.99345
v 1.06441 4.41738 -1.08718
v 1.03468 4.41738 -1.16664
v 0.99019 4.41738 -1.21973
v 0.93770 4.41738 -1.23838
v 0.88521 4.41738 -1.21973
v 0.84072 4.41738 -1.16664
v 0.81098 4.41738 -1.08718
v 0.80054 4.41738 -0.99345
v 0.81098 4.41738 -0.89973
v 0.84072 4.41738 -0.82027
v 0.88521 4.41738 -0.76718
v 0.93770 4.41738 -0.74853
v 0.99019 4.41738 -0.76718
v 1.03468 4.41738 -0.82027
v 1.06441 4.41738 -0.89973
v 1.06915 4.47035 -0.99345
v 1.05915 4.47035 -1.08329
v 1.03065 4.47035 -1.15944
v 0.98800 4.47035 -1.21033
v 0.93770 4.47035 -1.22820
v 0.88739 4.47035 -1.21033
v 0.84475 4.47035 -1.15944
v 0.81625 4.47035 -1.08329
v 0.80624 4.47035 -0.99345
v 0.81625 4.47035 -0.90362
v 0.84475 4.47035 -0.82747
v 0.88739 4.47035 -0.77658
v 0.93770 4.47035 -0.75871
v 0.98800 4.47035 -0.77658
v 1.03065 4.47035 -0.82747
v 1.05915 4.47035 -0.90362
v 1.06119 4.52050 -0.99345
v 1.05179 4.52050 -1.07785
v 1.02502 4.52050 -1.14939
v 0.98496 4.52050 -1.19719
v 0.93770 4.52050 -1.21398
v 0.89044 4.52050 -1.19719
v 0.85037 4.52050 -1.14939
v 0.82360 4.52050 -1.07785
v 0.81420 4.52050 -0.99345
v 0.82360 4.52050 -0.90906
v 0.85037 4.52050 -0.83752
v 0.89044 4.52050 -0.78971
v 0.93770 4.52050 -0.77293
v 0.98496 4.52050 -0.78971
v 1.02502 4.52050 -0.83752
v 1.05179 4.52050 -0.90906
v 1.05108 4.56795 -0.99345
v 1.04245 4.56795 -1.07093
v 1.01787 4.56795 -1.13662
v 0.98109 4.56795 -1.18051
v 0.93770 4.56795 -1.19592
v 0.89431 4.56795 -1.18051
v 0.85753 4.56795 -1.13662
v 0.83295 4.56795 -1.07093
v 0.82432 4.56795 -0.99345
v 0.83295 4.56795 -0.91597
v 0.85753 4.56795 -0.85029
v 0.89431 4.56795 -0.80640
v 0.93770 4.56795 -0.79099
v 0.98109 4.56795 -0.80640
v 1.01787 4.56795 -0.85029
v 1.04245 4.56795 -0.91597
v 1.03930 4.61041 -0.99345
v 1.03157 4.61041 -1.06288
v 1.00954 4.61041 -1.12174
v 0.97658 4.61041 -1.16107
v 0.93770 4.61041 -1.17488
v 0.89882 4.61041 -1.16107
v 0.86586 4.61041 -1.12174
v 0.84383 4.61041 -1.06288
v 0.83610 4.61041 -0.99345
v 0.84383 4.61041 -0.92402
v 0.86586 4.61041 -0.86516
v 0.89882 4.61041 -0.82584
v 0.93770 4.61041 -0.81202
v 0.97658 4.61041 -0.82584
v 1.00954 4.61041 -0.86516
v 1.03157 4.61041 -0.92402
v 1.02577 4.64764 -0.99345
v 1.01907 4.64764 -1.05364
v 0.99998 4.64764 -1.10466
v 0.97140 4.64764 -1.13876
v 0.93770 4.64764 -1.15073
v 0.90399 4.64764 -1.13876
v 0.87542 4.64764 -1.10466
v 0.85633 4.64764 -1.05364
v 0.84963 4.64764 -0.99345
v 0.85633 4.64764 -0.93327
v 0.87542 4.64764 -0.88224
v 0.90399 4.64764 -0.84815
v 0.93770 4.64764 -0.83618
v 0.97140 4.64764 -0.84815
v 0.99998 4.64764 -0.88224
v 1.01907 4.64764 -0.93327
v 1.01058 4.67989 -0.99345
v 1.00503 4.67989 -1.04326
v 0.98923 4.67989 -1.08548
v 0.96559 4.67989 -1.11369
v 0.93770 4.67989 -1.12360
v 0.90981 4.67989 -1.11369
v 0.88616 4.67989 -1.08548
v 0.87036 4.67989 -1.04326
v 0.86482 4.67989 -0.99345
v 0.87036 4.67989 -0.94365
v 0.88616 4.67989 -0.90143
v 0.90981 4.67989 -0.87321
v 0.93770 4.67989 -0.86331
v 0.96559 4.67989 -0.87321
v 0.98923 4.67989 -0.90143
v 1.00503 4.67989 -0.94365
v 0.99446 4.70558 -0.99345
v 0.99014 4.70558 -1.03224
v 0.97783 4.70558 -1.06512
v 0.95942 4.70558 -1.08710
v 0.93770 4.70558 -1.09481
v 0.91598 4.70558 -1.08710
v 0.89756 4.70558 -1.06512
v 0.88526 4.70558 -1.03224
v 0.88094 4.70558 -0.99345
v 0.88526 4.70558 -0.95467
v 0.89756 4.70558 -0.92178
v 0.91598 4.70558 -0.89981
v 0.93770 4.70558 -0.89210
v 0.95942 4.70558 -0.89981
v 0.97783 4.70558 -0.92178
v 0.99014 4.70558 -0.95467
v 0.97537 4.72337 -0.99345
v 0.97250 4.72337 -1.01920
v 0.96434 4.72337 -1.04102
v 0.95212 4.72337 -1.05560
v 0.93770 4.72337 -1.06073
v 0.92328 4.72337 -1.05560
v 0.91106 4.72337 -1.04102
v 0.90289 4.72337 -1.01920
v 0.90003 4.72337 -0.99345
v 0.90289 4.72337 -0.96771
v 0.91106 4.72337 -0.94589
v 0.92328 4.72337 -0.93130
v 0.93770 4.72337 -0.92618
v 0.95212 4.72337 -0.93130
v 0.96434 4.72337 -0.94589
v 0.97250 4.72337 -0.96771
v 0.95535 4.73461 -0.99345
v 0.95401 4.73461 -1.00552
v 0.95018 4.73461 -1.01575
v 0.94445 4.73461 -1.02258
v 0.93770 4.73461 -1.02498
v 0.93094 4.73461 -1.02258
v 0.92522 4.73461 -1.01575
v 0.92139 4.73461 -1.00552
v 0.92005 4.73461 -0.99345
v 0.92139 4.73461 -0.98139
v 0.92522 4.73461 -0.97116
v 0.93094 4.73461 -0.96433
v 0.93770 4.73461 -0.96193
v 0.94445 4.73461 -0.96433
v 0.95018 4.73461 -0.97116
v 0.95401 4.73461 -0.98139
v 0.94125 4.74183 -0.99345
v 0.94098 4.74183 -0.99588
v 0.94021 4.74183 -0.99793
v 0.93906 4.74183 -0.99931
v 0.93770 4.74183 -0.99979
v 0.93634 4.74183 -0.99931
v 0.93519 4.74183 -0.99793
v 0.93442 4.74183 -0.99588
v 0.93415 4.74183 -0.99345
v 0.93442 4.74183 -0.99103
v 0.93519 4.74183 -0.98897
v 0.93634 4.74183 -0.98760
v 0.93770 4.74183 -0.98712
v 0.93906 4.74183 -0.98760
v 0.94021 4.74183 -0.98897
v 0.94098 4.74183 -0.99103
v 0.93770 3.87029 -0.99345
v 0.93770 4.74183 -0.99345
f 5961 5962 5978
f 5961 5978 5977
f 5962 5963 5979
f 5962 5979 5978
f 5963 5964 5980
f 5963 5980 5979
f 5964 5965 5981
f 5964 5981 5980
f 5965 5966 5982
f 5965 5982 5981
f 5966 5967 5983
f 5966 5983 5982
f 5967 5968 5984
f 5967 5984 5983
f 5968 5969 5985
f 5968 5985 5984
f 5969 5970 5986
f 5969 5986 5985
f 5970 5971 5987
f 5970 5987 5986
f 5971 5972 5988
f 5971 5988 5987
f 5972 5973 5989
f 5972 5989 5988
f 5973 5974 5990
f 5973 5990 5989
f 5974 5975 5991
f 5974 5991 5990
f 5975 5976 5992
f 5975 5992 5991
f 5976 5961 5977
f 5976 5977 5992
f 5977 5978 5994
f 5977 5994 5993
f 5978 5979 5995
f 5978 5995 5994
f 5979 5980 5996
f 5979 5996 5995
f 5980 5981 5997
f 5980 5997 5996
f 5981 5982 5998
f 5981 5998 5997
f 5982 5983 5999
f 5982 5999 5998
f 5983 5984 6000
f 5983 6000 5999
f 5984 5985 6001
f 5984 6001 6000
f 5985 5986 6002
f 5985 6002 6001
f 5986 5987 6003
f 5986 6003 6002
f 5987 5988 6004
f 5987 6004 6003
f 5988 5989 6005
f 5988 6005 6004
f 5989 5990 6006
f 5989 6006 6005
f 5990 5991 6007
f 5990 6007 6006
f 5991 5992 6008
f 5991 6008 6007
f 5992 5977 5993
f 5992 5993 6008
f 5993 5994 6010
f 5993 6010 6009
f 5994 5995 6011
f 5994 6011 6010
f 5995 5996 6012
f 5995 6012 6011
f 5996 5997 6013
f 5996 6013 6012
f 5997 5998 6014
f 5997 6014 6013
f 5998 5999 6015
f 5998 6015 6014
f 5999 6000 6016
f 5999 6016 6015
f 6000 6001 6017
f 6000 6017 6016
f 6001 6002 6018
f 6001 6018 6017
f 6002 6003 6019
f 6002 6019 6018
f 6003 6004 6020
f 6003 6020 6019
f 6004 6005 6021
f 6004 6021 6020
f 6005 6006 6022
f 6005 6022 6021
f 6006 6007 6023
f 6006 6023 6022
f 6007 6008 6024
f 6007 6024 6023
f 6008 5993 6009
f 6008 6009 6024
f 6009 6010 6026
f 6009 6026 6025
f 6010 6011 6027
f 6010 6027 6026
f 6011 6012 6028
f 6011 6028 6027
f 6012 6013 6029
f 6012 6029 6028
f 6013 6014 6030
f 6013 6030 6029
f 6014 6015 6031
f 6014 6031 6030
f 6015 6016 6032
f 6015 6032 6031
f 6016 6017 6033
f 6016 6033 6032
f 6017 6018 6034
f 6017 6034 6033
f 6018 6019 6035
f 6018 6035 6034
f 6019 6020 6036
f 6019 6036 6035
f 6020 6021 6037
f 6020 6037 6036
f 6021 6022 6038
f 6021 6038 6037
f 6022 6023 6039
f 6022 6039 6038
f 6023 6024 6040
f 6023 6040 6039
f 6024 6009 6025
f 6024 6025 6040
f 6025 6026 6042
f 6025 6042 6041
f 6026 6027 6043
f 6026 6043 6042
f 6027 6028 6044
f 6027 6044 6043
f 6028 6029 6045
f 6028 6045 6044
f 6029 6030 6046
f 6029 6046 6045
f 6030 6031 6047
f 6030 6047 6046
f 6031 6032 6048
f 6031 6048 6047
f 6032 6033 6049
f 6032 6049 6048
f 6033 6034 6050
f 6033 6050 6049
f 6034 6035 6051
f 6034 6051 6050
f 6035 6036 6052
f 6035 6052 6051
f 6036 6037 6053
f 6036 6053 6052
f 6037 6038 6054
f 6037 6054 6053
f 6038 6039 6055
f 6038 6055 6054
f 6039 6040 6056
f 6039 6056 6055
f 6040 6025 6041
f 6040 6041 6056
f 6041 6042 6058
f 6041 6058 6057
f 6042 6043 6059
f 6042 6059 6058
f 6043 6044 6060
f 6043 6060 6059
f 6044 6045 6061
f 6044 6061 6060
f 6045 6046 6062
f 6045 6062 6061
f 6046 6047 6063
f 6046 6063 6062
f 6047 6048 6064
f 6047 6064 6063
f 6048 6049 6065
f 6048 6065 6064
f 6049 6050 6066
f 6049 6066 6065
f 6050 6051 6067
f 6050 6067 6066
f 6051 6052 6068
f 6051 6068 6067
f 6052 6053 6069
f 6052 6069 6068
f 6053 6054 6070
f 6053 6070 6069
f 6054 6055 6071
f 6054 6071 6070
f 6055 6056 6072
f 6055 6072 6071
f 6056 6041 6057
f 6056 6057 6072
f 6057 6058 6074
f 6057 6074 6073
f 6058 6059 6075
f 6058 6075 6074
f 6059 6060 6076
f 6059 6076 6075
f 6060 6061 6077
f 6060 6077 6076
f 6061 6062 6078
f 6061 6078 6077
f 6062 6063 6079
f 6062 6079 6078
f 6063 6064 6080
f 6063 6080 6079
f 6064 6065 6081
f 6064 6081 6080
f 6065 6066 6082
f 6065 6082 6081
f 6066 6067 6083
f 6066 6083 6082
f 6067 6068 6084
f 6067 6084 6083
f 6068 6069 6085
f 6068 6085 6084
f 6069 6070 6086
f 6069 6086 6085
f 6070 6071 6087
f 6070 6087 6086
f 6071 6072 6088
f 6071 6088 6087
f 6072 6057 6073
f 6072 6073 6088
f 6073 6074 6090
f 6073 6090 6089
f 6074 6075 6091
f 6074 6091 6090
f 6075 6076 6092
f 6075 6092 6091
f 6076 6077 6093
f 6076 6093 6092
f 6077 6078 6094
f 6077 6094 6093
f 6078 6079 6095
f 6078 6095 6094
f 6079 6080 6096
f 6079 6096 6095
f 6080 6081 6097
f 6080 6097 6096
f 6081 6082 6098
f 6081 6098 6097
f 6082 6083 6099
f 6082 6099 6098
f 6083 6084 6100
f 6083 6100 6099
f 6084 6085 6101
f 6084 6101 6100
f 6085 6086 6102
f 6085 6102 6101
f 6086 6087 6103
f 6086 6103 6102
f 6087 6088 6104
f 6087 6104 6103
f 6088 6073 6089
f 6088 6089 6104
f 6089 6090 6106
f 6089 6106 6105
f 6090 6091 6107
f 6090 6107 6106
f 6091 6092 6108
f 6091 6108 6107
f 6092 6093 6109
f 6092 6109 6108
f 6093 6094 6110
f 6093 6110 6109
f 6094 6095 6111
f 6094 6111 6110
f 6095 6096 6112
f 6095 6112 6111
f 6096 6097 6113
f 6096 6113 6112
f 6097 6098 6114
f 6097 6114 6113
f 6098 6099 6115
f 6098 6115 6114
f 6099 6100 6116
f 6099 6116 6115
f 6100 6101 6117
f 6100 6117 6116
f 6101 6102 6118
f 6101 6118 6117
f 6102 6103 6119
f 6102 6119 6118
f 6103 6104 6120
f 6103 6120 6119
f 6104 6089 6105
f 6104 6105 6120
f 6105 6106 6122
f 6105 6122 6121
f 6106 6107 6123
f 6106 6123 6122
f 6107 6108 6124
f 6107 6124 6123
f 6108 6109 6125
f 6108 6125 6124
f 6109 6110 6126
f 6109 6126 6125
f 6110 6111 6127
f 6110 6127 6126
f 6111 6112 6128
f 6111 6128 6127
f 6112 6113 6129
f 6112 6129 6128
f 6113 6114 6130
f 6113 6130 6129
f 6114 6115 6131
f 6114 6131 6130
f 6115 6116 6132
f 6115 6132 6131
f 6116 6117 6133
f 6116 6133 6132
f 6117 6118 6134
f 6117 6134 6133
f 6118 6119 6135
f 6118 6135 6134
f 6119 6120 6136
f 6119 6136 6135
f 6120 6105 6121
f 6120 6121 6136
f 6121 6122 6138
f 6121 6138 6137
f 6122 6123 6139
f 6122 6139 6138
f 6123 6124 6140
f 6123 6140 6139
f 6124 6125 6141
f 6124 6141 6140
f 6125 6126 6142
f 6125 6142 6141
f 6126 6127 6143
f 6126 6143 6142
f 6127 6128 6144
f 6127 6144 6143
f 6128 6129 6145
f 6128 6145 6144
f 6129 6130 6146
f 6129 6146 6145
f 6130 6131 6147
f 6130 6147 6146
f 6131 6132 6148
f 6131 6148 6147
f 6132 6133 6149
f 6132 6149 6148
f 6133 6134 6150
f 6133 6150 6149
f 6134 6135 6151
f 6134 6151 6150
f 6135 6136 6152
f 6135 6152 6151
f 6136 6121 6137
f 6136 6137 6152
f 6137 6138 6154
f 6137 6154 6153
f 6138 6139 6155
f 6138 6155 6154
f 6139 6140 6156
f 6139 6156 6155
f 6140 6141 6157
f 6140 6157 6156
f 6141 6142 6158
f 6141 6158 6157
f 6142 6143 6159
f 6142 6159 6158
f 6143 6144 6160
f 6143 6160 6159
f 6144 6145 6161
f 6144 6161 6160
f 6145 6146 6162
f 6145 6162 6161
f 6146 6147 6163
f 6146 6163 6162
f 6147 6148 6164
f 6147 6164 6163
f 6148 6149 6165
f 6148 6165 6164
f 6149 6150 6166
f 6149 6166 6165
f 6150 6151 6167
f 6150 6167 6166
f 6151 6152 6168
f 6151 6168 6167
f 6152 6137 6153
f 6152 6153 6168
f 6153 6154 6170
f 6153 6170 6169
f 6154 6155 6171
f 6154 6171 6170
f 6155 6156 6172
f 6155 6172 6171
f 6156 6157 6173
f 6156 6173 6172
f 6157 6158 6174
f 6157 6174 6173
f 6158 6159 6175
f 6158 6175 6174
f 6159 6160 6176
f 6159 6176 6175
f 6160 6161 6177
f 6160 6177 6176
f 6161 6162 6178
f 6161 6178 6177
f 6162 6163 6179
f 6162 6179 6178
f 6163 6164 6180
f 6163 6180 6179
f 6164 6165 6181
f 6164 6181 6180
f 6165 6166 6182
f 6165 6182 6181
f 6166 6167 6183
f 6166 6183 6182
f 6167 6168 6184
f 6167 6184 6183
f 6168 6153 6169
f 6168 6169 6184
f 6169 6170 6186
f 6169 6186 6185
f 6170 6171 6187
f 6170 6187 6186
f 6171 6172 6188
f 6171 6188 6187
f 6172 6173 6189
f 6172 6189 6188
f 6173 6174 6190
f 6173 6190 6189
f 6174 6175 6191
f 6174 6191 6190
f 6175 6176 6192
f 6175 6192 6191
f 6176 6177 6193
f 6176 6193 6192
f 6177 6178 6194
f 6177 6194 6193
f 6178 6179 6195
f 6178 6195 6194
f 6179 6180 6196
f 6179 6196 6195
f 6180 6181 6197
f 6180 6197 6196
f 6181 6182 6198
f 6181 6198 6197
f 6182 6183 6199
f 6182 6199 6198
f 6183 6184 6200
f 6183 6200 6199
f 6184 6169 6185
f 6184 6185 6200
f 6185 6186 6202
f 6185 6202 6201
f 6186 6187 6203
f 6186 6203 6202
f 6187 6188 6204
f 6187 6204 6203
f 6188 6189 6205
f 6188 6205 6204
f 6189 6190 6206
f 6189 6206 6205
f 6190 6191 6207
f 6190 6207 6206
f 6191 6192 6208
f 6191 6208 6207
f 6192 6193 6209
f 6192 6209 6208
f 6193 6194 6210
f 6193 6210 6209
f 6194 6195 6211
f 6194 6211 6210
f 6195 6196 6212
f 6195 6212 6211
f 6196 6197 6213
f 6196 6213 6212
f 6197 6198 6214
f 6197 6214 6213
f 6198 6199 6215
f 6198 6215 6214
f 6199 6200 6216
f 6199 6216 6215
f 6200 6185 6201
f 6200 6201 6216
f 6201 6202 6218
f 6201 6218 6217
f 6202 6203 6219
f 6202 6219 6218
f 6203 6204 6220
f 6203 6220 6219
f 6204 6205 6221
f 6204 6221 6220
f 6205 6206 6222
f 6205 6222 6221
f 6206 6207 6223
f 6206 6223 6222
f 6207 6208 6224
f 6207 6224 6223
f 6208 6209 6225
f 6208 6225 6224
f 6209 6210 6226
f 6209 6226 6225
f 6210 6211 6227
f 6210 6227 6226
f 6211 6212 6228
f 6211 6228 6227
f 6212 6213 6229
f 6212 6229 6228
f 6213 6214 6230
f 6213 6230 6229
f 6214 6215 6231
f 6214 6231 6230
f 6215 6216 6232
f 6215 6232 6231
f 6216 6201 6217
f 6216 6217 6232
f 6217 6218 6234
f 6217 6234 6233
f 6218 6219 6235
f 6218 6235 6234
f 6219 6220 6236
f 6219 6236 6235
f 6220 6221 6237
f 6220 6237 6236
f 6221 6222 6238
f 6221 6238 6237
f 6222 6223 6239
f 6222 6239 6238
f 6223 6224 6240
f 6223 6240 6239
f 6224 6225 6241
f 6224 6241 6240
f 6225 6226 6242
f 6225 6242 6241
f 6226 6227 6243
f 6226 6243 6242
f 6227 6228 6244
f 6227 6244 6243
f 6228 6229 6245
f 6228 6245 6244
f 6229 6230 6246
f 6229 6246 6245
f 6230 6231 6247
f 6230 6247 6246
f 6231 6232 6248
f 6231 6248 6247
f 6232 6217 6233
f 6232 6233 6248
f 6233 6234 6250
f 6233 6250 6249
f 6234 6235 6251
f 6234 6251 6250
f 6235 6236 6252
f 6235 6252 6251
f 6236 6237 6253
f 6236 6253 6252
f 6237 6238 6254
f 6237 6254 6253
f 6238 6239 6255
f 6238 6255 6254
f 6239 6240 6256
f 6239 6256 6255
f 6240 6241 6257
f 6240 6257 6256
f 6241 6242 6258
f 6241 6258 6257
f 6242 6243 6259
f 6242 6259 6258
f 6243 6244 6260
f 6243 6260 6259
f 6244 6245 6261
f 6244 6261 6260
f 6245 6246 6262
f 6245 6262 6261
f 6246 6247 6263
f 6246 6263 6262
f 6247 6248 6264
f 6247 6264 6263
f 6248 6233 6249
f 6248 6249 6264
f 6249 6250 6266
f 6249 6266 6265
f 6250 6251 6267
f 6250 6267 6266
f 6251 6252 6268
f 6251 6268 6267
f 6252 6253 6269
f 6252 6269 6268
f 6253 6254 6270
f 6253 6270 6269
f 6254 6255 6271
f 6254 6271 6270
f 6255 6256 6272
f 6255 6272 6271
f 6256 6257 6273
f 6256 6273 6272
f 6257 6258 6274
f 6257 6274 6273
f 6258 6259 6275
f 6258 6275 6274
f 6259 6260 6276
f 6259 6276 6275
f 6260 6261 6277
f 6260 6277 6276
f 6261 6262 6278
f 6261 6278 6277
f 6262 6263 6279
f 6262 6279 6278
f 6263 6264 6280
f 6263 6280 6279
f 6264 6249 6265
f 6264 6265 6280
f 6265 6266 6282
f 6265 6282 6281
f 6266 6267 6283
f 6266 6283 6282
f 6267 6268 6284
f 6267 6284 6283
f 6268 6269 6285
f 6268 6285 6284
f 6269 6270 6286
f 6269 6286 6285
f 6270 6271 6287
f 6270 6287 6286
f 6271 6272 6288
f 6271 6288 6287
f 6272 6273 6289
f 6272 6289 6288
f 6273 6274 6290
f 6273 6290 6289
f 6274 6275 6291
f 6274 6291 6290
f 6275 6276 6292
f 6275 6292 6291
f 6276 6277 6293
f 6276 6293 6292
f 6277 6278 6294
f 6277 6294 6293
f 6278 6279 6295
f 6278 6295 6294
f 6279 6280 6296
f 6279 6296 6295
f 6280 6265 6281
f 6280 6281 6296
f 6281 6282 6298
f 6281 6298 6297
f 6282 6283 6299
f 6282 6299 6298
f 6283 6284 6300
f 6283 6300 6299
f 6284 6285 6301
f 6284 6301 6300
f 6285 6286 6302
f 6285 6302 6301
f 6286 6287 6303
f 6286 6303 6302
f 6287 6288 6304
f 6287 6304 6303
f 6288 6289 6305
f 6288 6305 6304
f 6289 6290 6306
f 6289 6306 6305
f 6290 6291 6307
f 6290 6307 6306
f 6291 6292 6308
f 6291 6308 6307
f 6292 6293 6309
f 6292 6309 6308
f 6293 6294 6310
f 6293 6310 6309
f 6294 6295 6311
f 6294 6311 6310
f 6295 6296 6312
f 6295 6312 6311
f 6296 6281 6297
f 6296 6297 6312
f 6297 6298 6314
f 6297 6314 6313
f 6298 6299 6315
f 6298 6315 6314
f 6299 6300 6316
f 6299 6316 6315
f 6300 6301 6317
f 6300 6317 6316
f 6301 6302 6318
f 6301 6318 6317
f 6302 6303 6319
f 6302 6319 6318
f 6303 6304 6320
f 6303 6320 6319
f 6304 6305 6321
f 6304 6321 6320
f 6305 6306 6322
f 6305 6322 6321
f 6306 6307 6323
f 6306 6323 6322
f 6307 6308 6324
f 6307 6324 6323
f 6308 6309 6325
f 6308 6325 6324
f 6309 6310 6326
f 6309 6326 6325
f 6310 6311 6327
f 6310 6327 6326
f 6311 6312 6328
f 6311 6328 6327
f 6312 6297 6313
f 6312 6313 6328
f 6313 6314 6330
f 6313 6330 6329
f 6314 6315 6331
f 6314 6331 6330
f 6315 6316 6332
f 6315 6332 6331
f 6316 6317 6333
f 6316 6333 6332
f 6317 6318 6334
f 6317 6334 6333
f 6318 6319 6335
f 6318 6335 6334
f 6319 6320 6336
f 6319 6336 6335
f 6320 6321 6337
f 6320 6337 6336
f 6321 6322 6338
f 6321 6338 6337
f 6322 6323 6339
f 6322 6339 6338
f 6323 6324 6340
f 6323 6340 6339
f 6324 6325 6341
f 6324 6341 6340
f 6325 6326 6342
f 6325 6342 6341
f 6326 6327 6343
f 6326 6343 6342
f 6327 6328 6344
f 6327 6344 6343
f 6328 6313 6329
f 6328 6329 6344
f 6329 6330 6346
f 6329 6346 6345
f 6330 6331 6347
f 6330 6347 6346
f 6331 6332 6348
f 6331 6348 6347
f 6332 6333 6349
f 6332 6349 6348
f 6333 6334 6350
f 6333 6350 6349
f 6334 6335 6351
f 6334 6351 6350
f 6335 6336 6352
f 6335 6352 6351
f 6336 6337 6353
f 6336 6353 6352
f 6337 6338 6354
f 6337 6354 6353
f 6338 6339 6355
f 6338 6355 6354
f 6339 6340 6356
f 6339 6356 6355
f 6340 6341 6357
f 6340 6357 6356
f 6341 6342 6358
f 6341 6358 6357
f 6342 6343 6359
f 6342 6359 6358
f 6343 6344 6360
f 6343 6360 6359
f 6344 6329 6345
f 6344 6345 6360
f 6361 5962 5961
f 6361 5963 5962
f 6361 5964 5963
f 6361 5965 5964
f 6361 5966 5965
f 6361 5967 5966
f 6361 5968 5967
f 6361 5969 5968
f 6361 5970 5969
f 6361 5971 5970
f 6361 5972 5971
f 6361 5973 5972
f 6361 5974 5973
f 6361 5975 5974
f 6361 5976 5975
f 6361 5961 5976
f 6362 6345 6346
f 6362 6346 6347
f 6362 6347 6348
f 6362 6348 6349
f 6362 6349 6350
f 6362 6350 6351
f 6362 6351 6352
f 6362 6352 6353
f 6362 6353 6354
f 6362 6354 6355
f 6362 6355 6356
f 6362 6356 6357
f 6362 6357 6358
f 6362 6358 6359
f 6362 6359 6360
f 6362 6360 6345
o Ilyth_Elbow_R_Rear
usemtl soft_charcoal
s 1
v 1.12866 2.52195 -1.19620
v 1.12840 2.52195 -1.19775
v 1.12766 2.52195 -1.19907
v 1.12655 2.52195 -1.19995
v 1.12524 2.52195 -1.20025
v 1.12393 2.52195 -1.19995
v 1.12282 2.52195 -1.19907
v 1.12208 2.52195 -1.19775
v 1.12182 2.52195 -1.19620
v 1.12208 2.52195 -1.19465
v 1.12282 2.52195 -1.19333
v 1.12393 2.52195 -1.19245
v 1.12524 2.52195 -1.19215
v 1.12655 2.52195 -1.19245
v 1.12766 2.52195 -1.19333
v 1.12840 2.52195 -1.19465
v 1.14226 2.52463 -1.19620
v 1.14097 2.52463 -1.20392
v 1.13728 2.52463 -1.21047
v 1.13175 2.52463 -1.21484
v 1.12524 2.52463 -1.21638
v 1.11872 2.52463 -1.21484
v 1.11320 2.52463 -1.21047
v 1.10951 2.52463 -1.20392
v 1.10822 2.52463 -1.19620
v 1.10951 2.52463 -1.18848
v 1.11320 2.52463 -1.18193
v 1.11872 2.52463 -1.17756
v 1.12524 2.52463 -1.17602
v 1.13175 2.52463 -1.17756
v 1.13728 2.52463 -1.18193
v 1.14097 2.52463 -1.18848
v 1.16157 2.52881 -1.19620
v 1.15880 2.52881 -1.21268
v 1.15093 2.52881 -1.22664
v 1.13914 2.52881 -1.23598
v 1.12524 2.52881 -1.23925
v 1.11134 2.52881 -1.23598
v 1.09955 2.52881 -1.22664
v 1.09168 2.52881 -1.21268
v 1.08891 2.52881 -1.19620
v 1.09168 2.52881 -1.17972
v 1.09955 2.52881 -1.16576
v 1.11134 2.52881 -1.15642
v 1.12524 2.52881 -1.15315
v 1.13914 2.52881 -1.15642
v 1.15093 2.52881 -1.16576
v 1.15880 2.52881 -1.17972
v 1.17997 2.53543 -1.19620
v 1.17581 2.53543 -1.22102
v 1.16394 2.53543 -1.24207
v 1.14618 2.53543 -1.25613
v 1.12524 2.53543 -1.26107
v 1.10429 2.53543 -1.25613
v 1.08654 2.53543 -1.24207
v 1.07467 2.53543 -1.22102
v 1.07051 2.53543 -1.19620
v 1.07467 2.53543 -1.17138
v 1.08654 2.53543 -1.15033
v 1.10429 2.53543 -1.13627
v 1.12524 2.53543 -1.13133
v 1.14618 2.53543 -1.13627
v 1.16394 2.53543 -1.15033
v 1.17581 2.53543 -1.17138
v 1.19552 2.54499 -1.19620
v 1.19017 2.54499 -1.22808
v 1.17493 2.54499 -1.25510
v 1.15213 2.54499 -1.27315
v 1.12524 2.54499 -1.27949
v 1.09834 2.54499 -1.27315
v 1.07554 2.54499 -1.25510
v 1.06031 2.54499 -1.22808
v 1.05496 2.54499 -1.19620
v 1.06031 2.54499 -1.16432
v 1.07554 2.54499 -1.13730
v 1.09834 2.54499 -1.11925
v 1.12524 2.54499 -1.11291
v 1.15213 2.54499 -1.11925
v 1.17493 2.54499 -1.13730
v 1.19017 2.54499 -1.16432
v 1.21017 2.55699 -1.19620
v 1.20370 2.55699 -1.23472
v 1.18529 2.55699 -1.26737
v 1.15774 2.55699 -1.28919
v 1.12524 2.55699 -1.29686
v 1.09274 2.55699 -1.28919
v 1.06519 2.55699 -1.26737
v 1.04678 2.55699 -1.23472
v 1.04031 2.55699 -1.19620
v 1.04678 2.55699 -1.15768
v 1.06519 2.55699 -1.12503
v 1.09274 2.55699 -1.10321
v 1.12524 2.55699 -1.09554
v 1.15774 2.55699 -1.10321
v 1.18529 2.55699 -1.12503
v 1.20370 2.55699 -1.15768
v 1.22321 2.57085 -1.19620
v 1.21575 2.57085 -1.24064
v 1.19452 2.57085 -1.27831
v 1.16273 2.57085 -1.30348
v 1.12524 2.57085 -1.31231
v 1.08775 2.57085 -1.30348
v 1.05596 2.57085 -1.27831
v 1.03472 2.57085 -1.24064
v 1.02727 2.57085 -1.19620
v 1.03472 2.57085 -1.15176
v 1.05596 2.57085 -1.11409
v 1.08775 2.57085 -1.08892
v 1.12524 2.57085 -1.08008
v 1.16273 2.57085 -1.08892
v 1.19452 2.57085 -1.11409
v 1.21575 2.57085 -1.15176
v 1.23457 2.58665 -1.19620
v 1.22625 2.58665 -1.24579
v 1.20255 2.58665 -1.28783
v 1.16708 2.58665 -1.31591
v 1.12524 2.58665 -1.32578
v 1.08340 2.58665 -1.31591
v 1.04793 2.58665 -1.28783
v 1.02423 2.58665 -1.24579
v 1.01591 2.58665 -1.19620
v 1.02423 2.58665 -1.14661
v 1.04793 2.58665 -1.10457
v 1.08340 2.58665 -1.07649
v 1.12524 2.58665 -1.06662
v 1.16708 2.58665 -1.07649
v 1.20255 2.58665 -1.10457
v 1.22625 2.58665 -1.14661
v 1.24432 2.60430 -1.19620
v 1.23526 2.60430 -1.25021
v 1.20944 2.60430 -1.29600
v 1.17081 2.60430 -1.32659
v 1.12524 2.60430 -1.33734
v 1.07967 2.60430 -1.32659
v 1.04103 2.60430 -1.29600
v 1.01522 2.60430 -1.25021
v 1.00615 2.60430 -1.19620
v 1.01522 2.60430 -1.14219
v 1.04103 2.60430 -1.09640
v 1.07967 2.60430 -1.06581
v 1.12524 2.60430 -1.05506
v 1.17081 2.60430 -1.06581
v 1.20944 2.60430 -1.09640
v 1.23526 2.60430 -1.14219
v 1.25200 2.62296 -1.19620
v 1.24235 2.62296 -1.25369
v 1.21487 2.62296 -1.30243
v 1.17375 2.62296 -1.33500
v 1.12524 2.62296 -1.34644
v 1.07673 2.62296 -1.33500
v 1.03561 2.62296 -1.30243
v 1.00813 2.62296 -1.25369
v 0.99848 2.62296 -1.19620
v 1.00813 2.62296 -1.13871
v 1.03561 2.62296 -1.08997
v 1.07673 2.62296 -1.05740
v 1.12524 2.62296 -1.04596
v 1.17375 2.62296 -1.05740
v 1.21487 2.62296 -1.08997
v 1.24235 2.62296 -1.13871
v 1.25750 2.64267 -1.19620
v 1.24743 2.64267 -1.25619
v 1.21876 2.64267 -1.30704
v 1.17585 2.64267 -1.34102
v 1.12524 2.64267 -1.35295
v 1.07463 2.64267 -1.34102
v 1.03172 2.64267 -1.30704
v 1.00305 2.64267 -1.25619
v 0.99298 2.64267 -1.19620
v 1.00305 2.64267 -1.13621
v 1.03172 2.64267 -1.08536
v 1.07463 2.64267 -1.05138
v 1.12524 2.64267 -1.03945
v 1.17585 2.64267 -1.05138
v 1.21876 2.64267 -1.08536
v 1.24743 2.64267 -1.13621
v 1.26092 2.66338 -1.19620
v 1.25059 2.66338 -1.25774
v 1.22118 2.66338 -1.30990
v 1.17716 2.66338 -1.34476
v 1.12524 2.66338 -1.35700
v 1.07332 2.66338 -1.34476
v 1.02930 2.66338 -1.30990
v 0.99989 2.66338 -1.25774
v 0.98956 2.66338 -1.19620
v 0.99989 2.66338 -1.13466
v 1.02930 2.66338 -1.08250
v 1.07332 2.66338 -1.04764
v 1.12524 2.66338 -1.03540
v 1.17716 2.66338 -1.04764
v 1.22118 2.66338 -1.08250
v 1.25059 2.66338 -1.13466
v 1.26209 2.68409 -1.19620
v 1.25167 2.68409 -1.25827
v 1.22201 2.68409 -1.31089
v 1.17761 2.68409 -1.34605
v 1.12524 2.68409 -1.35840
v 1.07287 2.68409 -1.34605
v 1.02847 2.68409 -1.31089
v 0.99880 2.68409 -1.25827
v 0.98839 2.68409 -1.19620
v 0.99880 2.68409 -1.13413
v 1.02847 2.68409 -1.08151
v 1.07287 2.68409 -1.04635
v 1.12524 2.68409 -1.03400
v 1.17761 2.68409 -1.04635
v 1.22201 2.68409 -1.08151
v 1.25167 2.68409 -1.13413
v 1.26092 2.70480 -1.19620
v 1.25059 2.70480 -1.25774
v 1.22118 2.70480 -1.30990
v 1.17716 2.70480 -1.34476
v 1.12524 2.70480 -1.35700
v 1.07332 2.70480 -1.34476
v 1.02930 2.70480 -1.30990
v 0.99989 2.70480 -1.25774
v 0.98956 2.70480 -1.19620
v 0.99989 2.70480 -1.13466
v 1.02930 2.70480 -1.08250
v 1.07332 2.70480 -1.04764
v 1.12524 2.70480 -1.03540
v 1.17716 2.70480 -1.04764
v 1.22118 2.70480 -1.08250
v 1.25059 2.70480 -1.13466
v 1.25750 2.72552 -1.19620
v 1.24743 2.72552 -1.25619
v 1.21876 2.72552 -1.30704
v 1.17585 2.72552 -1.34102
v 1.12524 2.72552 -1.35295
v 1.07463 2.72552 -1.34102
v 1.03172 2.72552 -1.30704
v 1.00305 2.72552 -1.25619
v 0.99298 2.72552 -1.19620
v 1.00305 2.72552 -1.13621
v 1.03172 2.72552 -1.08536
v 1.07463 2.72552 -1.05138
v 1.12524 2.72552 -1.03945
v 1.17585 2.72552 -1.05138
v 1.21876 2.72552 -1.08536
v 1.24743 2.72552 -1.13621
v 1.25200 2.74523 -1.19620
v 1.24235 2.74523 -1.25369
v 1.21487 2.74523 -1.30243
v 1.17375 2.74523 -1.33500
v 1.12524 2.74523 -1.34644
v 1.07673 2.74523 -1.33500
v 1.03561 2.74523 -1.30243
v 1.00813 2.74523 -1.25369
v 0.99848 2.74523 -1.19620
v 1.00813 2.74523 -1.13871
v 1.03561 2.74523 -1.08997
v 1.07673 2.74523 -1.05740
v 1.12524 2.74523 -1.04596
v 1.17375 2.74523 -1.05740
v 1.21487 2.74523 -1.08997
v 1.24235 2.74523 -1.13871
v 1.24432 2.76388 -1.19620
v 1.23526 2.76388 -1.25021
v 1.20944 2.76388 -1.29600
v 1.17081 2.76388 -1.32659
v 1.12524 2.76388 -1.33734
v 1.07967 2.76388 -1.32659
v 1.04103 2.76388 -1.29600
v 1.01522 2.76388 -1.25021
v 1.00615 2.76388 -1.19620
v 1.01522 2.76388 -1.14219
v 1.04103 2.76388 -1.09640
v 1.07967 2.76388 -1.06581
v 1.12524 2.76388 -1.05506
v 1.17081 2.76388 -1.06581
v 1.20944 2.76388 -1.09640
v 1.23526 2.76388 -1.14219
v 1.23457 2.78154 -1.19620
v 1.22625 2.78154 -1.24579
v 1.20255 2.78154 -1.28783
v 1.16708 2.78154 -1.31591
v 1.12524 2.78154 -1.32578
v 1.08340 2.78154 -1.31591
v 1.04793 2.78154 -1.28783
v 1.02423 2.78154 -1.24579
v 1.01591 2.78154 -1.19620
v 1.02423 2.78154 -1.14661
v 1.04793 2.78154 -1.10457
v 1.08340 2.78154 -1.07649
v 1.12524 2.78154 -1.06662
v 1.16708 2.78154 -1.07649
v 1.20255 2.78154 -1.10457
v 1.22625 2.78154 -1.14661
v 1.22321 2.79734 -1.19620
v 1.21575 2.79734 -1.24064
v 1.19452 2.79734 -1.27831
v 1.16273 2.79734 -1.30348
v 1.12524 2.79734 -1.31231
v 1.08775 2.79734 -1.30348
v 1.05596 2.79734 -1.27831
v 1.03472 2.79734 -1.24064
v 1.02727 2.79734 -1.19620
v 1.03472 2.79734 -1.15176
v 1.05596 2.79734 -1.11409
v 1.08775 2.79734 -1.08892
v 1.12524 2.79734 -1.08008
v 1.16273 2.79734 -1.08892
v 1.19452 2.79734 -1.11409
v 1.21575 2.79734 -1.15176
v 1.21017 2.81119 -1.19620
v 1.20370 2.81119 -1.23472
v 1.18529 2.81119 -1.26737
v 1.15774 2.81119 -1.28919
v 1.12524 2.81119 -1.29686
v 1.09274 2.81119 -1.28919
v 1.06519 2.81119 -1.26737
v 1.04678 2.81119 -1.23472
v 1.04031 2.81119 -1.19620
v 1.04678 2.81119 -1.15768
v 1.06519 2.81119 -1.12503
v 1.09274 2.81119 -1.10321
v 1.12524 2.81119 -1.09554
v 1.15774 2.81119 -1.10321
v 1.18529 2.81119 -1.12503
v 1.20370 2.81119 -1.15768
v 1.19552 2.82319 -1.19620
v 1.19017 2.82319 -1.22808
v 1.17493 2.82319 -1.25510
v 1.15213 2.82319 -1.27315
v 1.12524 2.82319 -1.27949
v 1.09834 2.82319 -1.27315
v 1.07554 2.82319 -1.25510
v 1.06031 2.82319 -1.22808
v 1.05496 2.82319 -1.19620
v 1.06031 2.82319 -1.16432
v 1.07554 2.82319 -1.13730
v 1.09834 2.82319 -1.11925
v 1.12524 2.82319 -1.11291
v 1.15213 2.82319 -1.11925
v 1.17493 2.82319 -1.13730
v 1.19017 2.82319 -1.16432
v 1.17997 2.83275 -1.19620
v 1.17581 2.83275 -1.22102
v 1.16394 2.83275 -1.24207
v 1.14618 2.83275 -1.25613
v 1.12524 2.83275 -1.26107
v 1.10429 2.83275 -1.25613
v 1.08654 2.83275 -1.24207
v 1.07467 2.83275 -1.22102
v 1.07051 2.83275 -1.19620
v 1.07467 2.83275 -1.17138
v 1.08654 2.83275 -1.15033
v 1.10429 2.83275 -1.13627
v 1.12524 2.83275 -1.13133
v 1.14618 2.83275 -1.13627
v 1.16394 2.83275 -1.15033
v 1.17581 2.83275 -1.17138
v 1.16157 2.83937 -1.19620
v 1.15880 2.83937 -1.21268
v 1.15093 2.83937 -1.22664
v 1.13914 2.83937 -1.23598
v 1.12524 2.83937 -1.23925
v 1.11134 2.83937 -1.23598
v 1.09955 2.83937 -1.22664
v 1.09168 2.83937 -1.21268
v 1.08891 2.83937 -1.19620
v 1.09168 2.83937 -1.17972
v 1.09955 2.83937 -1.16576
v 1.11134 2.83937 -1.15642
v 1.12524 2.83937 -1.15315
v 1.13914 2.83937 -1.15642
v 1.15093 2.83937 -1.16576
v 1.15880 2.83937 -1.17972
v 1.14226 2.84356 -1.19620
v 1.14097 2.84356 -1.20392
v 1.13728 2.84356 -1.21047
v 1.13175 2.84356 -1.21484
v 1.12524 2.84356 -1.21638
v 1.11872 2.84356 -1.21484
v 1.11320 2.84356 -1.21047
v 1.10951 2.84356 -1.20392
v 1.10822 2.84356 -1.19620
v 1.10951 2.84356 -1.18848
v 1.11320 2.84356 -1.18193
v 1.11872 2.84356 -1.17756
v 1.12524 2.84356 -1.17602
v 1.13175 2.84356 -1.17756
v 1.13728 2.84356 -1.18193
v 1.14097 2.84356 -1.18848
v 1.12866 2.84624 -1.19620
v 1.12840 2.84624 -1.19775
v 1.12766 2.84624 -1.19907
v 1.12655 2.84624 -1.19995
v 1.12524 2.84624 -1.20025
v 1.12393 2.84624 -1.19995
v 1.12282 2.84624 -1.19907
v 1.12208 2.84624 -1.19775
v 1.12182 2.84624 -1.19620
v 1.12208 2.84624 -1.19465
v 1.12282 2.84624 -1.19333
v 1.12393 2.84624 -1.19245
v 1.12524 2.84624 -1.19215
v 1.12655 2.84624 -1.19245
v 1.12766 2.84624 -1.19333
v 1.12840 2.84624 -1.19465
v 1.12524 2.52195 -1.19620
v 1.12524 2.84624 -1.19620
f 6363 6364 6380
f 6363 6380 6379
f 6364 6365 6381
f 6364 6381 6380
f 6365 6366 6382
f 6365 6382 6381
f 6366 6367 6383
f 6366 6383 6382
f 6367 6368 6384
f 6367 6384 6383
f 6368 6369 6385
f 6368 6385 6384
f 6369 6370 6386
f 6369 6386 6385
f 6370 6371 6387
f 6370 6387 6386
f 6371 6372 6388
f 6371 6388 6387
f 6372 6373 6389
f 6372 6389 6388
f 6373 6374 6390
f 6373 6390 6389
f 6374 6375 6391
f 6374 6391 6390
f 6375 6376 6392
f 6375 6392 6391
f 6376 6377 6393
f 6376 6393 6392
f 6377 6378 6394
f 6377 6394 6393
f 6378 6363 6379
f 6378 6379 6394
f 6379 6380 6396
f 6379 6396 6395
f 6380 6381 6397
f 6380 6397 6396
f 6381 6382 6398
f 6381 6398 6397
f 6382 6383 6399
f 6382 6399 6398
f 6383 6384 6400
f 6383 6400 6399
f 6384 6385 6401
f 6384 6401 6400
f 6385 6386 6402
f 6385 6402 6401
f 6386 6387 6403
f 6386 6403 6402
f 6387 6388 6404
f 6387 6404 6403
f 6388 6389 6405
f 6388 6405 6404
f 6389 6390 6406
f 6389 6406 6405
f 6390 6391 6407
f 6390 6407 6406
f 6391 6392 6408
f 6391 6408 6407
f 6392 6393 6409
f 6392 6409 6408
f 6393 6394 6410
f 6393 6410 6409
f 6394 6379 6395
f 6394 6395 6410
f 6395 6396 6412
f 6395 6412 6411
f 6396 6397 6413
f 6396 6413 6412
f 6397 6398 6414
f 6397 6414 6413
f 6398 6399 6415
f 6398 6415 6414
f 6399 6400 6416
f 6399 6416 6415
f 6400 6401 6417
f 6400 6417 6416
f 6401 6402 6418
f 6401 6418 6417
f 6402 6403 6419
f 6402 6419 6418
f 6403 6404 6420
f 6403 6420 6419
f 6404 6405 6421
f 6404 6421 6420
f 6405 6406 6422
f 6405 6422 6421
f 6406 6407 6423
f 6406 6423 6422
f 6407 6408 6424
f 6407 6424 6423
f 6408 6409 6425
f 6408 6425 6424
f 6409 6410 6426
f 6409 6426 6425
f 6410 6395 6411
f 6410 6411 6426
f 6411 6412 6428
f 6411 6428 6427
f 6412 6413 6429
f 6412 6429 6428
f 6413 6414 6430
f 6413 6430 6429
f 6414 6415 6431
f 6414 6431 6430
f 6415 6416 6432
f 6415 6432 6431
f 6416 6417 6433
f 6416 6433 6432
f 6417 6418 6434
f 6417 6434 6433
f 6418 6419 6435
f 6418 6435 6434
f 6419 6420 6436
f 6419 6436 6435
f 6420 6421 6437
f 6420 6437 6436
f 6421 6422 6438
f 6421 6438 6437
f 6422 6423 6439
f 6422 6439 6438
f 6423 6424 6440
f 6423 6440 6439
f 6424 6425 6441
f 6424 6441 6440
f 6425 6426 6442
f 6425 6442 6441
f 6426 6411 6427
f 6426 6427 6442
f 6427 6428 6444
f 6427 6444 6443
f 6428 6429 6445
f 6428 6445 6444
f 6429 6430 6446
f 6429 6446 6445
f 6430 6431 6447
f 6430 6447 6446
f 6431 6432 6448
f 6431 6448 6447
f 6432 6433 6449
f 6432 6449 6448
f 6433 6434 6450
f 6433 6450 6449
f 6434 6435 6451
f 6434 6451 6450
f 6435 6436 6452
f 6435 6452 6451
f 6436 6437 6453
f 6436 6453 6452
f 6437 6438 6454
f 6437 6454 6453
f 6438 6439 6455
f 6438 6455 6454
f 6439 6440 6456
f 6439 6456 6455
f 6440 6441 6457
f 6440 6457 6456
f 6441 6442 6458
f 6441 6458 6457
f 6442 6427 6443
f 6442 6443 6458
f 6443 6444 6460
f 6443 6460 6459
f 6444 6445 6461
f 6444 6461 6460
f 6445 6446 6462
f 6445 6462 6461
f 6446 6447 6463
f 6446 6463 6462
f 6447 6448 6464
f 6447 6464 6463
f 6448 6449 6465
f 6448 6465 6464
f 6449 6450 6466
f 6449 6466 6465
f 6450 6451 6467
f 6450 6467 6466
f 6451 6452 6468
f 6451 6468 6467
f 6452 6453 6469
f 6452 6469 6468
f 6453 6454 6470
f 6453 6470 6469
f 6454 6455 6471
f 6454 6471 6470
f 6455 6456 6472
f 6455 6472 6471
f 6456 6457 6473
f 6456 6473 6472
f 6457 6458 6474
f 6457 6474 6473
f 6458 6443 6459
f 6458 6459 6474
f 6459 6460 6476
f 6459 6476 6475
f 6460 6461 6477
f 6460 6477 6476
f 6461 6462 6478
f 6461 6478 6477
f 6462 6463 6479
f 6462 6479 6478
f 6463 6464 6480
f 6463 6480 6479
f 6464 6465 6481
f 6464 6481 6480
f 6465 6466 6482
f 6465 6482 6481
f 6466 6467 6483
f 6466 6483 6482
f 6467 6468 6484
f 6467 6484 6483
f 6468 6469 6485
f 6468 6485 6484
f 6469 6470 6486
f 6469 6486 6485
f 6470 6471 6487
f 6470 6487 6486
f 6471 6472 6488
f 6471 6488 6487
f 6472 6473 6489
f 6472 6489 6488
f 6473 6474 6490
f 6473 6490 6489
f 6474 6459 6475
f 6474 6475 6490
f 6475 6476 6492
f 6475 6492 6491
f 6476 6477 6493
f 6476 6493 6492
f 6477 6478 6494
f 6477 6494 6493
f 6478 6479 6495
f 6478 6495 6494
f 6479 6480 6496
f 6479 6496 6495
f 6480 6481 6497
f 6480 6497 6496
f 6481 6482 6498
f 6481 6498 6497
f 6482 6483 6499
f 6482 6499 6498
f 6483 6484 6500
f 6483 6500 6499
f 6484 6485 6501
f 6484 6501 6500
f 6485 6486 6502
f 6485 6502 6501
f 6486 6487 6503
f 6486 6503 6502
f 6487 6488 6504
f 6487 6504 6503
f 6488 6489 6505
f 6488 6505 6504
f 6489 6490 6506
f 6489 6506 6505
f 6490 6475 6491
f 6490 6491 6506
f 6491 6492 6508
f 6491 6508 6507
f 6492 6493 6509
f 6492 6509 6508
f 6493 6494 6510
f 6493 6510 6509
f 6494 6495 6511
f 6494 6511 6510
f 6495 6496 6512
f 6495 6512 6511
f 6496 6497 6513
f 6496 6513 6512
f 6497 6498 6514
f 6497 6514 6513
f 6498 6499 6515
f 6498 6515 6514
f 6499 6500 6516
f 6499 6516 6515
f 6500 6501 6517
f 6500 6517 6516
f 6501 6502 6518
f 6501 6518 6517
f 6502 6503 6519
f 6502 6519 6518
f 6503 6504 6520
f 6503 6520 6519
f 6504 6505 6521
f 6504 6521 6520
f 6505 6506 6522
f 6505 6522 6521
f 6506 6491 6507
f 6506 6507 6522
f 6507 6508 6524
f 6507 6524 6523
f 6508 6509 6525
f 6508 6525 6524
f 6509 6510 6526
f 6509 6526 6525
f 6510 6511 6527
f 6510 6527 6526
f 6511 6512 6528
f 6511 6528 6527
f 6512 6513 6529
f 6512 6529 6528
f 6513 6514 6530
f 6513 6530 6529
f 6514 6515 6531
f 6514 6531 6530
f 6515 6516 6532
f 6515 6532 6531
f 6516 6517 6533
f 6516 6533 6532
f 6517 6518 6534
f 6517 6534 6533
f 6518 6519 6535
f 6518 6535 6534
f 6519 6520 6536
f 6519 6536 6535
f 6520 6521 6537
f 6520 6537 6536
f 6521 6522 6538
f 6521 6538 6537
f 6522 6507 6523
f 6522 6523 6538
f 6523 6524 6540
f 6523 6540 6539
f 6524 6525 6541
f 6524 6541 6540
f 6525 6526 6542
f 6525 6542 6541
f 6526 6527 6543
f 6526 6543 6542
f 6527 6528 6544
f 6527 6544 6543
f 6528 6529 6545
f 6528 6545 6544
f 6529 6530 6546
f 6529 6546 6545
f 6530 6531 6547
f 6530 6547 6546
f 6531 6532 6548
f 6531 6548 6547
f 6532 6533 6549
f 6532 6549 6548
f 6533 6534 6550
f 6533 6550 6549
f 6534 6535 6551
f 6534 6551 6550
f 6535 6536 6552
f 6535 6552 6551
f 6536 6537 6553
f 6536 6553 6552
f 6537 6538 6554
f 6537 6554 6553
f 6538 6523 6539
f 6538 6539 6554
f 6539 6540 6556
f 6539 6556 6555
f 6540 6541 6557
f 6540 6557 6556
f 6541 6542 6558
f 6541 6558 6557
f 6542 6543 6559
f 6542 6559 6558
f 6543 6544 6560
f 6543 6560 6559
f 6544 6545 6561
f 6544 6561 6560
f 6545 6546 6562
f 6545 6562 6561
f 6546 6547 6563
f 6546 6563 6562
f 6547 6548 6564
f 6547 6564 6563
f 6548 6549 6565
f 6548 6565 6564
f 6549 6550 6566
f 6549 6566 6565
f 6550 6551 6567
f 6550 6567 6566
f 6551 6552 6568
f 6551 6568 6567
f 6552 6553 6569
f 6552 6569 6568
f 6553 6554 6570
f 6553 6570 6569
f 6554 6539 6555
f 6554 6555 6570
f 6555 6556 6572
f 6555 6572 6571
f 6556 6557 6573
f 6556 6573 6572
f 6557 6558 6574
f 6557 6574 6573
f 6558 6559 6575
f 6558 6575 6574
f 6559 6560 6576
f 6559 6576 6575
f 6560 6561 6577
f 6560 6577 6576
f 6561 6562 6578
f 6561 6578 6577
f 6562 6563 6579
f 6562 6579 6578
f 6563 6564 6580
f 6563 6580 6579
f 6564 6565 6581
f 6564 6581 6580
f 6565 6566 6582
f 6565 6582 6581
f 6566 6567 6583
f 6566 6583 6582
f 6567 6568 6584
f 6567 6584 6583
f 6568 6569 6585
f 6568 6585 6584
f 6569 6570 6586
f 6569 6586 6585
f 6570 6555 6571
f 6570 6571 6586
f 6571 6572 6588
f 6571 6588 6587
f 6572 6573 6589
f 6572 6589 6588
f 6573 6574 6590
f 6573 6590 6589
f 6574 6575 6591
f 6574 6591 6590
f 6575 6576 6592
f 6575 6592 6591
f 6576 6577 6593
f 6576 6593 6592
f 6577 6578 6594
f 6577 6594 6593
f 6578 6579 6595
f 6578 6595 6594
f 6579 6580 6596
f 6579 6596 6595
f 6580 6581 6597
f 6580 6597 6596
f 6581 6582 6598
f 6581 6598 6597
f 6582 6583 6599
f 6582 6599 6598
f 6583 6584 6600
f 6583 6600 6599
f 6584 6585 6601
f 6584 6601 6600
f 6585 6586 6602
f 6585 6602 6601
f 6586 6571 6587
f 6586 6587 6602
f 6587 6588 6604
f 6587 6604 6603
f 6588 6589 6605
f 6588 6605 6604
f 6589 6590 6606
f 6589 6606 6605
f 6590 6591 6607
f 6590 6607 6606
f 6591 6592 6608
f 6591 6608 6607
f 6592 6593 6609
f 6592 6609 6608
f 6593 6594 6610
f 6593 6610 6609
f 6594 6595 6611
f 6594 6611 6610
f 6595 6596 6612
f 6595 6612 6611
f 6596 6597 6613
f 6596 6613 6612
f 6597 6598 6614
f 6597 6614 6613
f 6598 6599 6615
f 6598 6615 6614
f 6599 6600 6616
f 6599 6616 6615
f 6600 6601 6617
f 6600 6617 6616
f 6601 6602 6618
f 6601 6618 6617
f 6602 6587 6603
f 6602 6603 6618
f 6603 6604 6620
f 6603 6620 6619
f 6604 6605 6621
f 6604 6621 6620
f 6605 6606 6622
f 6605 6622 6621
f 6606 6607 6623
f 6606 6623 6622
f 6607 6608 6624
f 6607 6624 6623
f 6608 6609 6625
f 6608 6625 6624
f 6609 6610 6626
f 6609 6626 6625
f 6610 6611 6627
f 6610 6627 6626
f 6611 6612 6628
f 6611 6628 6627
f 6612 6613 6629
f 6612 6629 6628
f 6613 6614 6630
f 6613 6630 6629
f 6614 6615 6631
f 6614 6631 6630
f 6615 6616 6632
f 6615 6632 6631
f 6616 6617 6633
f 6616 6633 6632
f 6617 6618 6634
f 6617 6634 6633
f 6618 6603 6619
f 6618 6619 6634
f 6619 6620 6636
f 6619 6636 6635
f 6620 6621 6637
f 6620 6637 6636
f 6621 6622 6638
f 6621 6638 6637
f 6622 6623 6639
f 6622 6639 6638
f 6623 6624 6640
f 6623 6640 6639
f 6624 6625 6641
f 6624 6641 6640
f 6625 6626 6642
f 6625 6642 6641
f 6626 6627 6643
f 6626 6643 6642
f 6627 6628 6644
f 6627 6644 6643
f 6628 6629 6645
f 6628 6645 6644
f 6629 6630 6646
f 6629 6646 6645
f 6630 6631 6647
f 6630 6647 6646
f 6631 6632 6648
f 6631 6648 6647
f 6632 6633 6649
f 6632 6649 6648
f 6633 6634 6650
f 6633 6650 6649
f 6634 6619 6635
f 6634 6635 6650
f 6635 6636 6652
f 6635 6652 6651
f 6636 6637 6653
f 6636 6653 6652
f 6637 6638 6654
f 6637 6654 6653
f 6638 6639 6655
f 6638 6655 6654
f 6639 6640 6656
f 6639 6656 6655
f 6640 6641 6657
f 6640 6657 6656
f 6641 6642 6658
f 6641 6658 6657
f 6642 6643 6659
f 6642 6659 6658
f 6643 6644 6660
f 6643 6660 6659
f 6644 6645 6661
f 6644 6661 6660
f 6645 6646 6662
f 6645 6662 6661
f 6646 6647 6663
f 6646 6663 6662
f 6647 6648 6664
f 6647 6664 6663
f 6648 6649 6665
f 6648 6665 6664
f 6649 6650 6666
f 6649 6666 6665
f 6650 6635 6651
f 6650 6651 6666
f 6651 6652 6668
f 6651 6668 6667
f 6652 6653 6669
f 6652 6669 6668
f 6653 6654 6670
f 6653 6670 6669
f 6654 6655 6671
f 6654 6671 6670
f 6655 6656 6672
f 6655 6672 6671
f 6656 6657 6673
f 6656 6673 6672
f 6657 6658 6674
f 6657 6674 6673
f 6658 6659 6675
f 6658 6675 6674
f 6659 6660 6676
f 6659 6676 6675
f 6660 6661 6677
f 6660 6677 6676
f 6661 6662 6678
f 6661 6678 6677
f 6662 6663 6679
f 6662 6679 6678
f 6663 6664 6680
f 6663 6680 6679
f 6664 6665 6681
f 6664 6681 6680
f 6665 6666 6682
f 6665 6682 6681
f 6666 6651 6667
f 6666 6667 6682
f 6667 6668 6684
f 6667 6684 6683
f 6668 6669 6685
f 6668 6685 6684
f 6669 6670 6686
f 6669 6686 6685
f 6670 6671 6687
f 6670 6687 6686
f 6671 6672 6688
f 6671 6688 6687
f 6672 6673 6689
f 6672 6689 6688
f 6673 6674 6690
f 6673 6690 6689
f 6674 6675 6691
f 6674 6691 6690
f 6675 6676 6692
f 6675 6692 6691
f 6676 6677 6693
f 6676 6693 6692
f 6677 6678 6694
f 6677 6694 6693
f 6678 6679 6695
f 6678 6695 6694
f 6679 6680 6696
f 6679 6696 6695
f 6680 6681 6697
f 6680 6697 6696
f 6681 6682 6698
f 6681 6698 6697
f 6682 6667 6683
f 6682 6683 6698
f 6683 6684 6700
f 6683 6700 6699
f 6684 6685 6701
f 6684 6701 6700
f 6685 6686 6702
f 6685 6702 6701
f 6686 6687 6703
f 6686 6703 6702
f 6687 6688 6704
f 6687 6704 6703
f 6688 6689 6705
f 6688 6705 6704
f 6689 6690 6706
f 6689 6706 6705
f 6690 6691 6707
f 6690 6707 6706
f 6691 6692 6708
f 6691 6708 6707
f 6692 6693 6709
f 6692 6709 6708
f 6693 6694 6710
f 6693 6710 6709
f 6694 6695 6711
f 6694 6711 6710
f 6695 6696 6712
f 6695 6712 6711
f 6696 6697 6713
f 6696 6713 6712
f 6697 6698 6714
f 6697 6714 6713
f 6698 6683 6699
f 6698 6699 6714
f 6699 6700 6716
f 6699 6716 6715
f 6700 6701 6717
f 6700 6717 6716
f 6701 6702 6718
f 6701 6718 6717
f 6702 6703 6719
f 6702 6719 6718
f 6703 6704 6720
f 6703 6720 6719
f 6704 6705 6721
f 6704 6721 6720
f 6705 6706 6722
f 6705 6722 6721
f 6706 6707 6723
f 6706 6723 6722
f 6707 6708 6724
f 6707 6724 6723
f 6708 6709 6725
f 6708 6725 6724
f 6709 6710 6726
f 6709 6726 6725
f 6710 6711 6727
f 6710 6727 6726
f 6711 6712 6728
f 6711 6728 6727
f 6712 6713 6729
f 6712 6729 6728
f 6713 6714 6730
f 6713 6730 6729
f 6714 6699 6715
f 6714 6715 6730
f 6715 6716 6732
f 6715 6732 6731
f 6716 6717 6733
f 6716 6733 6732
f 6717 6718 6734
f 6717 6734 6733
f 6718 6719 6735
f 6718 6735 6734
f 6719 6720 6736
f 6719 6736 6735
f 6720 6721 6737
f 6720 6737 6736
f 6721 6722 6738
f 6721 6738 6737
f 6722 6723 6739
f 6722 6739 6738
f 6723 6724 6740
f 6723 6740 6739
f 6724 6725 6741
f 6724 6741 6740
f 6725 6726 6742
f 6725 6742 6741
f 6726 6727 6743
f 6726 6743 6742
f 6727 6728 6744
f 6727 6744 6743
f 6728 6729 6745
f 6728 6745 6744
f 6729 6730 6746
f 6729 6746 6745
f 6730 6715 6731
f 6730 6731 6746
f 6731 6732 6748
f 6731 6748 6747
f 6732 6733 6749
f 6732 6749 6748
f 6733 6734 6750
f 6733 6750 6749
f 6734 6735 6751
f 6734 6751 6750
f 6735 6736 6752
f 6735 6752 6751
f 6736 6737 6753
f 6736 6753 6752
f 6737 6738 6754
f 6737 6754 6753
f 6738 6739 6755
f 6738 6755 6754
f 6739 6740 6756
f 6739 6756 6755
f 6740 6741 6757
f 6740 6757 6756
f 6741 6742 6758
f 6741 6758 6757
f 6742 6743 6759
f 6742 6759 6758
f 6743 6744 6760
f 6743 6760 6759
f 6744 6745 6761
f 6744 6761 6760
f 6745 6746 6762
f 6745 6762 6761
f 6746 6731 6747
f 6746 6747 6762
f 6763 6364 6363
f 6763 6365 6364
f 6763 6366 6365
f 6763 6367 6366
f 6763 6368 6367
f 6763 6369 6368
f 6763 6370 6369
f 6763 6371 6370
f 6763 6372 6371
f 6763 6373 6372
f 6763 6374 6373
f 6763 6375 6374
f 6763 6376 6375
f 6763 6377 6376
f 6763 6378 6377
f 6763 6363 6378
f 6764 6747 6748
f 6764 6748 6749
f 6764 6749 6750
f 6764 6750 6751
f 6764 6751 6752
f 6764 6752 6753
f 6764 6753 6754
f 6764 6754 6755
f 6764 6755 6756
f 6764 6756 6757
f 6764 6757 6758
f 6764 6758 6759
f 6764 6759 6760
f 6764 6760 6761
f 6764 6761 6762
f 6764 6762 6747
o Ilyth_Ankle_R_Rear
usemtl soft_charcoal
s 1
v 1.49284 0.06873 -1.58142
v 1.49264 0.06873 -1.58258
v 1.49206 0.06873 -1.58357
v 1.49120 0.06873 -1.58423
v 1.49018 0.06873 -1.58446
v 1.48916 0.06873 -1.58423
v 1.48830 0.06873 -1.58357
v 1.48772 0.06873 -1.58258
v 1.48752 0.06873 -1.58142
v 1.48772 0.06873 -1.58025
v 1.48830 0.06873 -1.57927
v 1.48916 0.06873 -1.57861
v 1.49018 0.06873 -1.57838
v 1.49120 0.06873 -1.57861
v 1.49206 0.06873 -1.57927
v 1.49264 0.06873 -1.58025
v 1.50342 0.07158 -1.58142
v 1.50241 0.07158 -1.58721
v 1.49954 0.07158 -1.59212
v 1.49525 0.07158 -1.59540
v 1.49018 0.07158 -1.59655
v 1.48511 0.07158 -1.59540
v 1.48082 0.07158 -1.59212
v 1.47795 0.07158 -1.58721
v 1.47694 0.07158 -1.58142
v 1.47795 0.07158 -1.57563
v 1.48082 0.07158 -1.57072
v 1.48511 0.07158 -1.56744
v 1.49018 0.07158 -1.56629
v 1.49525 0.07158 -1.56744
v 1.49954 0.07158 -1.57072
v 1.50241 0.07158 -1.57563
v 1.51844 0.07602 -1.58142
v 1.51628 0.07602 -1.59377
v 1.51016 0.07602 -1.60425
v 1.50099 0.07602 -1.61125
v 1.49018 0.07602 -1.61371
v 1.47937 0.07602 -1.61125
v 1.47020 0.07602 -1.60425
v 1.46408 0.07602 -1.59377
v 1.46193 0.07602 -1.58142
v 1.46408 0.07602 -1.56906
v 1.47020 0.07602 -1.55858
v 1.47937 0.07602 -1.55158
v 1.49018 0.07602 -1.54913
v 1.50099 0.07602 -1.55158
v 1.51016 0.07602 -1.55858
v 1.51628 0.07602 -1.56906
v 1.53275 0.08306 -1.58142
v 1.52951 0.08306 -1.60003
v 1.52028 0.08306 -1.61582
v 1.50647 0.08306 -1.62636
v 1.49018 0.08306 -1.63007
v 1.47389 0.08306 -1.62636
v 1.46008 0.08306 -1.61582
v 1.45085 0.08306 -1.60003
v 1.44761 0.08306 -1.58142
v 1.45085 0.08306 -1.56280
v 1.46008 0.08306 -1.54702
v 1.47389 0.08306 -1.53647
v 1.49018 0.08306 -1.53277
v 1.50647 0.08306 -1.53647
v 1.52028 0.08306 -1.54702
v 1.52951 0.08306 -1.56280
v 1.54484 0.09321 -1.58142
v 1.54068 0.09321 -1.60532
v 1.52883 0.09321 -1.62559
v 1.51110 0.09321 -1.63913
v 1.49018 0.09321 -1.64389
v 1.46926 0.09321 -1.63913
v 1.45153 0.09321 -1.62559
v 1.43968 0.09321 -1.60532
v 1.43552 0.09321 -1.58142
v 1.43968 0.09321 -1.55751
v 1.45153 0.09321 -1.53724
v 1.46926 0.09321 -1.52370
v 1.49018 0.09321 -1.51895
v 1.51110 0.09321 -1.52370
v 1.52883 0.09321 -1.53724
v 1.54068 0.09321 -1.55751
v 1.55624 0.10596 -1.58142
v 1.55121 0.10596 -1.61031
v 1.53689 0.10596 -1.63480
v 1.51546 0.10596 -1.65116
v 1.49018 0.10596 -1.65691
v 1.46490 0.10596 -1.65116
v 1.44347 0.10596 -1.63480
v 1.42915 0.10596 -1.61031
v 1.42413 0.10596 -1.58142
v 1.42915 0.10596 -1.55253
v 1.44347 0.10596 -1.52804
v 1.46490 0.10596 -1.51167
v 1.49018 0.10596 -1.50592
v 1.51546 0.10596 -1.51167
v 1.53689 0.10596 -1.52804
v 1.55121 0.10596 -1.55253
v 1.56638 0.12068 -1.58142
v 1.56058 0.12068 -1.61474
v 1.54406 0.12068 -1.64300
v 1.51934 0.12068 -1.66187
v 1.49018 0.12068 -1.66850
v 1.46102 0.12068 -1.66187
v 1.43630 0.12068 -1.64300
v 1.41978 0.12068 -1.61474
v 1.41398 0.12068 -1.58142
v 1.41978 0.12068 -1.54809
v 1.43630 0.12068 -1.51984
v 1.46102 0.12068 -1.50096
v 1.49018 0.12068 -1.49433
v 1.51934 0.12068 -1.50096
v 1.54406 0.12068 -1.51984
v 1.56058 0.12068 -1.54809
v 1.57522 0.13747 -1.58142
v 1.56874 0.13747 -1.61861
v 1.55031 0.13747 -1.65014
v 1.52272 0.13747 -1.67120
v 1.49018 0.13747 -1.67860
v 1.45764 0.13747 -1.67120
v 1.43005 0.13747 -1.65014
v 1.41162 0.13747 -1.61861
v 1.40515 0.13747 -1.58142
v 1.41162 0.13747 -1.54423
v 1.43005 0.13747 -1.51270
v 1.45764 0.13747 -1.49163
v 1.49018 0.13747 -1.48423
v 1.52272 0.13747 -1.49163
v 1.55031 0.13747 -1.51270
v 1.56874 0.13747 -1.54423
v 1.58280 0.15623 -1.58142
v 1.57575 0.15623 -1.62193
v 1.55567 0.15623 -1.65627
v 1.52563 0.15623 -1.67921
v 1.49018 0.15623 -1.68727
v 1.45474 0.15623 -1.67921
v 1.42469 0.15623 -1.65627
v 1.40461 0.15623 -1.62193
v 1.39756 0.15623 -1.58142
v 1.40461 0.15623 -1.54091
v 1.42469 0.15623 -1.50657
v 1.45474 0.15623 -1.48362
v 1.49018 0.15623 -1.47556
v 1.52563 0.15623 -1.48362
v 1.55567 0.15623 -1.50657
v 1.57575 0.15623 -1.54091
v 1.58877 0.17605 -1.58142
v 1.58127 0.17605 -1.62454
v 1.55990 0.17605 -1.66109
v 1.52791 0.17605 -1.68552
v 1.49018 0.17605 -1.69409
v 1.45245 0.17605 -1.68552
v 1.42047 0.17605 -1.66109
v 1.39909 0.17605 -1.62454
v 1.39159 0.17605 -1.58142
v 1.39909 0.17605 -1.53830
v 1.42047 0.17605 -1.50174
v 1.45245 0.17605 -1.47732
v 1.49018 0.17605 -1.46874
v 1.52791 0.17605 -1.47732
v 1.55990 0.17605 -1.50174
v 1.58127 0.17605 -1.53830
v 1.59305 0.19700 -1.58142
v 1.58522 0.19700 -1.62641
v 1.56292 0.19700 -1.66455
v 1.52955 0.19700 -1.69003
v 1.49018 0.19700 -1.69898
v 1.45082 0.19700 -1.69003
v 1.41744 0.19700 -1.66455
v 1.39514 0.19700 -1.62641
v 1.38731 0.19700 -1.58142
v 1.39514 0.19700 -1.53643
v 1.41744 0.19700 -1.49829
v 1.45082 0.19700 -1.47280
v 1.49018 0.19700 -1.46385
v 1.52955 0.19700 -1.47280
v 1.56292 0.19700 -1.49829
v 1.58522 0.19700 -1.53643
v 1.59571 0.21900 -1.58142
v 1.58767 0.21900 -1.62757
v 1.56480 0.21900 -1.66670
v 1.53056 0.21900 -1.69284
v 1.49018 0.21900 -1.70202
v 1.44980 0.21900 -1.69284
v 1.41556 0.21900 -1.66670
v 1.39269 0.21900 -1.62757
v 1.38465 0.21900 -1.58142
v 1.39269 0.21900 -1.53526
v 1.41556 0.21900 -1.49614
v 1.44980 0.21900 -1.47000
v 1.49018 0.21900 -1.46082
v 1.53056 0.21900 -1.47000
v 1.56480 0.21900 -1.49614
v 1.58767 0.21900 -1.53526
v 1.59662 0.24101 -1.58142
v 1.58852 0.24101 -1.62797
v 1.56545 0.24101 -1.66743
v 1.53091 0.24101 -1.69380
v 1.49018 0.24101 -1.70306
v 1.44945 0.24101 -1.69380
v 1.41492 0.24101 -1.66743
v 1.39184 0.24101 -1.62797
v 1.38374 0.24101 -1.58142
v 1.39184 0.24101 -1.53486
v 1.41492 0.24101 -1.49540
v 1.44945 0.24101 -1.46903
v 1.49018 0.24101 -1.45977
v 1.53091 0.24101 -1.46903
v 1.56545 0.24101 -1.49540
v 1.58852 0.24101 -1.53486
v 1.59571 0.26301 -1.58142
v 1.58767 0.26301 -1.62757
v 1.56480 0.26301 -1.66670
v 1.53056 0.26301 -1.69284
v 1.49018 0.26301 -1.70202
v 1.44980 0.26301 -1.69284
v 1.41556 0.26301 -1.66670
v 1.39269 0.26301 -1.62757
v 1.38465 0.26301 -1.58142
v 1.39269 0.26301 -1.53526
v 1.41556 0.26301 -1.49614
v 1.44980 0.26301 -1.47000
v 1.49018 0.26301 -1.46082
v 1.53056 0.26301 -1.47000
v 1.56480 0.26301 -1.49614
v 1.58767 0.26301 -1.53526
v 1.59305 0.28502 -1.58142
v 1.58522 0.28502 -1.62641
v 1.56292 0.28502 -1.66455
v 1.52955 0.28502 -1.69003
v 1.49018 0.28502 -1.69898
v 1.45082 0.28502 -1.69003
v 1.41744 0.28502 -1.66455
v 1.39514 0.28502 -1.62641
v 1.38731 0.28502 -1.58142
v 1.39514 0.28502 -1.53643
v 1.41744 0.28502 -1.49829
v 1.45082 0.28502 -1.47280
v 1.49018 0.28502 -1.46385
v 1.52955 0.28502 -1.47280
v 1.56292 0.28502 -1.49829
v 1.58522 0.28502 -1.53643
v 1.58877 0.30596 -1.58142
v 1.58127 0.30596 -1.62454
v 1.55990 0.30596 -1.66109
v 1.52791 0.30596 -1.68552
v 1.49018 0.30596 -1.69409
v 1.45245 0.30596 -1.68552
v 1.42047 0.30596 -1.66109
v 1.39909 0.30596 -1.62454
v 1.39159 0.30596 -1.58142
v 1.39909 0.30596 -1.53830
v 1.42047 0.30596 -1.50174
v 1.45245 0.30596 -1.47732
v 1.49018 0.30596 -1.46874
v 1.52791 0.30596 -1.47732
v 1.55990 0.30596 -1.50174
v 1.58127 0.30596 -1.53830
v 1.58280 0.32578 -1.58142
v 1.57575 0.32578 -1.62193
v 1.55567 0.32578 -1.65627
v 1.52563 0.32578 -1.67921
v 1.49018 0.32578 -1.68727
v 1.45474 0.32578 -1.67921
v 1.42469 0.32578 -1.65627
v 1.40461 0.32578 -1.62193
v 1.39756 0.32578 -1.58142
v 1.40461 0.32578 -1.54091
v 1.42469 0.32578 -1.50657
v 1.45474 0.32578 -1.48362
v 1.49018 0.32578 -1.47556
v 1.52563 0.32578 -1.48362
v 1.55567 0.32578 -1.50657
v 1.57575 0.32578 -1.54091
v 1.57522 0.34454 -1.58142
v 1.56874 0.34454 -1.61861
v 1.55031 0.34454 -1.65014
v 1.52272 0.34454 -1.67120
v 1.49018 0.34454 -1.67860
v 1.45764 0.34454 -1.67120
v 1.43005 0.34454 -1.65014
v 1.41162 0.34454 -1.61861
v 1.40515 0.34454 -1.58142
v 1.41162 0.34454 -1.54423
v 1.43005 0.34454 -1.51270
v 1.45764 0.34454 -1.49163
v 1.49018 0.34454 -1.48423
v 1.52272 0.34454 -1.49163
v 1.55031 0.34454 -1.51270
v 1.56874 0.34454 -1.54423
v 1.56638 0.36133 -1.58142
v 1.56058 0.36133 -1.61474
v 1.54406 0.36133 -1.64300
v 1.51934 0.36133 -1.66187
v 1.49018 0.36133 -1.66850
v 1.46102 0.36133 -1.66187
v 1.43630 0.36133 -1.64300
v 1.41978 0.36133 -1.61474
v 1.41398 0.36133 -1.58142
v 1.41978 0.36133 -1.54809
v 1.43630 0.36133 -1.51984
v 1.46102 0.36133 -1.50096
v 1.49018 0.36133 -1.49433
v 1.51934 0.36133 -1.50096
v 1.54406 0.36133 -1.51984
v 1.56058 0.36133 -1.54809
v 1.55624 0.37605 -1.58142
v 1.55121 0.37605 -1.61031
v 1.53689 0.37605 -1.63480
v 1.51546 0.37605 -1.65116
v 1.49018 0.37605 -1.65691
v 1.46490 0.37605 -1.65116
v 1.44347 0.37605 -1.63480
v 1.42915 0.37605 -1.61031
v 1.42413 0.37605 -1.58142
v 1.42915 0.37605 -1.55253
v 1.44347 0.37605 -1.52804
v 1.46490 0.37605 -1.51167
v 1.49018 0.37605 -1.50592
v 1.51546 0.37605 -1.51167
v 1.53689 0.37605 -1.52804
v 1.55121 0.37605 -1.55253
v 1.54484 0.38880 -1.58142
v 1.54068 0.38880 -1.60532
v 1.52883 0.38880 -1.62559
v 1.51110 0.38880 -1.63913
v 1.49018 0.38880 -1.64389
v 1.46926 0.38880 -1.63913
v 1.45153 0.38880 -1.62559
v 1.43968 0.38880 -1.60532
v 1.43552 0.38880 -1.58142
v 1.43968 0.38880 -1.55751
v 1.45153 0.38880 -1.53724
v 1.46926 0.38880 -1.52370
v 1.49018 0.38880 -1.51895
v 1.51110 0.38880 -1.52370
v 1.52883 0.38880 -1.53724
v 1.54068 0.38880 -1.55751
v 1.53275 0.39896 -1.58142
v 1.52951 0.39896 -1.60003
v 1.52028 0.39896 -1.61582
v 1.50647 0.39896 -1.62636
v 1.49018 0.39896 -1.63007
v 1.47389 0.39896 -1.62636
v 1.46008 0.39896 -1.61582
v 1.45085 0.39896 -1.60003
v 1.44761 0.39896 -1.58142
v 1.45085 0.39896 -1.56280
v 1.46008 0.39896 -1.54702
v 1.47389 0.39896 -1.53647
v 1.49018 0.39896 -1.53277
v 1.50647 0.39896 -1.53647
v 1.52028 0.39896 -1.54702
v 1.52951 0.39896 -1.56280
v 1.51844 0.40599 -1.58142
v 1.51628 0.40599 -1.59377
v 1.51016 0.40599 -1.60425
v 1.50099 0.40599 -1.61125
v 1.49018 0.40599 -1.61371
v 1.47937 0.40599 -1.61125
v 1.47020 0.40599 -1.60425
v 1.46408 0.40599 -1.59377
v 1.46193 0.40599 -1.58142
v 1.46408 0.40599 -1.56906
v 1.47020 0.40599 -1.55858
v 1.47937 0.40599 -1.55158
v 1.49018 0.40599 -1.54913
v 1.50099 0.40599 -1.55158
v 1.51016 0.40599 -1.55858
v 1.51628 0.40599 -1.56906
v 1.50342 0.41044 -1.58142
v 1.50241 0.41044 -1.58721
v 1.49954 0.41044 -1.59212
v 1.49525 0.41044 -1.59540
v 1.49018 0.41044 -1.59655
v 1.48511 0.41044 -1.59540
v 1.48082 0.41044 -1.59212
v 1.47795 0.41044 -1.58721
v 1.47694 0.41044 -1.58142
v 1.47795 0.41044 -1.57563
v 1.48082 0.41044 -1.57072
v 1.48511 0.41044 -1.56744
v 1.49018 0.41044 -1.56629
v 1.49525 0.41044 -1.56744
v 1.49954 0.41044 -1.57072
v 1.50241 0.41044 -1.57563
v 1.49284 0.41329 -1.58142
v 1.49264 0.41329 -1.58258
v 1.49206 0.41329 -1.58357
v 1.49120 0.41329 -1.58423
v 1.49018 0.41329 -1.58446
v 1.48916 0.41329 -1.58423
v 1.48830 0.41329 -1.58357
v 1.48772 0.41329 -1.58258
v 1.48752 0.41329 -1.58142
v 1.48772 0.41329 -1.58025
v 1.48830 0.41329 -1.57927
v 1.48916 0.41329 -1.57861
v 1.49018 0.41329 -1.57838
v 1.49120 0.41329 -1.57861
v 1.49206 0.41329 -1.57927
v 1.49264 0.41329 -1.58025
v 1.49018 0.06873 -1.58142
v 1.49018 0.41329 -1.58142
f 6765 6766 6782
f 6765 6782 6781
f 6766 6767 6783
f 6766 6783 6782
f 6767 6768 6784
f 6767 6784 6783
f 6768 6769 6785
f 6768 6785 6784
f 6769 6770 6786
f 6769 6786 6785
f 6770 6771 6787
f 6770 6787 6786
f 6771 6772 6788
f 6771 6788 6787
f 6772 6773 6789
f 6772 6789 6788
f 6773 6774 6790
f 6773 6790 6789
f 6774 6775 6791
f 6774 6791 6790
f 6775 6776 6792
f 6775 6792 6791
f 6776 6777 6793
f 6776 6793 6792
f 6777 6778 6794
f 6777 6794 6793
f 6778 6779 6795
f 6778 6795 6794
f 6779 6780 6796
f 6779 6796 6795
f 6780 6765 6781
f 6780 6781 6796
f 6781 6782 6798
f 6781 6798 6797
f 6782 6783 6799
f 6782 6799 6798
f 6783 6784 6800
f 6783 6800 6799
f 6784 6785 6801
f 6784 6801 6800
f 6785 6786 6802
f 6785 6802 6801
f 6786 6787 6803
f 6786 6803 6802
f 6787 6788 6804
f 6787 6804 6803
f 6788 6789 6805
f 6788 6805 6804
f 6789 6790 6806
f 6789 6806 6805
f 6790 6791 6807
f 6790 6807 6806
f 6791 6792 6808
f 6791 6808 6807
f 6792 6793 6809
f 6792 6809 6808
f 6793 6794 6810
f 6793 6810 6809
f 6794 6795 6811
f 6794 6811 6810
f 6795 6796 6812
f 6795 6812 6811
f 6796 6781 6797
f 6796 6797 6812
f 6797 6798 6814
f 6797 6814 6813
f 6798 6799 6815
f 6798 6815 6814
f 6799 6800 6816
f 6799 6816 6815
f 6800 6801 6817
f 6800 6817 6816
f 6801 6802 6818
f 6801 6818 6817
f 6802 6803 6819
f 6802 6819 6818
f 6803 6804 6820
f 6803 6820 6819
f 6804 6805 6821
f 6804 6821 6820
f 6805 6806 6822
f 6805 6822 6821
f 6806 6807 6823
f 6806 6823 6822
f 6807 6808 6824
f 6807 6824 6823
f 6808 6809 6825
f 6808 6825 6824
f 6809 6810 6826
f 6809 6826 6825
f 6810 6811 6827
f 6810 6827 6826
f 6811 6812 6828
f 6811 6828 6827
f 6812 6797 6813
f 6812 6813 6828
f 6813 6814 6830
f 6813 6830 6829
f 6814 6815 6831
f 6814 6831 6830
f 6815 6816 6832
f 6815 6832 6831
f 6816 6817 6833
f 6816 6833 6832
f 6817 6818 6834
f 6817 6834 6833
f 6818 6819 6835
f 6818 6835 6834
f 6819 6820 6836
f 6819 6836 6835
f 6820 6821 6837
f 6820 6837 6836
f 6821 6822 6838
f 6821 6838 6837
f 6822 6823 6839
f 6822 6839 6838
f 6823 6824 6840
f 6823 6840 6839
f 6824 6825 6841
f 6824 6841 6840
f 6825 6826 6842
f 6825 6842 6841
f 6826 6827 6843
f 6826 6843 6842
f 6827 6828 6844
f 6827 6844 6843
f 6828 6813 6829
f 6828 6829 6844
f 6829 6830 6846
f 6829 6846 6845
f 6830 6831 6847
f 6830 6847 6846
f 6831 6832 6848
f 6831 6848 6847
f 6832 6833 6849
f 6832 6849 6848
f 6833 6834 6850
f 6833 6850 6849
f 6834 6835 6851
f 6834 6851 6850
f 6835 6836 6852
f 6835 6852 6851
f 6836 6837 6853
f 6836 6853 6852
f 6837 6838 6854
f 6837 6854 6853
f 6838 6839 6855
f 6838 6855 6854
f 6839 6840 6856
f 6839 6856 6855
f 6840 6841 6857
f 6840 6857 6856
f 6841 6842 6858
f 6841 6858 6857
f 6842 6843 6859
f 6842 6859 6858
f 6843 6844 6860
f 6843 6860 6859
f 6844 6829 6845
f 6844 6845 6860
f 6845 6846 6862
f 6845 6862 6861
f 6846 6847 6863
f 6846 6863 6862
f 6847 6848 6864
f 6847 6864 6863
f 6848 6849 6865
f 6848 6865 6864
f 6849 6850 6866
f 6849 6866 6865
f 6850 6851 6867
f 6850 6867 6866
f 6851 6852 6868
f 6851 6868 6867
f 6852 6853 6869
f 6852 6869 6868
f 6853 6854 6870
f 6853 6870 6869
f 6854 6855 6871
f 6854 6871 6870
f 6855 6856 6872
f 6855 6872 6871
f 6856 6857 6873
f 6856 6873 6872
f 6857 6858 6874
f 6857 6874 6873
f 6858 6859 6875
f 6858 6875 6874
f 6859 6860 6876
f 6859 6876 6875
f 6860 6845 6861
f 6860 6861 6876
f 6861 6862 6878
f 6861 6878 6877
f 6862 6863 6879
f 6862 6879 6878
f 6863 6864 6880
f 6863 6880 6879
f 6864 6865 6881
f 6864 6881 6880
f 6865 6866 6882
f 6865 6882 6881
f 6866 6867 6883
f 6866 6883 6882
f 6867 6868 6884
f 6867 6884 6883
f 6868 6869 6885
f 6868 6885 6884
f 6869 6870 6886
f 6869 6886 6885
f 6870 6871 6887
f 6870 6887 6886
f 6871 6872 6888
f 6871 6888 6887
f 6872 6873 6889
f 6872 6889 6888
f 6873 6874 6890
f 6873 6890 6889
f 6874 6875 6891
f 6874 6891 6890
f 6875 6876 6892
f 6875 6892 6891
f 6876 6861 6877
f 6876 6877 6892
f 6877 6878 6894
f 6877 6894 6893
f 6878 6879 6895
f 6878 6895 6894
f 6879 6880 6896
f 6879 6896 6895
f 6880 6881 6897
f 6880 6897 6896
f 6881 6882 6898
f 6881 6898 6897
f 6882 6883 6899
f 6882 6899 6898
f 6883 6884 6900
f 6883 6900 6899
f 6884 6885 6901
f 6884 6901 6900
f 6885 6886 6902
f 6885 6902 6901
f 6886 6887 6903
f 6886 6903 6902
f 6887 6888 6904
f 6887 6904 6903
f 6888 6889 6905
f 6888 6905 6904
f 6889 6890 6906
f 6889 6906 6905
f 6890 6891 6907
f 6890 6907 6906
f 6891 6892 6908
f 6891 6908 6907
f 6892 6877 6893
f 6892 6893 6908
f 6893 6894 6910
f 6893 6910 6909
f 6894 6895 6911
f 6894 6911 6910
f 6895 6896 6912
f 6895 6912 6911
f 6896 6897 6913
f 6896 6913 6912
f 6897 6898 6914
f 6897 6914 6913
f 6898 6899 6915
f 6898 6915 6914
f 6899 6900 6916
f 6899 6916 6915
f 6900 6901 6917
f 6900 6917 6916
f 6901 6902 6918
f 6901 6918 6917
f 6902 6903 6919
f 6902 6919 6918
f 6903 6904 6920
f 6903 6920 6919
f 6904 6905 6921
f 6904 6921 6920
f 6905 6906 6922
f 6905 6922 6921
f 6906 6907 6923
f 6906 6923 6922
f 6907 6908 6924
f 6907 6924 6923
f 6908 6893 6909
f 6908 6909 6924
f 6909 6910 6926
f 6909 6926 6925
f 6910 6911 6927
f 6910 6927 6926
f 6911 6912 6928
f 6911 6928 6927
f 6912 6913 6929
f 6912 6929 6928
f 6913 6914 6930
f 6913 6930 6929
f 6914 6915 6931
f 6914 6931 6930
f 6915 6916 6932
f 6915 6932 6931
f 6916 6917 6933
f 6916 6933 6932
f 6917 6918 6934
f 6917 6934 6933
f 6918 6919 6935
f 6918 6935 6934
f 6919 6920 6936
f 6919 6936 6935
f 6920 6921 6937
f 6920 6937 6936
f 6921 6922 6938
f 6921 6938 6937
f 6922 6923 6939
f 6922 6939 6938
f 6923 6924 6940
f 6923 6940 6939
f 6924 6909 6925
f 6924 6925 6940
f 6925 6926 6942
f 6925 6942 6941
f 6926 6927 6943
f 6926 6943 6942
f 6927 6928 6944
f 6927 6944 6943
f 6928 6929 6945
f 6928 6945 6944
f 6929 6930 6946
f 6929 6946 6945
f 6930 6931 6947
f 6930 6947 6946
f 6931 6932 6948
f 6931 6948 6947
f 6932 6933 6949
f 6932 6949 6948
f 6933 6934 6950
f 6933 6950 6949
f 6934 6935 6951
f 6934 6951 6950
f 6935 6936 6952
f 6935 6952 6951
f 6936 6937 6953
f 6936 6953 6952
f 6937 6938 6954
f 6937 6954 6953
f 6938 6939 6955
f 6938 6955 6954
f 6939 6940 6956
f 6939 6956 6955
f 6940 6925 6941
f 6940 6941 6956
f 6941 6942 6958
f 6941 6958 6957
f 6942 6943 6959
f 6942 6959 6958
f 6943 6944 6960
f 6943 6960 6959
f 6944 6945 6961
f 6944 6961 6960
f 6945 6946 6962
f 6945 6962 6961
f 6946 6947 6963
f 6946 6963 6962
f 6947 6948 6964
f 6947 6964 6963
f 6948 6949 6965
f 6948 6965 6964
f 6949 6950 6966
f 6949 6966 6965
f 6950 6951 6967
f 6950 6967 6966
f 6951 6952 6968
f 6951 6968 6967
f 6952 6953 6969
f 6952 6969 6968
f 6953 6954 6970
f 6953 6970 6969
f 6954 6955 6971
f 6954 6971 6970
f 6955 6956 6972
f 6955 6972 6971
f 6956 6941 6957
f 6956 6957 6972
f 6957 6958 6974
f 6957 6974 6973
f 6958 6959 6975
f 6958 6975 6974
f 6959 6960 6976
f 6959 6976 6975
f 6960 6961 6977
f 6960 6977 6976
f 6961 6962 6978
f 6961 6978 6977
f 6962 6963 6979
f 6962 6979 6978
f 6963 6964 6980
f 6963 6980 6979
f 6964 6965 6981
f 6964 6981 6980
f 6965 6966 6982
f 6965 6982 6981
f 6966 6967 6983
f 6966 6983 6982
f 6967 6968 6984
f 6967 6984 6983
f 6968 6969 6985
f 6968 6985 6984
f 6969 6970 6986
f 6969 6986 6985
f 6970 6971 6987
f 6970 6987 6986
f 6971 6972 6988
f 6971 6988 6987
f 6972 6957 6973
f 6972 6973 6988
f 6973 6974 6990
f 6973 6990 6989
f 6974 6975 6991
f 6974 6991 6990
f 6975 6976 6992
f 6975 6992 6991
f 6976 6977 6993
f 6976 6993 6992
f 6977 6978 6994
f 6977 6994 6993
f 6978 6979 6995
f 6978 6995 6994
f 6979 6980 6996
f 6979 6996 6995
f 6980 6981 6997
f 6980 6997 6996
f 6981 6982 6998
f 6981 6998 6997
f 6982 6983 6999
f 6982 6999 6998
f 6983 6984 7000
f 6983 7000 6999
f 6984 6985 7001
f 6984 7001 7000
f 6985 6986 7002
f 6985 7002 7001
f 6986 6987 7003
f 6986 7003 7002
f 6987 6988 7004
f 6987 7004 7003
f 6988 6973 6989
f 6988 6989 7004
f 6989 6990 7006
f 6989 7006 7005
f 6990 6991 7007
f 6990 7007 7006
f 6991 6992 7008
f 6991 7008 7007
f 6992 6993 7009
f 6992 7009 7008
f 6993 6994 7010
f 6993 7010 7009
f 6994 6995 7011
f 6994 7011 7010
f 6995 6996 7012
f 6995 7012 7011
f 6996 6997 7013
f 6996 7013 7012
f 6997 6998 7014
f 6997 7014 7013
f 6998 6999 7015
f 6998 7015 7014
f 6999 7000 7016
f 6999 7016 7015
f 7000 7001 7017
f 7000 7017 7016
f 7001 7002 7018
f 7001 7018 7017
f 7002 7003 7019
f 7002 7019 7018
f 7003 7004 7020
f 7003 7020 7019
f 7004 6989 7005
f 7004 7005 7020
f 7005 7006 7022
f 7005 7022 7021
f 7006 7007 7023
f 7006 7023 7022
f 7007 7008 7024
f 7007 7024 7023
f 7008 7009 7025
f 7008 7025 7024
f 7009 7010 7026
f 7009 7026 7025
f 7010 7011 7027
f 7010 7027 7026
f 7011 7012 7028
f 7011 7028 7027
f 7012 7013 7029
f 7012 7029 7028
f 7013 7014 7030
f 7013 7030 7029
f 7014 7015 7031
f 7014 7031 7030
f 7015 7016 7032
f 7015 7032 7031
f 7016 7017 7033
f 7016 7033 7032
f 7017 7018 7034
f 7017 7034 7033
f 7018 7019 7035
f 7018 7035 7034
f 7019 7020 7036
f 7019 7036 7035
f 7020 7005 7021
f 7020 7021 7036
f 7021 7022 7038
f 7021 7038 7037
f 7022 7023 7039
f 7022 7039 7038
f 7023 7024 7040
f 7023 7040 7039
f 7024 7025 7041
f 7024 7041 7040
f 7025 7026 7042
f 7025 7042 7041
f 7026 7027 7043
f 7026 7043 7042
f 7027 7028 7044
f 7027 7044 7043
f 7028 7029 7045
f 7028 7045 7044
f 7029 7030 7046
f 7029 7046 7045
f 7030 7031 7047
f 7030 7047 7046
f 7031 7032 7048
f 7031 7048 7047
f 7032 7033 7049
f 7032 7049 7048
f 7033 7034 7050
f 7033 7050 7049
f 7034 7035 7051
f 7034 7051 7050
f 7035 7036 7052
f 7035 7052 7051
f 7036 7021 7037
f 7036 7037 7052
f 7037 7038 7054
f 7037 7054 7053
f 7038 7039 7055
f 7038 7055 7054
f 7039 7040 7056
f 7039 7056 7055
f 7040 7041 7057
f 7040 7057 7056
f 7041 7042 7058
f 7041 7058 7057
f 7042 7043 7059
f 7042 7059 7058
f 7043 7044 7060
f 7043 7060 7059
f 7044 7045 7061
f 7044 7061 7060
f 7045 7046 7062
f 7045 7062 7061
f 7046 7047 7063
f 7046 7063 7062
f 7047 7048 7064
f 7047 7064 7063
f 7048 7049 7065
f 7048 7065 7064
f 7049 7050 7066
f 7049 7066 7065
f 7050 7051 7067
f 7050 7067 7066
f 7051 7052 7068
f 7051 7068 7067
f 7052 7037 7053
f 7052 7053 7068
f 7053 7054 7070
f 7053 7070 7069
f 7054 7055 7071
f 7054 7071 7070
f 7055 7056 7072
f 7055 7072 7071
f 7056 7057 7073
f 7056 7073 7072
f 7057 7058 7074
f 7057 7074 7073
f 7058 7059 7075
f 7058 7075 7074
f 7059 7060 7076
f 7059 7076 7075
f 7060 7061 7077
f 7060 7077 7076
f 7061 7062 7078
f 7061 7078 7077
f 7062 7063 7079
f 7062 7079 7078
f 7063 7064 7080
f 7063 7080 7079
f 7064 7065 7081
f 7064 7081 7080
f 7065 7066 7082
f 7065 7082 7081
f 7066 7067 7083
f 7066 7083 7082
f 7067 7068 7084
f 7067 7084 7083
f 7068 7053 7069
f 7068 7069 7084
f 7069 7070 7086
f 7069 7086 7085
f 7070 7071 7087
f 7070 7087 7086
f 7071 7072 7088
f 7071 7088 7087
f 7072 7073 7089
f 7072 7089 7088
f 7073 7074 7090
f 7073 7090 7089
f 7074 7075 7091
f 7074 7091 7090
f 7075 7076 7092
f 7075 7092 7091
f 7076 7077 7093
f 7076 7093 7092
f 7077 7078 7094
f 7077 7094 7093
f 7078 7079 7095
f 7078 7095 7094
f 7079 7080 7096
f 7079 7096 7095
f 7080 7081 7097
f 7080 7097 7096
f 7081 7082 7098
f 7081 7098 7097
f 7082 7083 7099
f 7082 7099 7098
f 7083 7084 7100
f 7083 7100 7099
f 7084 7069 7085
f 7084 7085 7100
f 7085 7086 7102
f 7085 7102 7101
f 7086 7087 7103
f 7086 7103 7102
f 7087 7088 7104
f 7087 7104 7103
f 7088 7089 7105
f 7088 7105 7104
f 7089 7090 7106
f 7089 7106 7105
f 7090 7091 7107
f 7090 7107 7106
f 7091 7092 7108
f 7091 7108 7107
f 7092 7093 7109
f 7092 7109 7108
f 7093 7094 7110
f 7093 7110 7109
f 7094 7095 7111
f 7094 7111 7110
f 7095 7096 7112
f 7095 7112 7111
f 7096 7097 7113
f 7096 7113 7112
f 7097 7098 7114
f 7097 7114 7113
f 7098 7099 7115
f 7098 7115 7114
f 7099 7100 7116
f 7099 7116 7115
f 7100 7085 7101
f 7100 7101 7116
f 7101 7102 7118
f 7101 7118 7117
f 7102 7103 7119
f 7102 7119 7118
f 7103 7104 7120
f 7103 7120 7119
f 7104 7105 7121
f 7104 7121 7120
f 7105 7106 7122
f 7105 7122 7121
f 7106 7107 7123
f 7106 7123 7122
f 7107 7108 7124
f 7107 7124 7123
f 7108 7109 7125
f 7108 7125 7124
f 7109 7110 7126
f 7109 7126 7125
f 7110 7111 7127
f 7110 7127 7126
f 7111 7112 7128
f 7111 7128 7127
f 7112 7113 7129
f 7112 7129 7128
f 7113 7114 7130
f 7113 7130 7129
f 7114 7115 7131
f 7114 7131 7130
f 7115 7116 7132
f 7115 7132 7131
f 7116 7101 7117
f 7116 7117 7132
f 7117 7118 7134
f 7117 7134 7133
f 7118 7119 7135
f 7118 7135 7134
f 7119 7120 7136
f 7119 7136 7135
f 7120 7121 7137
f 7120 7137 7136
f 7121 7122 7138
f 7121 7138 7137
f 7122 7123 7139
f 7122 7139 7138
f 7123 7124 7140
f 7123 7140 7139
f 7124 7125 7141
f 7124 7141 7140
f 7125 7126 7142
f 7125 7142 7141
f 7126 7127 7143
f 7126 7143 7142
f 7127 7128 7144
f 7127 7144 7143
f 7128 7129 7145
f 7128 7145 7144
f 7129 7130 7146
f 7129 7146 7145
f 7130 7131 7147
f 7130 7147 7146
f 7131 7132 7148
f 7131 7148 7147
f 7132 7117 7133
f 7132 7133 7148
f 7133 7134 7150
f 7133 7150 7149
f 7134 7135 7151
f 7134 7151 7150
f 7135 7136 7152
f 7135 7152 7151
f 7136 7137 7153
f 7136 7153 7152
f 7137 7138 7154
f 7137 7154 7153
f 7138 7139 7155
f 7138 7155 7154
f 7139 7140 7156
f 7139 7156 7155
f 7140 7141 7157
f 7140 7157 7156
f 7141 7142 7158
f 7141 7158 7157
f 7142 7143 7159
f 7142 7159 7158
f 7143 7144 7160
f 7143 7160 7159
f 7144 7145 7161
f 7144 7161 7160
f 7145 7146 7162
f 7145 7162 7161
f 7146 7147 7163
f 7146 7163 7162
f 7147 7148 7164
f 7147 7164 7163
f 7148 7133 7149
f 7148 7149 7164
f 7165 6766 6765
f 7165 6767 6766
f 7165 6768 6767
f 7165 6769 6768
f 7165 6770 6769
f 7165 6771 6770
f 7165 6772 6771
f 7165 6773 6772
f 7165 6774 6773
f 7165 6775 6774
f 7165 6776 6775
f 7165 6777 6776
f 7165 6778 6777
f 7165 6779 6778
f 7165 6780 6779
f 7165 6765 6780
f 7166 7149 7150
f 7166 7150 7151
f 7166 7151 7152
f 7166 7152 7153
f 7166 7153 7154
f 7166 7154 7155
f 7166 7155 7156
f 7166 7156 7157
f 7166 7157 7158
f 7166 7158 7159
f 7166 7159 7160
f 7166 7160 7161
f 7166 7161 7162
f 7166 7162 7163
f 7166 7163 7164
f 7166 7164 7149
o Ilyth_Contact_R_Rear0
usemtl soft_charcoal
s 1
v 1.42933 0.27752 -1.58142
v 1.46917 0.30351 -1.62480
v 1.52131 0.29289 -1.64277
v 1.55522 0.25188 -1.62480
v 1.55103 0.20450 -1.58142
v 1.51120 0.17851 -1.53803
v 1.45905 0.18913 -1.52006
v 1.42514 0.23014 -1.53803
v 1.40903 0.24477 -1.61941
v 1.44771 0.26851 -1.66024
v 1.49965 0.25680 -1.67716
v 1.53444 0.21647 -1.66024
v 1.53169 0.17117 -1.61941
v 1.49301 0.14742 -1.57858
v 1.44106 0.15914 -1.56167
v 1.40627 0.19946 -1.57858
v 1.38061 0.19850 -1.67295
v 1.41756 0.21905 -1.71010
v 1.46908 0.20583 -1.72548
v 1.50498 0.16659 -1.71010
v 1.50424 0.12432 -1.67295
v 1.46729 0.10378 -1.63581
v 1.41577 0.11699 -1.62042
v 1.37987 0.15623 -1.63581
v 1.35634 0.15587 -1.72131
v 1.39100 0.17323 -1.75449
v 1.44100 0.15903 -1.76823
v 1.47705 0.12160 -1.75449
v 1.47804 0.08285 -1.72131
v 1.44339 0.06549 -1.68814
v 1.39339 0.07969 -1.67439
v 1.35733 0.11712 -1.68814
v 1.34038 0.12051 -1.75931
v 1.37160 0.13471 -1.78795
v 1.41792 0.12057 -1.79981
v 1.45219 0.08636 -1.78795
v 1.45435 0.05213 -1.75931
v 1.42313 0.03793 -1.73067
v 1.37682 0.05207 -1.71881
v 1.34254 0.08628 -1.73067
v 1.32857 0.08879 -1.79212
v 1.35579 0.09985 -1.81594
v 1.39734 0.08627 -1.82581
v 1.42887 0.05600 -1.81594
v 1.43192 0.02678 -1.79212
v 1.40470 0.01572 -1.76830
v 1.36316 0.02930 -1.75844
v 1.33163 0.05957 -1.76830
v 1.32072 0.06695 -1.81457
v 1.34509 0.07581 -1.83499
v 1.38318 0.06268 -1.84345
v 1.41270 0.03524 -1.83499
v 1.41634 0.00958 -1.81457
v 1.39198 0.00071 -1.79416
v 1.35389 0.01385 -1.78570
v 1.32437 0.04128 -1.79416
v 1.49018 0.24101 -1.58142
v 1.36853 0.03826 -1.81457
f 7167 7168 7176
f 7167 7176 7175
f 7168 7169 7177
f 7168 7177 7176
f 7169 7170 7178
f 7169 7178 7177
f 7170 7171 7179
f 7170 7179 7178
f 7171 7172 7180
f 7171 7180 7179
f 7172 7173 7181
f 7172 7181 7180
f 7173 7174 7182
f 7173 7182 7181
f 7174 7167 7175
f 7174 7175 7182
f 7175 7176 7184
f 7175 7184 7183
f 7176 7177 7185
f 7176 7185 7184
f 7177 7178 7186
f 7177 7186 7185
f 7178 7179 7187
f 7178 7187 7186
f 7179 7180 7188
f 7179 7188 7187
f 7180 7181 7189
f 7180 7189 7188
f 7181 7182 7190
f 7181 7190 7189
f 7182 7175 7183
f 7182 7183 7190
f 7183 7184 7192
f 7183 7192 7191
f 7184 7185 7193
f 7184 7193 7192
f 7185 7186 7194
f 7185 7194 7193
f 7186 7187 7195
f 7186 7195 7194
f 7187 7188 7196
f 7187 7196 7195
f 7188 7189 7197
f 7188 7197 7196
f 7189 7190 7198
f 7189 7198 7197
f 7190 7183 7191
f 7190 7191 7198
f 7191 7192 7200
f 7191 7200 7199
f 7192 7193 7201
f 7192 7201 7200
f 7193 7194 7202
f 7193 7202 7201
f 7194 7195 7203
f 7194 7203 7202
f 7195 7196 7204
f 7195 7204 7203
f 7196 7197 7205
f 7196 7205 7204
f 7197 7198 7206
f 7197 7206 7205
f 7198 7191 7199
f 7198 7199 7206
f 7199 7200 7208
f 7199 7208 7207
f 7200 7201 7209
f 7200 7209 7208
f 7201 7202 7210
f 7201 7210 7209
f 7202 7203 7211
f 7202 7211 7210
f 7203 7204 7212
f 7203 7212 7211
f 7204 7205 7213
f 7204 7213 7212
f 7205 7206 7214
f 7205 7214 7213
f 7206 7199 7207
f 7206 7207 7214
f 7207 7208 7216
f 7207 7216 7215
f 7208 7209 7217
f 7208 7217 7216
f 7209 7210 7218
f 7209 7218 7217
f 7210 7211 7219
f 7210 7219 7218
f 7211 7212 7220
f 7211 7220 7219
f 7212 7213 7221
f 7212 7221 7220
f 7213 7214 7222
f 7213 7222 7221
f 7214 7207 7215
f 7214 7215 7222
f 7223 7168 7167
f 7223 7169 7168
f 7223 7170 7169
f 7223 7171 7170
f 7223 7172 7171
f 7223 7173 7172
f 7223 7174 7173
f 7223 7167 7174
f 7224 7215 7216
f 7224 7216 7217
f 7224 7217 7218
f 7224 7218 7219
f 7224 7219 7220
f 7224 7220 7221
f 7224 7221 7222
f 7224 7222 7215
o Ilyth_Contact_R_Rear1
usemtl soft_charcoal
s 1
v 1.41922 0.24101 -1.58142
v 1.44000 0.28698 -1.62140
v 1.49018 0.30603 -1.63796
v 1.54036 0.28698 -1.62140
v 1.56114 0.24101 -1.58142
v 1.54036 0.19503 -1.54144
v 1.49018 0.17599 -1.52488
v 1.44000 0.19503 -1.54144
v 1.41866 0.20797 -1.61941
v 1.43961 0.25124 -1.65704
v 1.49018 0.26916 -1.67263
v 1.54076 0.25124 -1.65704
v 1.56171 0.20797 -1.61941
v 1.54076 0.16469 -1.58178
v 1.49018 0.14677 -1.56620
v 1.43961 0.16469 -1.58178
v 1.41809 0.16141 -1.67295
v 1.43921 0.20078 -1.70718
v 1.49018 0.21708 -1.72136
v 1.54115 0.20078 -1.70718
v 1.56227 0.16141 -1.67295
v 1.54115 0.12204 -1.63872
v 1.49018 0.10574 -1.62454
v 1.43921 0.12204 -1.63872
v 1.41922 0.11936 -1.72131
v 1.44000 0.15452 -1.75188
v 1.49018 0.16908 -1.76455
v 1.54036 0.15452 -1.75188
v 1.56114 0.11936 -1.72131
v 1.54036 0.08420 -1.69074
v 1.49018 0.06964 -1.67807
v 1.44000 0.08420 -1.69074
v 1.42373 0.08632 -1.75931
v 1.44319 0.11667 -1.78570
v 1.49018 0.12924 -1.79663
v 1.53717 0.11667 -1.78570
v 1.55664 0.08632 -1.75931
v 1.53717 0.05597 -1.73292
v 1.49018 0.04340 -1.72198
v 1.44319 0.05597 -1.73292
v 1.42992 0.05779 -1.79212
v 1.44757 0.08303 -1.81407
v 1.49018 0.09348 -1.82316
v 1.53279 0.08303 -1.81407
v 1.55044 0.05779 -1.79212
v 1.53279 0.03254 -1.77017
v 1.49018 0.02209 -1.76108
v 1.44757 0.03254 -1.77017
v 1.43443 0.03826 -1.81457
v 1.45076 0.05990 -1.83339
v 1.49018 0.06886 -1.84118
v 1.52961 0.05990 -1.83339
v 1.54594 0.03826 -1.81457
v 1.52961 0.01662 -1.79576
v 1.49018 0.00766 -1.78797
v 1.45076 0.01662 -1.79576
v 1.49018 0.24101 -1.58142
v 1.49018 0.03826 -1.81457
f 7225 7226 7234
f 7225 7234 7233
f 7226 7227 7235
f 7226 7235 7234
f 7227 7228 7236
f 7227 7236 7235
f 7228 7229 7237
f 7228 7237 7236
f 7229 7230 7238
f 7229 7238 7237
f 7230 7231 7239
f 7230 7239 7238
f 7231 7232 7240
f 7231 7240 7239
f 7232 7225 7233
f 7232 7233 7240
f 7233 7234 7242
f 7233 7242 7241
f 7234 7235 7243
f 7234 7243 7242
f 7235 7236 7244
f 7235 7244 7243
f 7236 7237 7245
f 7236 7245 7244
f 7237 7238 7246
f 7237 7246 7245
f 7238 7239 7247
f 7238 7247 7246
f 7239 7240 7248
f 7239 7248 7247
f 7240 7233 7241
f 7240 7241 7248
f 7241 7242 7250
f 7241 7250 7249
f 7242 7243 7251
f 7242 7251 7250
f 7243 7244 7252
f 7243 7252 7251
f 7244 7245 7253
f 7244 7253 7252
f 7245 7246 7254
f 7245 7254 7253
f 7246 7247 7255
f 7246 7255 7254
f 7247 7248 7256
f 7247 7256 7255
f 7248 7241 7249
f 7248 7249 7256
f 7249 7250 7258
f 7249 7258 7257
f 7250 7251 7259
f 7250 7259 7258
f 7251 7252 7260
f 7251 7260 7259
f 7252 7253 7261
f 7252 7261 7260
f 7253 7254 7262
f 7253 7262 7261
f 7254 7255 7263
f 7254 7263 7262
f 7255 7256 7264
f 7255 7264 7263
f 7256 7249 7257
f 7256 7257 7264
f 7257 7258 7266
f 7257 7266 7265
f 7258 7259 7267
f 7258 7267 7266
f 7259 7260 7268
f 7259 7268 7267
f 7260 7261 7269
f 7260 7269 7268
f 7261 7262 7270
f 7261 7270 7269
f 7262 7263 7271
f 7262 7271 7270
f 7263 7264 7272
f 7263 7272 7271
f 7264 7257 7265
f 7264 7265 7272
f 7265 7266 7274
f 7265 7274 7273
f 7266 7267 7275
f 7266 7275 7274
f 7267 7268 7276
f 7267 7276 7275
f 7268 7269 7277
f 7268 7277 7276
f 7269 7270 7278
f 7269 7278 7277
f 7270 7271 7279
f 7270 7279 7278
f 7271 7272 7280
f 7271 7280 7279
f 7272 7265 7273
f 7272 7273 7280
f 7281 7226 7225
f 7281 7227 7226
f 7281 7228 7227
f 7281 7229 7228
f 7281 7230 7229
f 7281 7231 7230
f 7281 7232 7231
f 7281 7225 7232
f 7282 7273 7274
f 7282 7274 7275
f 7282 7275 7276
f 7282 7276 7277
f 7282 7277 7278
f 7282 7278 7279
f 7282 7279 7280
f 7282 7280 7273
o Ilyth_Contact_R_Rear2
usemtl soft_charcoal
s 1
v 1.42933 0.20450 -1.58142
v 1.42514 0.25188 -1.62480
v 1.45905 0.29289 -1.64277
v 1.51120 0.30351 -1.62480
v 1.55103 0.27752 -1.58142
v 1.55522 0.23014 -1.53803
v 1.52131 0.18913 -1.52006
v 1.46917 0.17851 -1.53803
v 1.44867 0.17117 -1.61941
v 1.44592 0.21647 -1.66024
v 1.48071 0.25680 -1.67716
v 1.53266 0.26851 -1.66024
v 1.57134 0.24477 -1.61941
v 1.57409 0.19946 -1.57858
v 1.53930 0.15914 -1.56167
v 1.48735 0.14742 -1.57858
v 1.47612 0.12432 -1.67295
v 1.47538 0.16659 -1.71010
v 1.51129 0.20583 -1.72548
v 1.56280 0.21905 -1.71010
v 1.59975 0.19850 -1.67295
v 1.60049 0.15623 -1.63581
v 1.56459 0.11699 -1.62042
v 1.51308 0.10378 -1.63581
v 1.50232 0.08285 -1.72131
v 1.50331 0.12160 -1.75449
v 1.53937 0.15903 -1.76823
v 1.58936 0.17323 -1.75449
v 1.62402 0.15587 -1.72131
v 1.62303 0.11712 -1.68814
v 1.58697 0.07969 -1.67439
v 1.53698 0.06549 -1.68814
v 1.52601 0.05213 -1.75931
v 1.52817 0.08636 -1.78795
v 1.56245 0.12057 -1.79981
v 1.60876 0.13471 -1.78795
v 1.63998 0.12051 -1.75931
v 1.63782 0.08628 -1.73067
v 1.60354 0.05207 -1.71881
v 1.55723 0.03793 -1.73067
v 1.54844 0.02678 -1.79212
v 1.55149 0.05600 -1.81594
v 1.58302 0.08627 -1.82581
v 1.62457 0.09985 -1.81594
v 1.65179 0.08879 -1.79212
v 1.64874 0.05957 -1.76830
v 1.61720 0.02930 -1.75844
v 1.57566 0.01572 -1.76830
v 1.56402 0.00958 -1.81457
v 1.56766 0.03524 -1.83499
v 1.59718 0.06268 -1.84345
v 1.63528 0.07581 -1.83499
v 1.65964 0.06695 -1.81457
v 1.65599 0.04128 -1.79416
v 1.62648 0.01385 -1.78570
v 1.58838 0.00071 -1.79416
v 1.49018 0.24101 -1.58142
v 1.61183 0.03826 -1.81457
f 7283 7284 7292
f 7283 7292 7291
f 7284 7285 7293
f 7284 7293 7292
f 7285 7286 7294
f 7285 7294 7293
f 7286 7287 7295
f 7286 7295 7294
f 7287 7288 7296
f 7287 7296 7295
f 7288 7289 7297
f 7288 7297 7296
f 7289 7290 7298
f 7289 7298 7297
f 7290 7283 7291
f 7290 7291 7298
f 7291 7292 7300
f 7291 7300 7299
f 7292 7293 7301
f 7292 7301 7300
f 7293 7294 7302
f 7293 7302 7301
f 7294 7295 7303
f 7294 7303 7302
f 7295 7296 7304
f 7295 7304 7303
f 7296 7297 7305
f 7296 7305 7304
f 7297 7298 7306
f 7297 7306 7305
f 7298 7291 7299
f 7298 7299 7306
f 7299 7300 7308
f 7299 7308 7307
f 7300 7301 7309
f 7300 7309 7308
f 7301 7302 7310
f 7301 7310 7309
f 7302 7303 7311
f 7302 7311 7310
f 7303 7304 7312
f 7303 7312 7311
f 7304 7305 7313
f 7304 7313 7312
f 7305 7306 7314
f 7305 7314 7313
f 7306 7299 7307
f 7306 7307 7314
f 7307 7308 7316
f 7307 7316 7315
f 7308 7309 7317
f 7308 7317 7316
f 7309 7310 7318
f 7309 7318 7317
f 7310 7311 7319
f 7310 7319 7318
f 7311 7312 7320
f 7311 7320 7319
f 7312 7313 7321
f 7312 7321 7320
f 7313 7314 7322
f 7313 7322 7321
f 7314 7307 7315
f 7314 7315 7322
f 7315 7316 7324
f 7315 7324 7323
f 7316 7317 7325
f 7316 7325 7324
f 7317 7318 7326
f 7317 7326 7325
f 7318 7319 7327
f 7318 7327 7326
f 7319 7320 7328
f 7319 7328 7327
f 7320 7321 7329
f 7320 7329 7328
f 7321 7322 7330
f 7321 7330 7329
f 7322 7315 7323
f 7322 7323 7330
f 7323 7324 7332
f 7323 7332 7331
f 7324 7325 7333
f 7324 7333 7332
f 7325 7326 7334
f 7325 7334 7333
f 7326 7327 7335
f 7326 7335 7334
f 7327 7328 7336
f 7327 7336 7335
f 7328 7329 7337
f 7328 7337 7336
f 7329 7330 7338
f 7329 7338 7337
f 7330 7323 7331
f 7330 7331 7338
f 7339 7284 7283
f 7339 7285 7284
f 7339 7286 7285
f 7339 7287 7286
f 7339 7288 7287
f 7339 7289 7288
f 7339 7290 7289
f 7339 7283 7290
f 7340 7331 7332
f 7340 7332 7333
f 7340 7333 7334
f 7340 7334 7335
f 7340 7335 7336
f 7340 7336 7337
f 7340 7337 7338
f 7340 7338 7331
o Ilyth_GrownRidge_R_Rear
usemtl grown_mineral
s 1
v 0.99165 4.24141 -0.95290
v 1.00076 4.24531 -0.97567
v 1.02340 4.24917 -0.98510
v 1.04631 4.25072 -0.97567
v 1.05608 4.24907 -0.95290
v 1.04697 4.24516 -0.93014
v 1.02433 4.24130 -0.92071
v 1.00142 4.23975 -0.93014
v 1.03633 3.86557 -0.99946
v 1.04544 3.86946 -1.02223
v 1.06808 3.87332 -1.03166
v 1.09099 3.87489 -1.02223
v 1.10076 3.87324 -0.99946
v 1.09165 3.86935 -0.97669
v 1.06901 3.86549 -0.96726
v 1.04610 3.86392 -0.97669
v 1.10017 3.33085 -1.06517
v 1.10928 3.33468 -1.08794
v 1.13191 3.33855 -1.09738
v 1.15482 3.34020 -1.08794
v 1.16458 3.33866 -1.06517
v 1.15547 3.33484 -1.04239
v 1.13283 3.33097 -1.03295
v 1.10993 3.32932 -1.04239
v 1.16402 2.81180 -1.12524
v 1.17314 2.81542 -1.14805
v 1.19576 2.81931 -1.15749
v 1.21865 2.82119 -1.14805
v 1.22838 2.81996 -1.12524
v 1.21926 2.81634 -1.10243
v 1.19664 2.81244 -1.09298
v 1.17375 2.81056 -1.10243
v 1.22787 2.32426 -1.17405
v 1.23700 2.32766 -1.19688
v 1.25962 2.33158 -1.20634
v 1.28248 2.33372 -1.19688
v 1.29218 2.33282 -1.17405
v 1.28305 2.32941 -1.15121
v 1.26043 2.32549 -1.14175
v 1.23758 2.32336 -1.15121
v 1.29171 1.85261 -1.21723
v 1.30085 1.85593 -1.24007
v 1.32346 1.85985 -1.24953
v 1.34631 1.86209 -1.24007
v 1.35600 1.86133 -1.21723
v 1.34686 1.85801 -1.19438
v 1.32425 1.85408 -1.18492
v 1.30140 1.85184 -1.19438
v 1.33639 1.52407 -1.24689
v 1.34553 1.52738 -1.26973
v 1.36814 1.53131 -1.27920
v 1.39099 1.53356 -1.26973
v 1.40068 1.53281 -1.24689
v 1.39154 1.52951 -1.22404
v 1.36892 1.52558 -1.21458
v 1.34608 1.52333 -1.22404
v 1.02387 4.24524 -0.95290
v 1.36853 1.52844 -1.24689
f 7341 7342 7350
f 7341 7350 7349
f 7342 7343 7351
f 7342 7351 7350
f 7343 7344 7352
f 7343 7352 7351
f 7344 7345 7353
f 7344 7353 7352
f 7345 7346 7354
f 7345 7354 7353
f 7346 7347 7355
f 7346 7355 7354
f 7347 7348 7356
f 7347 7356 7355
f 7348 7341 7349
f 7348 7349 7356
f 7349 7350 7358
f 7349 7358 7357
f 7350 7351 7359
f 7350 7359 7358
f 7351 7352 7360
f 7351 7360 7359
f 7352 7353 7361
f 7352 7361 7360
f 7353 7354 7362
f 7353 7362 7361
f 7354 7355 7363
f 7354 7363 7362
f 7355 7356 7364
f 7355 7364 7363
f 7356 7349 7357
f 7356 7357 7364
f 7357 7358 7366
f 7357 7366 7365
f 7358 7359 7367
f 7358 7367 7366
f 7359 7360 7368
f 7359 7368 7367
f 7360 7361 7369
f 7360 7369 7368
f 7361 7362 7370
f 7361 7370 7369
f 7362 7363 7371
f 7362 7371 7370
f 7363 7364 7372
f 7363 7372 7371
f 7364 7357 7365
f 7364 7365 7372
f 7365 7366 7374
f 7365 7374 7373
f 7366 7367 7375
f 7366 7375 7374
f 7367 7368 7376
f 7367 7376 7375
f 7368 7369 7377
f 7368 7377 7376
f 7369 7370 7378
f 7369 7378 7377
f 7370 7371 7379
f 7370 7379 7378
f 7371 7372 7380
f 7371 7380 7379
f 7372 7365 7373
f 7372 7373 7380
f 7373 7374 7382
f 7373 7382 7381
f 7374 7375 7383
f 7374 7383 7382
f 7375 7376 7384
f 7375 7384 7383
f 7376 7377 7385
f 7376 7385 7384
f 7377 7378 7386
f 7377 7386 7385
f 7378 7379 7387
f 7378 7387 7386
f 7379 7380 7388
f 7379 7388 7387
f 7380 7373 7381
f 7380 7381 7388
f 7381 7382 7390
f 7381 7390 7389
f 7382 7383 7391
f 7382 7391 7390
f 7383 7384 7392
f 7383 7392 7391
f 7384 7385 7393
f 7384 7393 7392
f 7385 7386 7394
f 7385 7394 7393
f 7386 7387 7395
f 7386 7395 7394
f 7387 7388 7396
f 7387 7396 7395
f 7388 7381 7389
f 7388 7389 7396
f 7397 7342 7341
f 7397 7343 7342
f 7397 7344 7343
f 7397 7345 7344
f 7397 7346 7345
f 7397 7347 7346
f 7397 7348 7347
f 7397 7341 7348
f 7398 7389 7390
f 7398 7390 7391
f 7398 7391 7392
f 7398 7392 7393
f 7398 7393 7394
f 7398 7394 7395
f 7398 7395 7396
f 7398 7396 7389
o Ilyth_Limb_R_Fore
usemtl living_pearl
s 1
v 0.12313 5.02089 0.67920
v 0.17926 4.99627 0.54168
v 0.27428 5.01487 0.44100
v 0.38272 5.07172 0.40416
v 0.47554 5.15157 0.44100
v 0.52785 5.23304 0.54168
v 0.52565 5.29429 0.67920
v 0.46953 5.31891 0.81672
v 0.37451 5.30031 0.91739
v 0.26607 5.24346 0.95424
v 0.17325 5.16361 0.91739
v 0.12093 5.08214 0.81672
v 0.28563 4.77163 0.79198
v 0.34119 4.74871 0.65716
v 0.43724 4.76911 0.55846
v 0.54804 4.82737 0.52233
v 0.64390 4.90787 0.55846
v 0.69915 4.98905 0.65716
v 0.69896 5.04915 0.79198
v 0.64340 5.07207 0.92681
v 0.54735 5.05167 1.02551
v 0.43655 4.99342 1.06164
v 0.34069 4.91291 1.02551
v 0.28545 4.83174 0.92681
v 0.50673 4.42767 0.94532
v 0.55828 4.40932 0.81312
v 0.65434 4.43183 0.71634
v 0.76917 4.48917 0.68091
v 0.87201 4.56598 0.71634
v 0.93529 4.64167 0.81312
v 0.94207 4.69596 0.94532
v 0.89053 4.71431 1.07752
v 0.79447 4.69180 1.17431
v 0.67963 4.63446 1.20973
v 0.57680 4.55766 1.17431
v 0.51351 4.48197 1.07752
v 0.67136 4.14067 1.04414
v 0.71103 4.13538 0.91407
v 0.80193 4.15952 0.81885
v 0.91970 4.20663 0.78400
v 1.03279 4.26408 0.81885
v 1.11089 4.31649 0.91407
v 1.13307 4.34980 1.04414
v 1.09340 4.35509 1.17421
v 1.00250 4.33095 1.26943
v 0.88473 4.28384 1.30428
v 0.77165 4.22639 1.26943
v 0.69355 4.17398 1.17421
v 0.73497 3.98474 1.04091
v 0.76277 4.00794 0.92114
v 0.84516 4.03633 0.83346
v 0.96006 4.06231 0.80137
v 1.07669 4.07891 0.83346
v 1.16379 4.08169 0.92114
v 1.19802 4.06990 1.04091
v 1.17022 4.04670 1.16068
v 1.08783 4.01831 1.24836
v 0.97293 3.99234 1.28045
v 0.85630 3.97574 1.24836
v 0.76920 3.97296 1.16068
v 0.76850 3.82864 0.98317
v 0.79446 3.86143 0.87962
v 0.86919 3.88885 0.80381
v 0.97267 3.90355 0.77606
v 1.07718 3.90160 0.80381
v 1.15470 3.88352 0.87962
v 1.18447 3.85415 0.98317
v 1.15851 3.82136 1.08672
v 1.08378 3.79394 1.16252
v 0.98030 3.77924 1.19027
v 0.87579 3.78119 1.16252
v 0.79827 3.79927 1.08672
v 0.81002 3.60109 0.91844
v 0.83147 3.63003 0.82584
v 0.89578 3.65650 0.75805
v 0.98572 3.67339 0.73324
v 1.07718 3.67618 0.75805
v 1.14567 3.66413 0.82584
v 1.17283 3.64047 0.91844
v 1.15138 3.61152 1.01104
v 1.08707 3.58506 1.07882
v 0.99714 3.56817 1.10363
v 0.90567 3.56537 1.07882
v 0.83718 3.57742 1.01104
v 0.87310 3.31758 0.83899
v 0.89105 3.34325 0.75573
v 0.94648 3.36800 0.69479
v 1.02454 3.38518 0.67248
v 1.10431 3.39020 0.69479
v 1.16441 3.38172 0.75573
v 1.18875 3.36199 0.83899
v 1.17080 3.33632 0.92225
v 1.11537 3.31158 0.98320
v 1.03731 3.29440 1.00551
v 0.95754 3.28937 0.98320
v 0.89744 3.29786 0.92225
v 0.93936 3.00454 0.75256
v 0.95579 3.01963 0.67606
v 1.00426 3.03592 0.62006
v 1.07179 3.04905 0.59956
v 1.14028 3.05549 0.62006
v 1.19138 3.05352 0.67606
v 1.21140 3.04367 0.75256
v 1.19497 3.02858 0.82906
v 1.14649 3.01229 0.88507
v 1.07897 2.99916 0.90556
v 1.01048 2.99272 0.88507
v 0.95938 2.99469 0.82906
v 1.00497 2.66584 0.72988
v 1.02210 2.66156 0.65925
v 1.06687 2.66332 0.60754
v 1.12728 2.67064 0.58862
v 1.18714 2.68157 0.60754
v 1.23042 2.69318 0.65925
v 1.24551 2.70235 0.72988
v 1.22838 2.70663 0.80052
v 1.18361 2.70487 0.85223
v 1.12320 2.69754 0.87115
v 1.06334 2.68662 0.85223
v 1.02006 2.67501 0.80052
v 1.06980 2.28020 0.82324
v 1.08847 2.26262 0.75799
v 1.13314 2.25465 0.71022
v 1.19185 2.25843 0.69274
v 1.24885 2.27296 0.71022
v 1.28887 2.29434 0.75799
v 1.30120 2.31684 0.82324
v 1.28253 2.33442 0.88849
v 1.23785 2.34239 0.93626
v 1.17915 2.33861 0.95374
v 1.12215 2.32408 0.93626
v 1.08213 2.30270 0.88849
v 1.13380 1.86999 0.98035
v 1.15326 1.84896 0.91671
v 1.19895 1.83855 0.87011
v 1.25863 1.84156 0.85306
v 1.31632 1.85718 0.87011
v 1.35654 1.88122 0.91671
v 1.36853 1.90724 0.98035
v 1.34907 1.92828 1.04400
v 1.30338 1.93868 1.09059
v 1.24370 1.93567 1.10764
v 1.18602 1.92006 1.09059
v 1.14579 1.89602 1.04400
v 1.19247 1.51086 1.11510
v 1.21103 1.49275 1.05254
v 1.25549 1.48421 1.00675
v 1.31395 1.48752 0.98999
v 1.37074 1.50180 1.00675
v 1.41064 1.52321 1.05254
v 1.42296 1.54603 1.11510
v 1.40439 1.56413 1.17766
v 1.35993 1.57267 1.22345
v 1.30147 1.56936 1.24022
v 1.24468 1.55509 1.22345
v 1.20478 1.53367 1.17766
v 1.24516 1.23978 1.19258
v 1.26106 1.22679 1.13521
v 1.30025 1.22122 1.09322
v 1.35220 1.22457 1.07785
v 1.40301 1.23593 1.09322
v 1.43906 1.25227 1.13521
v 1.45069 1.26920 1.19258
v 1.43478 1.28219 1.24994
v 1.39560 1.28776 1.29193
v 1.34364 1.28441 1.30731
v 1.29283 1.27305 1.29193
v 1.25678 1.25672 1.24994
v 1.29273 1.01832 1.24769
v 1.30594 1.00797 1.19808
v 1.33873 1.00360 1.16175
v 1.38232 1.00638 1.14846
v 1.42502 1.01556 1.16175
v 1.45539 1.02868 1.19808
v 1.46529 1.04222 1.24769
v 1.45208 1.05257 1.29731
v 1.41928 1.05694 1.33363
v 1.37570 1.05416 1.34693
v 1.33300 1.04498 1.33363
v 1.30263 1.03186 1.29731
v 1.33278 0.80980 1.29909
v 1.34440 0.80025 1.25484
v 1.37308 0.79609 1.22244
v 1.41114 0.79843 1.21058
v 1.44838 0.80664 1.22244
v 1.47481 0.81853 1.25484
v 1.48336 0.83090 1.29909
v 1.47174 0.84045 1.34335
v 1.44306 0.84462 1.37574
v 1.40500 0.84228 1.38760
v 1.36776 0.83407 1.37574
v 1.34133 0.82218 1.34335
v 1.36456 0.58557 1.35733
v 1.37624 0.57575 1.31315
v 1.40496 0.57142 1.28081
v 1.44302 0.57374 1.26897
v 1.48023 0.58209 1.28081
v 1.50662 0.59423 1.31315
v 1.51511 0.60691 1.35733
v 1.50343 0.61674 1.40151
v 1.47471 0.62107 1.43385
v 1.43664 0.61875 1.44568
v 1.39943 0.61040 1.43385
v 1.37305 0.59826 1.40151
v 1.38872 0.37498 1.41184
v 1.40124 0.36457 1.36494
v 1.43208 0.36001 1.33060
v 1.47296 0.36254 1.31803
v 1.51293 0.37147 1.33060
v 1.54128 0.38442 1.36494
v 1.55042 0.39790 1.41184
v 1.53790 0.40831 1.45875
v 1.50706 0.41286 1.49309
v 1.46618 0.41034 1.50566
v 1.42621 0.40140 1.49309
v 1.39785 0.38846 1.45875
v 1.40487 0.22892 1.44963
v 1.41807 0.21803 1.40054
v 1.45059 0.21330 1.36461
v 1.49373 0.21600 1.35146
v 1.53591 0.22540 1.36461
v 1.56584 0.23898 1.40054
v 1.57550 0.25310 1.44963
v 1.56229 0.26398 1.49872
v 1.52977 0.26871 1.53465
v 1.48664 0.26602 1.54781
v 1.44445 0.25662 1.53465
v 1.41452 0.24304 1.49872
v 0.32439 5.15759 0.67920
v 1.49018 0.24101 1.44963
f 7399 7400 7412
f 7399 7412 7411
f 7400 7401 7413
f 7400 7413 7412
f 7401 7402 7414
f 7401 7414 7413
f 7402 7403 7415
f 7402 7415 7414
f 7403 7404 7416
f 7403 7416 7415
f 7404 7405 7417
f 7404 7417 7416
f 7405 7406 7418
f 7405 7418 7417
f 7406 7407 7419
f 7406 7419 7418
f 7407 7408 7420
f 7407 7420 7419
f 7408 7409 7421
f 7408 7421 7420
f 7409 7410 7422
f 7409 7422 7421
f 7410 7399 7411
f 7410 7411 7422
f 7411 7412 7424
f 7411 7424 7423
f 7412 7413 7425
f 7412 7425 7424
f 7413 7414 7426
f 7413 7426 7425
f 7414 7415 7427
f 7414 7427 7426
f 7415 7416 7428
f 7415 7428 7427
f 7416 7417 7429
f 7416 7429 7428
f 7417 7418 7430
f 7417 7430 7429
f 7418 7419 7431
f 7418 7431 7430
f 7419 7420 7432
f 7419 7432 7431
f 7420 7421 7433
f 7420 7433 7432
f 7421 7422 7434
f 7421 7434 7433
f 7422 7411 7423
f 7422 7423 7434
f 7423 7424 7436
f 7423 7436 7435
f 7424 7425 7437
f 7424 7437 7436
f 7425 7426 7438
f 7425 7438 7437
f 7426 7427 7439
f 7426 7439 7438
f 7427 7428 7440
f 7427 7440 7439
f 7428 7429 7441
f 7428 7441 7440
f 7429 7430 7442
f 7429 7442 7441
f 7430 7431 7443
f 7430 7443 7442
f 7431 7432 7444
f 7431 7444 7443
f 7432 7433 7445
f 7432 7445 7444
f 7433 7434 7446
f 7433 7446 7445
f 7434 7423 7435
f 7434 7435 7446
f 7435 7436 7448
f 7435 7448 7447
f 7436 7437 7449
f 7436 7449 7448
f 7437 7438 7450
f 7437 7450 7449
f 7438 7439 7451
f 7438 7451 7450
f 7439 7440 7452
f 7439 7452 7451
f 7440 7441 7453
f 7440 7453 7452
f 7441 7442 7454
f 7441 7454 7453
f 7442 7443 7455
f 7442 7455 7454
f 7443 7444 7456
f 7443 7456 7455
f 7444 7445 7457
f 7444 7457 7456
f 7445 7446 7458
f 7445 7458 7457
f 7446 7435 7447
f 7446 7447 7458
f 7447 7448 7460
f 7447 7460 7459
f 7448 7449 7461
f 7448 7461 7460
f 7449 7450 7462
f 7449 7462 7461
f 7450 7451 7463
f 7450 7463 7462
f 7451 7452 7464
f 7451 7464 7463
f 7452 7453 7465
f 7452 7465 7464
f 7453 7454 7466
f 7453 7466 7465
f 7454 7455 7467
f 7454 7467 7466
f 7455 7456 7468
f 7455 7468 7467
f 7456 7457 7469
f 7456 7469 7468
f 7457 7458 7470
f 7457 7470 7469
f 7458 7447 7459
f 7458 7459 7470
f 7459 7460 7472
f 7459 7472 7471
f 7460 7461 7473
f 7460 7473 7472
f 7461 7462 7474
f 7461 7474 7473
f 7462 7463 7475
f 7462 7475 7474
f 7463 7464 7476
f 7463 7476 7475
f 7464 7465 7477
f 7464 7477 7476
f 7465 7466 7478
f 7465 7478 7477
f 7466 7467 7479
f 7466 7479 7478
f 7467 7468 7480
f 7467 7480 7479
f 7468 7469 7481
f 7468 7481 7480
f 7469 7470 7482
f 7469 7482 7481
f 7470 7459 7471
f 7470 7471 7482
f 7471 7472 7484
f 7471 7484 7483
f 7472 7473 7485
f 7472 7485 7484
f 7473 7474 7486
f 7473 7486 7485
f 7474 7475 7487
f 7474 7487 7486
f 7475 7476 7488
f 7475 7488 7487
f 7476 7477 7489
f 7476 7489 7488
f 7477 7478 7490
f 7477 7490 7489
f 7478 7479 7491
f 7478 7491 7490
f 7479 7480 7492
f 7479 7492 7491
f 7480 7481 7493
f 7480 7493 7492
f 7481 7482 7494
f 7481 7494 7493
f 7482 7471 7483
f 7482 7483 7494
f 7483 7484 7496
f 7483 7496 7495
f 7484 7485 7497
f 7484 7497 7496
f 7485 7486 7498
f 7485 7498 7497
f 7486 7487 7499
f 7486 7499 7498
f 7487 7488 7500
f 7487 7500 7499
f 7488 7489 7501
f 7488 7501 7500
f 7489 7490 7502
f 7489 7502 7501
f 7490 7491 7503
f 7490 7503 7502
f 7491 7492 7504
f 7491 7504 7503
f 7492 7493 7505
f 7492 7505 7504
f 7493 7494 7506
f 7493 7506 7505
f 7494 7483 7495
f 7494 7495 7506
f 7495 7496 7508
f 7495 7508 7507
f 7496 7497 7509
f 7496 7509 7508
f 7497 7498 7510
f 7497 7510 7509
f 7498 7499 7511
f 7498 7511 7510
f 7499 7500 7512
f 7499 7512 7511
f 7500 7501 7513
f 7500 7513 7512
f 7501 7502 7514
f 7501 7514 7513
f 7502 7503 7515
f 7502 7515 7514
f 7503 7504 7516
f 7503 7516 7515
f 7504 7505 7517
f 7504 7517 7516
f 7505 7506 7518
f 7505 7518 7517
f 7506 7495 7507
f 7506 7507 7518
f 7507 7508 7520
f 7507 7520 7519
f 7508 7509 7521
f 7508 7521 7520
f 7509 7510 7522
f 7509 7522 7521
f 7510 7511 7523
f 7510 7523 7522
f 7511 7512 7524
f 7511 7524 7523
f 7512 7513 7525
f 7512 7525 7524
f 7513 7514 7526
f 7513 7526 7525
f 7514 7515 7527
f 7514 7527 7526
f 7515 7516 7528
f 7515 7528 7527
f 7516 7517 7529
f 7516 7529 7528
f 7517 7518 7530
f 7517 7530 7529
f 7518 7507 7519
f 7518 7519 7530
f 7519 7520 7532
f 7519 7532 7531
f 7520 7521 7533
f 7520 7533 7532
f 7521 7522 7534
f 7521 7534 7533
f 7522 7523 7535
f 7522 7535 7534
f 7523 7524 7536
f 7523 7536 7535
f 7524 7525 7537
f 7524 7537 7536
f 7525 7526 7538
f 7525 7538 7537
f 7526 7527 7539
f 7526 7539 7538
f 7527 7528 7540
f 7527 7540 7539
f 7528 7529 7541
f 7528 7541 7540
f 7529 7530 7542
f 7529 7542 7541
f 7530 7519 7531
f 7530 7531 7542
f 7531 7532 7544
f 7531 7544 7543
f 7532 7533 7545
f 7532 7545 7544
f 7533 7534 7546
f 7533 7546 7545
f 7534 7535 7547
f 7534 7547 7546
f 7535 7536 7548
f 7535 7548 7547
f 7536 7537 7549
f 7536 7549 7548
f 7537 7538 7550
f 7537 7550 7549
f 7538 7539 7551
f 7538 7551 7550
f 7539 7540 7552
f 7539 7552 7551
f 7540 7541 7553
f 7540 7553 7552
f 7541 7542 7554
f 7541 7554 7553
f 7542 7531 7543
f 7542 7543 7554
f 7543 7544 7556
f 7543 7556 7555
f 7544 7545 7557
f 7544 7557 7556
f 7545 7546 7558
f 7545 7558 7557
f 7546 7547 7559
f 7546 7559 7558
f 7547 7548 7560
f 7547 7560 7559
f 7548 7549 7561
f 7548 7561 7560
f 7549 7550 7562
f 7549 7562 7561
f 7550 7551 7563
f 7550 7563 7562
f 7551 7552 7564
f 7551 7564 7563
f 7552 7553 7565
f 7552 7565 7564
f 7553 7554 7566
f 7553 7566 7565
f 7554 7543 7555
f 7554 7555 7566
f 7555 7556 7568
f 7555 7568 7567
f 7556 7557 7569
f 7556 7569 7568
f 7557 7558 7570
f 7557 7570 7569
f 7558 7559 7571
f 7558 7571 7570
f 7559 7560 7572
f 7559 7572 7571
f 7560 7561 7573
f 7560 7573 7572
f 7561 7562 7574
f 7561 7574 7573
f 7562 7563 7575
f 7562 7575 7574
f 7563 7564 7576
f 7563 7576 7575
f 7564 7565 7577
f 7564 7577 7576
f 7565 7566 7578
f 7565 7578 7577
f 7566 7555 7567
f 7566 7567 7578
f 7567 7568 7580
f 7567 7580 7579
f 7568 7569 7581
f 7568 7581 7580
f 7569 7570 7582
f 7569 7582 7581
f 7570 7571 7583
f 7570 7583 7582
f 7571 7572 7584
f 7571 7584 7583
f 7572 7573 7585
f 7572 7585 7584
f 7573 7574 7586
f 7573 7586 7585
f 7574 7575 7587
f 7574 7587 7586
f 7575 7576 7588
f 7575 7588 7587
f 7576 7577 7589
f 7576 7589 7588
f 7577 7578 7590
f 7577 7590 7589
f 7578 7567 7579
f 7578 7579 7590
f 7579 7580 7592
f 7579 7592 7591
f 7580 7581 7593
f 7580 7593 7592
f 7581 7582 7594
f 7581 7594 7593
f 7582 7583 7595
f 7582 7595 7594
f 7583 7584 7596
f 7583 7596 7595
f 7584 7585 7597
f 7584 7597 7596
f 7585 7586 7598
f 7585 7598 7597
f 7586 7587 7599
f 7586 7599 7598
f 7587 7588 7600
f 7587 7600 7599
f 7588 7589 7601
f 7588 7601 7600
f 7589 7590 7602
f 7589 7602 7601
f 7590 7579 7591
f 7590 7591 7602
f 7591 7592 7604
f 7591 7604 7603
f 7592 7593 7605
f 7592 7605 7604
f 7593 7594 7606
f 7593 7606 7605
f 7594 7595 7607
f 7594 7607 7606
f 7595 7596 7608
f 7595 7608 7607
f 7596 7597 7609
f 7596 7609 7608
f 7597 7598 7610
f 7597 7610 7609
f 7598 7599 7611
f 7598 7611 7610
f 7599 7600 7612
f 7599 7612 7611
f 7600 7601 7613
f 7600 7613 7612
f 7601 7602 7614
f 7601 7614 7613
f 7602 7591 7603
f 7602 7603 7614
f 7603 7604 7616
f 7603 7616 7615
f 7604 7605 7617
f 7604 7617 7616
f 7605 7606 7618
f 7605 7618 7617
f 7606 7607 7619
f 7606 7619 7618
f 7607 7608 7620
f 7607 7620 7619
f 7608 7609 7621
f 7608 7621 7620
f 7609 7610 7622
f 7609 7622 7621
f 7610 7611 7623
f 7610 7623 7622
f 7611 7612 7624
f 7611 7624 7623
f 7612 7613 7625
f 7612 7625 7624
f 7613 7614 7626
f 7613 7626 7625
f 7614 7603 7615
f 7614 7615 7626
f 7627 7400 7399
f 7627 7401 7400
f 7627 7402 7401
f 7627 7403 7402
f 7627 7404 7403
f 7627 7405 7404
f 7627 7406 7405
f 7627 7407 7406
f 7627 7408 7407
f 7627 7409 7408
f 7627 7410 7409
f 7627 7399 7410
f 7628 7615 7616
f 7628 7616 7617
f 7628 7617 7618
f 7628 7618 7619
f 7628 7619 7620
f 7628 7620 7621
f 7628 7621 7622
f 7628 7622 7623
f 7628 7623 7624
f 7628 7624 7625
f 7628 7625 7626
f 7628 7626 7615
o Ilyth_Shoulder_R_Fore
usemtl grown_mineral
s 1
v 0.94125 3.87029 1.04414
v 0.94098 3.87029 1.04172
v 0.94021 3.87029 1.03966
v 0.93906 3.87029 1.03829
v 0.93770 3.87029 1.03781
v 0.93634 3.87029 1.03829
v 0.93519 3.87029 1.03966
v 0.93442 3.87029 1.04172
v 0.93415 3.87029 1.04414
v 0.93442 3.87029 1.04656
v 0.93519 3.87029 1.04862
v 0.93634 3.87029 1.04999
v 0.93770 3.87029 1.05048
v 0.93906 3.87029 1.04999
v 0.94021 3.87029 1.04862
v 0.94098 3.87029 1.04656
v 0.95535 3.87751 1.04414
v 0.95401 3.87751 1.03208
v 0.95018 3.87751 1.02185
v 0.94445 3.87751 1.01502
v 0.93770 3.87751 1.01262
v 0.93094 3.87751 1.01502
v 0.92522 3.87751 1.02185
v 0.92139 3.87751 1.03208
v 0.92005 3.87751 1.04414
v 0.92139 3.87751 1.05620
v 0.92522 3.87751 1.06643
v 0.93094 3.87751 1.07327
v 0.93770 3.87751 1.07566
v 0.94445 3.87751 1.07327
v 0.95018 3.87751 1.06643
v 0.95401 3.87751 1.05620
v 0.97537 3.88875 1.04414
v 0.97250 3.88875 1.01840
v 0.96434 3.88875 0.99657
v 0.95212 3.88875 0.98199
v 0.93770 3.88875 0.97687
v 0.92328 3.88875 0.98199
v 0.91106 3.88875 0.99657
v 0.90289 3.88875 1.01840
v 0.90003 3.88875 1.04414
v 0.90289 3.88875 1.06988
v 0.91106 3.88875 1.09171
v 0.92328 3.88875 1.10629
v 0.93770 3.88875 1.11141
v 0.95212 3.88875 1.10629
v 0.96434 3.88875 1.09171
v 0.97250 3.88875 1.06988
v 0.99446 3.90654 1.04414
v 0.99014 3.90654 1.00535
v 0.97783 3.90654 0.97247
v 0.95942 3.90654 0.95050
v 0.93770 3.90654 0.94278
v 0.91598 3.90654 0.95050
v 0.89756 3.90654 0.97247
v 0.88526 3.90654 1.00535
v 0.88094 3.90654 1.04414
v 0.88526 3.90654 1.08293
v 0.89756 3.90654 1.11581
v 0.91598 3.90654 1.13778
v 0.93770 3.90654 1.14550
v 0.95942 3.90654 1.13778
v 0.97783 3.90654 1.11581
v 0.99014 3.90654 1.08293
v 1.01058 3.93223 1.04414
v 1.00503 3.93223 0.99434
v 0.98923 3.93223 0.95211
v 0.96559 3.93223 0.92390
v 0.93770 3.93223 0.91399
v 0.90981 3.93223 0.92390
v 0.88616 3.93223 0.95211
v 0.87036 3.93223 0.99434
v 0.86482 3.93223 1.04414
v 0.87036 3.93223 1.09395
v 0.88616 3.93223 1.13617
v 0.90981 3.93223 1.16438
v 0.93770 3.93223 1.17429
v 0.96559 3.93223 1.16438
v 0.98923 3.93223 1.13617
v 1.00503 3.93223 1.09395
v 1.02577 3.96447 1.04414
v 1.01907 3.96447 0.98395
v 0.99998 3.96447 0.93293
v 0.97140 3.96447 0.89884
v 0.93770 3.96447 0.88687
v 0.90399 3.96447 0.89884
v 0.87542 3.96447 0.93293
v 0.85633 3.96447 0.98395
v 0.84963 3.96447 1.04414
v 0.85633 3.96447 1.10433
v 0.87542 3.96447 1.15535
v 0.90399 3.96447 1.18944
v 0.93770 3.96447 1.20142
v 0.97140 3.96447 1.18944
v 0.99998 3.96447 1.15535
v 1.01907 3.96447 1.10433
v 1.03930 4.00171 1.04414
v 1.03157 4.00171 0.97471
v 1.00954 4.00171 0.91585
v 0.97658 4.00171 0.87652
v 0.93770 4.00171 0.86271
v 0.89882 4.00171 0.87652
v 0.86586 4.00171 0.91585
v 0.84383 4.00171 0.97471
v 0.83610 4.00171 1.04414
v 0.84383 4.00171 1.11357
v 0.86586 4.00171 1.17243
v 0.89882 4.00171 1.21176
v 0.93770 4.00171 1.22557
v 0.97658 4.00171 1.21176
v 1.00954 4.00171 1.17243
v 1.03157 4.00171 1.11357
v 1.05108 4.04417 1.04414
v 1.04245 4.04417 0.96666
v 1.01787 4.04417 0.90098
v 0.98109 4.04417 0.85709
v 0.93770 4.04417 0.84168
v 0.89431 4.04417 0.85709
v 0.85753 4.04417 0.90098
v 0.83295 4.04417 0.96666
v 0.82432 4.04417 1.04414
v 0.83295 4.04417 1.12162
v 0.85753 4.04417 1.18730
v 0.89431 4.04417 1.23119
v 0.93770 4.04417 1.24661
v 0.98109 4.04417 1.23119
v 1.01787 4.04417 1.18730
v 1.04245 4.04417 1.12162
v 1.06119 4.09162 1.04414
v 1.05179 4.09162 0.95975
v 1.02502 4.09162 0.88820
v 0.98496 4.09162 0.84040
v 0.93770 4.09162 0.82361
v 0.89044 4.09162 0.84040
v 0.85037 4.09162 0.88820
v 0.82360 4.09162 0.95975
v 0.81420 4.09162 1.04414
v 0.82360 4.09162 1.12853
v 0.85037 4.09162 1.20008
v 0.89044 4.09162 1.24788
v 0.93770 4.09162 1.26467
v 0.98496 4.09162 1.24788
v 1.02502 4.09162 1.20008
v 1.05179 4.09162 1.12853
v 1.06915 4.14177 1.04414
v 1.05915 4.14177 0.95431
v 1.03065 4.14177 0.87815
v 0.98800 4.14177 0.82727
v 0.93770 4.14177 0.80940
v 0.88739 4.14177 0.82727
v 0.84475 4.14177 0.87815
v 0.81625 4.14177 0.95431
v 0.80624 4.14177 1.04414
v 0.81625 4.14177 1.13397
v 0.84475 4.14177 1.21013
v 0.88739 4.14177 1.26101
v 0.93770 4.14177 1.27888
v 0.98800 4.14177 1.26101
v 1.03065 4.14177 1.21013
v 1.05915 4.14177 1.13397
v 1.07486 4.19474 1.04414
v 1.06441 4.19474 0.95041
v 1.03468 4.19474 0.87095
v 0.99019 4.19474 0.81786
v 0.93770 4.19474 0.79922
v 0.88521 4.19474 0.81786
v 0.84072 4.19474 0.87095
v 0.81098 4.19474 0.95041
v 0.80054 4.19474 1.04414
v 0.81098 4.19474 1.13787
v 0.84072 4.19474 1.21733
v 0.88521 4.19474 1.27042
v 0.93770 4.19474 1.28906
v 0.99019 4.19474 1.27042
v 1.03468 4.19474 1.21733
v 1.06441 4.19474 1.13787
v 1.07840 4.25040 1.04414
v 1.06769 4.25040 0.94799
v 1.03719 4.25040 0.86648
v 0.99154 4.25040 0.81201
v 0.93770 4.25040 0.79289
v 0.88385 4.25040 0.81201
v 0.83821 4.25040 0.86648
v 0.80771 4.25040 0.94799
v 0.79700 4.25040 1.04414
v 0.80771 4.25040 1.14029
v 0.83821 4.25040 1.22180
v 0.88385 4.25040 1.27627
v 0.93770 4.25040 1.29539
v 0.99154 4.25040 1.27627
v 1.03719 4.25040 1.22180
v 1.06769 4.25040 1.14029
v 1.07962 4.30606 1.04414
v 1.06882 4.30606 0.94716
v 1.03805 4.30606 0.86494
v 0.99201 4.30606 0.81000
v 0.93770 4.30606 0.79071
v 0.88339 4.30606 0.81000
v 0.83735 4.30606 0.86494
v 0.80658 4.30606 0.94716
v 0.79578 4.30606 1.04414
v 0.80658 4.30606 1.14112
v 0.83735 4.30606 1.22334
v 0.88339 4.30606 1.27828
v 0.93770 4.30606 1.29757
v 0.99201 4.30606 1.27828
v 1.03805 4.30606 1.22334
v 1.06882 4.30606 1.14112
v 1.07840 4.36172 1.04414
v 1.06769 4.36172 0.94799
v 1.03719 4.36172 0.86648
v 0.99154 4.36172 0.81201
v 0.93770 4.36172 0.79289
v 0.88385 4.36172 0.81201
v 0.83821 4.36172 0.86648
v 0.80771 4.36172 0.94799
v 0.79700 4.36172 1.04414
v 0.80771 4.36172 1.14029
v 0.83821 4.36172 1.22180
v 0.88385 4.36172 1.27627
v 0.93770 4.36172 1.29539
v 0.99154 4.36172 1.27627
v 1.03719 4.36172 1.22180
v 1.06769 4.36172 1.14029
v 1.07486 4.41738 1.04414
v 1.06441 4.41738 0.95041
v 1.03468 4.41738 0.87095
v 0.99019 4.41738 0.81786
v 0.93770 4.41738 0.79922
v 0.88521 4.41738 0.81786
v 0.84072 4.41738 0.87095
v 0.81098 4.41738 0.95041
v 0.80054 4.41738 1.04414
v 0.81098 4.41738 1.13787
v 0.84072 4.41738 1.21733
v 0.88521 4.41738 1.27042
v 0.93770 4.41738 1.28906
v 0.99019 4.41738 1.27042
v 1.03468 4.41738 1.21733
v 1.06441 4.41738 1.13787
v 1.06915 4.47035 1.04414
v 1.05915 4.47035 0.95431
v 1.03065 4.47035 0.87815
v 0.98800 4.47035 0.82727
v 0.93770 4.47035 0.80940
v 0.88739 4.47035 0.82727
v 0.84475 4.47035 0.87815
v 0.81625 4.47035 0.95431
v 0.80624 4.47035 1.04414
v 0.81625 4.47035 1.13397
v 0.84475 4.47035 1.21013
v 0.88739 4.47035 1.26101
v 0.93770 4.47035 1.27888
v 0.98800 4.47035 1.26101
v 1.03065 4.47035 1.21013
v 1.05915 4.47035 1.13397
v 1.06119 4.52050 1.04414
v 1.05179 4.52050 0.95975
v 1.02502 4.52050 0.88820
v 0.98496 4.52050 0.84040
v 0.93770 4.52050 0.82361
v 0.89044 4.52050 0.84040
v 0.85037 4.52050 0.88820
v 0.82360 4.52050 0.95975
v 0.81420 4.52050 1.04414
v 0.82360 4.52050 1.12853
v 0.85037 4.52050 1.20008
v 0.89044 4.52050 1.24788
v 0.93770 4.52050 1.26467
v 0.98496 4.52050 1.24788
v 1.02502 4.52050 1.20008
v 1.05179 4.52050 1.12853
v 1.05108 4.56795 1.04414
v 1.04245 4.56795 0.96666
v 1.01787 4.56795 0.90098
v 0.98109 4.56795 0.85709
v 0.93770 4.56795 0.84168
v 0.89431 4.56795 0.85709
v 0.85753 4.56795 0.90098
v 0.83295 4.56795 0.96666
v 0.82432 4.56795 1.04414
v 0.83295 4.56795 1.12162
v 0.85753 4.56795 1.18730
v 0.89431 4.56795 1.23119
v 0.93770 4.56795 1.24661
v 0.98109 4.56795 1.23119
v 1.01787 4.56795 1.18730
v 1.04245 4.56795 1.12162
v 1.03930 4.61041 1.04414
v 1.03157 4.61041 0.97471
v 1.00954 4.61041 0.91585
v 0.97658 4.61041 0.87652
v 0.93770 4.61041 0.86271
v 0.89882 4.61041 0.87652
v 0.86586 4.61041 0.91585
v 0.84383 4.61041 0.97471
v 0.83610 4.61041 1.04414
v 0.84383 4.61041 1.11357
v 0.86586 4.61041 1.17243
v 0.89882 4.61041 1.21176
v 0.93770 4.61041 1.22557
v 0.97658 4.61041 1.21176
v 1.00954 4.61041 1.17243
v 1.03157 4.61041 1.11357
v 1.02577 4.64764 1.04414
v 1.01907 4.64764 0.98395
v 0.99998 4.64764 0.93293
v 0.97140 4.64764 0.89884
v 0.93770 4.64764 0.88687
v 0.90399 4.64764 0.89884
v 0.87542 4.64764 0.93293
v 0.85633 4.64764 0.98395
v 0.84963 4.64764 1.04414
v 0.85633 4.64764 1.10433
v 0.87542 4.64764 1.15535
v 0.90399 4.64764 1.18944
v 0.93770 4.64764 1.20142
v 0.97140 4.64764 1.18944
v 0.99998 4.64764 1.15535
v 1.01907 4.64764 1.10433
v 1.01058 4.67989 1.04414
v 1.00503 4.67989 0.99434
v 0.98923 4.67989 0.95211
v 0.96559 4.67989 0.92390
v 0.93770 4.67989 0.91399
v 0.90981 4.67989 0.92390
v 0.88616 4.67989 0.95211
v 0.87036 4.67989 0.99434
v 0.86482 4.67989 1.04414
v 0.87036 4.67989 1.09395
v 0.88616 4.67989 1.13617
v 0.90981 4.67989 1.16438
v 0.93770 4.67989 1.17429
v 0.96559 4.67989 1.16438
v 0.98923 4.67989 1.13617
v 1.00503 4.67989 1.09395
v 0.99446 4.70558 1.04414
v 0.99014 4.70558 1.00535
v 0.97783 4.70558 0.97247
v 0.95942 4.70558 0.95050
v 0.93770 4.70558 0.94278
v 0.91598 4.70558 0.95050
v 0.89756 4.70558 0.97247
v 0.88526 4.70558 1.00535
v 0.88094 4.70558 1.04414
v 0.88526 4.70558 1.08293
v 0.89756 4.70558 1.11581
v 0.91598 4.70558 1.13778
v 0.93770 4.70558 1.14550
v 0.95942 4.70558 1.13778
v 0.97783 4.70558 1.11581
v 0.99014 4.70558 1.08293
v 0.97537 4.72337 1.04414
v 0.97250 4.72337 1.01840
v 0.96434 4.72337 0.99657
v 0.95212 4.72337 0.98199
v 0.93770 4.72337 0.97687
v 0.92328 4.72337 0.98199
v 0.91106 4.72337 0.99657
v 0.90289 4.72337 1.01840
v 0.90003 4.72337 1.04414
v 0.90289 4.72337 1.06988
v 0.91106 4.72337 1.09171
v 0.92328 4.72337 1.10629
v 0.93770 4.72337 1.11141
v 0.95212 4.72337 1.10629
v 0.96434 4.72337 1.09171
v 0.97250 4.72337 1.06988
v 0.95535 4.73461 1.04414
v 0.95401 4.73461 1.03208
v 0.95018 4.73461 1.02185
v 0.94445 4.73461 1.01502
v 0.93770 4.73461 1.01262
v 0.93094 4.73461 1.01502
v 0.92522 4.73461 1.02185
v 0.92139 4.73461 1.03208
v 0.92005 4.73461 1.04414
v 0.92139 4.73461 1.05620
v 0.92522 4.73461 1.06643
v 0.93094 4.73461 1.07327
v 0.93770 4.73461 1.07566
v 0.94445 4.73461 1.07327
v 0.95018 4.73461 1.06643
v 0.95401 4.73461 1.05620
v 0.94125 4.74183 1.04414
v 0.94098 4.74183 1.04172
v 0.94021 4.74183 1.03966
v 0.93906 4.74183 1.03829
v 0.93770 4.74183 1.03781
v 0.93634 4.74183 1.03829
v 0.93519 4.74183 1.03966
v 0.93442 4.74183 1.04172
v 0.93415 4.74183 1.04414
v 0.93442 4.74183 1.04656
v 0.93519 4.74183 1.04862
v 0.93634 4.74183 1.04999
v 0.93770 4.74183 1.05048
v 0.93906 4.74183 1.04999
v 0.94021 4.74183 1.04862
v 0.94098 4.74183 1.04656
v 0.93770 3.87029 1.04414
v 0.93770 4.74183 1.04414
f 7629 7630 7646
f 7629 7646 7645
f 7630 7631 7647
f 7630 7647 7646
f 7631 7632 7648
f 7631 7648 7647
f 7632 7633 7649
f 7632 7649 7648
f 7633 7634 7650
f 7633 7650 7649
f 7634 7635 7651
f 7634 7651 7650
f 7635 7636 7652
f 7635 7652 7651
f 7636 7637 7653
f 7636 7653 7652
f 7637 7638 7654
f 7637 7654 7653
f 7638 7639 7655
f 7638 7655 7654
f 7639 7640 7656
f 7639 7656 7655
f 7640 7641 7657
f 7640 7657 7656
f 7641 7642 7658
f 7641 7658 7657
f 7642 7643 7659
f 7642 7659 7658
f 7643 7644 7660
f 7643 7660 7659
f 7644 7629 7645
f 7644 7645 7660
f 7645 7646 7662
f 7645 7662 7661
f 7646 7647 7663
f 7646 7663 7662
f 7647 7648 7664
f 7647 7664 7663
f 7648 7649 7665
f 7648 7665 7664
f 7649 7650 7666
f 7649 7666 7665
f 7650 7651 7667
f 7650 7667 7666
f 7651 7652 7668
f 7651 7668 7667
f 7652 7653 7669
f 7652 7669 7668
f 7653 7654 7670
f 7653 7670 7669
f 7654 7655 7671
f 7654 7671 7670
f 7655 7656 7672
f 7655 7672 7671
f 7656 7657 7673
f 7656 7673 7672
f 7657 7658 7674
f 7657 7674 7673
f 7658 7659 7675
f 7658 7675 7674
f 7659 7660 7676
f 7659 7676 7675
f 7660 7645 7661
f 7660 7661 7676
f 7661 7662 7678
f 7661 7678 7677
f 7662 7663 7679
f 7662 7679 7678
f 7663 7664 7680
f 7663 7680 7679
f 7664 7665 7681
f 7664 7681 7680
f 7665 7666 7682
f 7665 7682 7681
f 7666 7667 7683
f 7666 7683 7682
f 7667 7668 7684
f 7667 7684 7683
f 7668 7669 7685
f 7668 7685 7684
f 7669 7670 7686
f 7669 7686 7685
f 7670 7671 7687
f 7670 7687 7686
f 7671 7672 7688
f 7671 7688 7687
f 7672 7673 7689
f 7672 7689 7688
f 7673 7674 7690
f 7673 7690 7689
f 7674 7675 7691
f 7674 7691 7690
f 7675 7676 7692
f 7675 7692 7691
f 7676 7661 7677
f 7676 7677 7692
f 7677 7678 7694
f 7677 7694 7693
f 7678 7679 7695
f 7678 7695 7694
f 7679 7680 7696
f 7679 7696 7695
f 7680 7681 7697
f 7680 7697 7696
f 7681 7682 7698
f 7681 7698 7697
f 7682 7683 7699
f 7682 7699 7698
f 7683 7684 7700
f 7683 7700 7699
f 7684 7685 7701
f 7684 7701 7700
f 7685 7686 7702
f 7685 7702 7701
f 7686 7687 7703
f 7686 7703 7702
f 7687 7688 7704
f 7687 7704 7703
f 7688 7689 7705
f 7688 7705 7704
f 7689 7690 7706
f 7689 7706 7705
f 7690 7691 7707
f 7690 7707 7706
f 7691 7692 7708
f 7691 7708 7707
f 7692 7677 7693
f 7692 7693 7708
f 7693 7694 7710
f 7693 7710 7709
f 7694 7695 7711
f 7694 7711 7710
f 7695 7696 7712
f 7695 7712 7711
f 7696 7697 7713
f 7696 7713 7712
f 7697 7698 7714
f 7697 7714 7713
f 7698 7699 7715
f 7698 7715 7714
f 7699 7700 7716
f 7699 7716 7715
f 7700 7701 7717
f 7700 7717 7716
f 7701 7702 7718
f 7701 7718 7717
f 7702 7703 7719
f 7702 7719 7718
f 7703 7704 7720
f 7703 7720 7719
f 7704 7705 7721
f 7704 7721 7720
f 7705 7706 7722
f 7705 7722 7721
f 7706 7707 7723
f 7706 7723 7722
f 7707 7708 7724
f 7707 7724 7723
f 7708 7693 7709
f 7708 7709 7724
f 7709 7710 7726
f 7709 7726 7725
f 7710 7711 7727
f 7710 7727 7726
f 7711 7712 7728
f 7711 7728 7727
f 7712 7713 7729
f 7712 7729 7728
f 7713 7714 7730
f 7713 7730 7729
f 7714 7715 7731
f 7714 7731 7730
f 7715 7716 7732
f 7715 7732 7731
f 7716 7717 7733
f 7716 7733 7732
f 7717 7718 7734
f 7717 7734 7733
f 7718 7719 7735
f 7718 7735 7734
f 7719 7720 7736
f 7719 7736 7735
f 7720 7721 7737
f 7720 7737 7736
f 7721 7722 7738
f 7721 7738 7737
f 7722 7723 7739
f 7722 7739 7738
f 7723 7724 7740
f 7723 7740 7739
f 7724 7709 7725
f 7724 7725 7740
f 7725 7726 7742
f 7725 7742 7741
f 7726 7727 7743
f 7726 7743 7742
f 7727 7728 7744
f 7727 7744 7743
f 7728 7729 7745
f 7728 7745 7744
f 7729 7730 7746
f 7729 7746 7745
f 7730 7731 7747
f 7730 7747 7746
f 7731 7732 7748
f 7731 7748 7747
f 7732 7733 7749
f 7732 7749 7748
f 7733 7734 7750
f 7733 7750 7749
f 7734 7735 7751
f 7734 7751 7750
f 7735 7736 7752
f 7735 7752 7751
f 7736 7737 7753
f 7736 7753 7752
f 7737 7738 7754
f 7737 7754 7753
f 7738 7739 7755
f 7738 7755 7754
f 7739 7740 7756
f 7739 7756 7755
f 7740 7725 7741
f 7740 7741 7756
f 7741 7742 7758
f 7741 7758 7757
f 7742 7743 7759
f 7742 7759 7758
f 7743 7744 7760
f 7743 7760 7759
f 7744 7745 7761
f 7744 7761 7760
f 7745 7746 7762
f 7745 7762 7761
f 7746 7747 7763
f 7746 7763 7762
f 7747 7748 7764
f 7747 7764 7763
f 7748 7749 7765
f 7748 7765 7764
f 7749 7750 7766
f 7749 7766 7765
f 7750 7751 7767
f 7750 7767 7766
f 7751 7752 7768
f 7751 7768 7767
f 7752 7753 7769
f 7752 7769 7768
f 7753 7754 7770
f 7753 7770 7769
f 7754 7755 7771
f 7754 7771 7770
f 7755 7756 7772
f 7755 7772 7771
f 7756 7741 7757
f 7756 7757 7772
f 7757 7758 7774
f 7757 7774 7773
f 7758 7759 7775
f 7758 7775 7774
f 7759 7760 7776
f 7759 7776 7775
f 7760 7761 7777
f 7760 7777 7776
f 7761 7762 7778
f 7761 7778 7777
f 7762 7763 7779
f 7762 7779 7778
f 7763 7764 7780
f 7763 7780 7779
f 7764 7765 7781
f 7764 7781 7780
f 7765 7766 7782
f 7765 7782 7781
f 7766 7767 7783
f 7766 7783 7782
f 7767 7768 7784
f 7767 7784 7783
f 7768 7769 7785
f 7768 7785 7784
f 7769 7770 7786
f 7769 7786 7785
f 7770 7771 7787
f 7770 7787 7786
f 7771 7772 7788
f 7771 7788 7787
f 7772 7757 7773
f 7772 7773 7788
f 7773 7774 7790
f 7773 7790 7789
f 7774 7775 7791
f 7774 7791 7790
f 7775 7776 7792
f 7775 7792 7791
f 7776 7777 7793
f 7776 7793 7792
f 7777 7778 7794
f 7777 7794 7793
f 7778 7779 7795
f 7778 7795 7794
f 7779 7780 7796
f 7779 7796 7795
f 7780 7781 7797
f 7780 7797 7796
f 7781 7782 7798
f 7781 7798 7797
f 7782 7783 7799
f 7782 7799 7798
f 7783 7784 7800
f 7783 7800 7799
f 7784 7785 7801
f 7784 7801 7800
f 7785 7786 7802
f 7785 7802 7801
f 7786 7787 7803
f 7786 7803 7802
f 7787 7788 7804
f 7787 7804 7803
f 7788 7773 7789
f 7788 7789 7804
f 7789 7790 7806
f 7789 7806 7805
f 7790 7791 7807
f 7790 7807 7806
f 7791 7792 7808
f 7791 7808 7807
f 7792 7793 7809
f 7792 7809 7808
f 7793 7794 7810
f 7793 7810 7809
f 7794 7795 7811
f 7794 7811 7810
f 7795 7796 7812
f 7795 7812 7811
f 7796 7797 7813
f 7796 7813 7812
f 7797 7798 7814
f 7797 7814 7813
f 7798 7799 7815
f 7798 7815 7814
f 7799 7800 7816
f 7799 7816 7815
f 7800 7801 7817
f 7800 7817 7816
f 7801 7802 7818
f 7801 7818 7817
f 7802 7803 7819
f 7802 7819 7818
f 7803 7804 7820
f 7803 7820 7819
f 7804 7789 7805
f 7804 7805 7820
f 7805 7806 7822
f 7805 7822 7821
f 7806 7807 7823
f 7806 7823 7822
f 7807 7808 7824
f 7807 7824 7823
f 7808 7809 7825
f 7808 7825 7824
f 7809 7810 7826
f 7809 7826 7825
f 7810 7811 7827
f 7810 7827 7826
f 7811 7812 7828
f 7811 7828 7827
f 7812 7813 7829
f 7812 7829 7828
f 7813 7814 7830
f 7813 7830 7829
f 7814 7815 7831
f 7814 7831 7830
f 7815 7816 7832
f 7815 7832 7831
f 7816 7817 7833
f 7816 7833 7832
f 7817 7818 7834
f 7817 7834 7833
f 7818 7819 7835
f 7818 7835 7834
f 7819 7820 7836
f 7819 7836 7835
f 7820 7805 7821
f 7820 7821 7836
f 7821 7822 7838
f 7821 7838 7837
f 7822 7823 7839
f 7822 7839 7838
f 7823 7824 7840
f 7823 7840 7839
f 7824 7825 7841
f 7824 7841 7840
f 7825 7826 7842
f 7825 7842 7841
f 7826 7827 7843
f 7826 7843 7842
f 7827 7828 7844
f 7827 7844 7843
f 7828 7829 7845
f 7828 7845 7844
f 7829 7830 7846
f 7829 7846 7845
f 7830 7831 7847
f 7830 7847 7846
f 7831 7832 7848
f 7831 7848 7847
f 7832 7833 7849
f 7832 7849 7848
f 7833 7834 7850
f 7833 7850 7849
f 7834 7835 7851
f 7834 7851 7850
f 7835 7836 7852
f 7835 7852 7851
f 7836 7821 7837
f 7836 7837 7852
f 7837 7838 7854
f 7837 7854 7853
f 7838 7839 7855
f 7838 7855 7854
f 7839 7840 7856
f 7839 7856 7855
f 7840 7841 7857
f 7840 7857 7856
f 7841 7842 7858
f 7841 7858 7857
f 7842 7843 7859
f 7842 7859 7858
f 7843 7844 7860
f 7843 7860 7859
f 7844 7845 7861
f 7844 7861 7860
f 7845 7846 7862
f 7845 7862 7861
f 7846 7847 7863
f 7846 7863 7862
f 7847 7848 7864
f 7847 7864 7863
f 7848 7849 7865
f 7848 7865 7864
f 7849 7850 7866
f 7849 7866 7865
f 7850 7851 7867
f 7850 7867 7866
f 7851 7852 7868
f 7851 7868 7867
f 7852 7837 7853
f 7852 7853 7868
f 7853 7854 7870
f 7853 7870 7869
f 7854 7855 7871
f 7854 7871 7870
f 7855 7856 7872
f 7855 7872 7871
f 7856 7857 7873
f 7856 7873 7872
f 7857 7858 7874
f 7857 7874 7873
f 7858 7859 7875
f 7858 7875 7874
f 7859 7860 7876
f 7859 7876 7875
f 7860 7861 7877
f 7860 7877 7876
f 7861 7862 7878
f 7861 7878 7877
f 7862 7863 7879
f 7862 7879 7878
f 7863 7864 7880
f 7863 7880 7879
f 7864 7865 7881
f 7864 7881 7880
f 7865 7866 7882
f 7865 7882 7881
f 7866 7867 7883
f 7866 7883 7882
f 7867 7868 7884
f 7867 7884 7883
f 7868 7853 7869
f 7868 7869 7884
f 7869 7870 7886
f 7869 7886 7885
f 7870 7871 7887
f 7870 7887 7886
f 7871 7872 7888
f 7871 7888 7887
f 7872 7873 7889
f 7872 7889 7888
f 7873 7874 7890
f 7873 7890 7889
f 7874 7875 7891
f 7874 7891 7890
f 7875 7876 7892
f 7875 7892 7891
f 7876 7877 7893
f 7876 7893 7892
f 7877 7878 7894
f 7877 7894 7893
f 7878 7879 7895
f 7878 7895 7894
f 7879 7880 7896
f 7879 7896 7895
f 7880 7881 7897
f 7880 7897 7896
f 7881 7882 7898
f 7881 7898 7897
f 7882 7883 7899
f 7882 7899 7898
f 7883 7884 7900
f 7883 7900 7899
f 7884 7869 7885
f 7884 7885 7900
f 7885 7886 7902
f 7885 7902 7901
f 7886 7887 7903
f 7886 7903 7902
f 7887 7888 7904
f 7887 7904 7903
f 7888 7889 7905
f 7888 7905 7904
f 7889 7890 7906
f 7889 7906 7905
f 7890 7891 7907
f 7890 7907 7906
f 7891 7892 7908
f 7891 7908 7907
f 7892 7893 7909
f 7892 7909 7908
f 7893 7894 7910
f 7893 7910 7909
f 7894 7895 7911
f 7894 7911 7910
f 7895 7896 7912
f 7895 7912 7911
f 7896 7897 7913
f 7896 7913 7912
f 7897 7898 7914
f 7897 7914 7913
f 7898 7899 7915
f 7898 7915 7914
f 7899 7900 7916
f 7899 7916 7915
f 7900 7885 7901
f 7900 7901 7916
f 7901 7902 7918
f 7901 7918 7917
f 7902 7903 7919
f 7902 7919 7918
f 7903 7904 7920
f 7903 7920 7919
f 7904 7905 7921
f 7904 7921 7920
f 7905 7906 7922
f 7905 7922 7921
f 7906 7907 7923
f 7906 7923 7922
f 7907 7908 7924
f 7907 7924 7923
f 7908 7909 7925
f 7908 7925 7924
f 7909 7910 7926
f 7909 7926 7925
f 7910 7911 7927
f 7910 7927 7926
f 7911 7912 7928
f 7911 7928 7927
f 7912 7913 7929
f 7912 7929 7928
f 7913 7914 7930
f 7913 7930 7929
f 7914 7915 7931
f 7914 7931 7930
f 7915 7916 7932
f 7915 7932 7931
f 7916 7901 7917
f 7916 7917 7932
f 7917 7918 7934
f 7917 7934 7933
f 7918 7919 7935
f 7918 7935 7934
f 7919 7920 7936
f 7919 7936 7935
f 7920 7921 7937
f 7920 7937 7936
f 7921 7922 7938
f 7921 7938 7937
f 7922 7923 7939
f 7922 7939 7938
f 7923 7924 7940
f 7923 7940 7939
f 7924 7925 7941
f 7924 7941 7940
f 7925 7926 7942
f 7925 7942 7941
f 7926 7927 7943
f 7926 7943 7942
f 7927 7928 7944
f 7927 7944 7943
f 7928 7929 7945
f 7928 7945 7944
f 7929 7930 7946
f 7929 7946 7945
f 7930 7931 7947
f 7930 7947 7946
f 7931 7932 7948
f 7931 7948 7947
f 7932 7917 7933
f 7932 7933 7948
f 7933 7934 7950
f 7933 7950 7949
f 7934 7935 7951
f 7934 7951 7950
f 7935 7936 7952
f 7935 7952 7951
f 7936 7937 7953
f 7936 7953 7952
f 7937 7938 7954
f 7937 7954 7953
f 7938 7939 7955
f 7938 7955 7954
f 7939 7940 7956
f 7939 7956 7955
f 7940 7941 7957
f 7940 7957 7956
f 7941 7942 7958
f 7941 7958 7957
f 7942 7943 7959
f 7942 7959 7958
f 7943 7944 7960
f 7943 7960 7959
f 7944 7945 7961
f 7944 7961 7960
f 7945 7946 7962
f 7945 7962 7961
f 7946 7947 7963
f 7946 7963 7962
f 7947 7948 7964
f 7947 7964 7963
f 7948 7933 7949
f 7948 7949 7964
f 7949 7950 7966
f 7949 7966 7965
f 7950 7951 7967
f 7950 7967 7966
f 7951 7952 7968
f 7951 7968 7967
f 7952 7953 7969
f 7952 7969 7968
f 7953 7954 7970
f 7953 7970 7969
f 7954 7955 7971
f 7954 7971 7970
f 7955 7956 7972
f 7955 7972 7971
f 7956 7957 7973
f 7956 7973 7972
f 7957 7958 7974
f 7957 7974 7973
f 7958 7959 7975
f 7958 7975 7974
f 7959 7960 7976
f 7959 7976 7975
f 7960 7961 7977
f 7960 7977 7976
f 7961 7962 7978
f 7961 7978 7977
f 7962 7963 7979
f 7962 7979 7978
f 7963 7964 7980
f 7963 7980 7979
f 7964 7949 7965
f 7964 7965 7980
f 7965 7966 7982
f 7965 7982 7981
f 7966 7967 7983
f 7966 7983 7982
f 7967 7968 7984
f 7967 7984 7983
f 7968 7969 7985
f 7968 7985 7984
f 7969 7970 7986
f 7969 7986 7985
f 7970 7971 7987
f 7970 7987 7986
f 7971 7972 7988
f 7971 7988 7987
f 7972 7973 7989
f 7972 7989 7988
f 7973 7974 7990
f 7973 7990 7989
f 7974 7975 7991
f 7974 7991 7990
f 7975 7976 7992
f 7975 7992 7991
f 7976 7977 7993
f 7976 7993 7992
f 7977 7978 7994
f 7977 7994 7993
f 7978 7979 7995
f 7978 7995 7994
f 7979 7980 7996
f 7979 7996 7995
f 7980 7965 7981
f 7980 7981 7996
f 7981 7982 7998
f 7981 7998 7997
f 7982 7983 7999
f 7982 7999 7998
f 7983 7984 8000
f 7983 8000 7999
f 7984 7985 8001
f 7984 8001 8000
f 7985 7986 8002
f 7985 8002 8001
f 7986 7987 8003
f 7986 8003 8002
f 7987 7988 8004
f 7987 8004 8003
f 7988 7989 8005
f 7988 8005 8004
f 7989 7990 8006
f 7989 8006 8005
f 7990 7991 8007
f 7990 8007 8006
f 7991 7992 8008
f 7991 8008 8007
f 7992 7993 8009
f 7992 8009 8008
f 7993 7994 8010
f 7993 8010 8009
f 7994 7995 8011
f 7994 8011 8010
f 7995 7996 8012
f 7995 8012 8011
f 7996 7981 7997
f 7996 7997 8012
f 7997 7998 8014
f 7997 8014 8013
f 7998 7999 8015
f 7998 8015 8014
f 7999 8000 8016
f 7999 8016 8015
f 8000 8001 8017
f 8000 8017 8016
f 8001 8002 8018
f 8001 8018 8017
f 8002 8003 8019
f 8002 8019 8018
f 8003 8004 8020
f 8003 8020 8019
f 8004 8005 8021
f 8004 8021 8020
f 8005 8006 8022
f 8005 8022 8021
f 8006 8007 8023
f 8006 8023 8022
f 8007 8008 8024
f 8007 8024 8023
f 8008 8009 8025
f 8008 8025 8024
f 8009 8010 8026
f 8009 8026 8025
f 8010 8011 8027
f 8010 8027 8026
f 8011 8012 8028
f 8011 8028 8027
f 8012 7997 8013
f 8012 8013 8028
f 8029 7630 7629
f 8029 7631 7630
f 8029 7632 7631
f 8029 7633 7632
f 8029 7634 7633
f 8029 7635 7634
f 8029 7636 7635
f 8029 7637 7636
f 8029 7638 7637
f 8029 7639 7638
f 8029 7640 7639
f 8029 7641 7640
f 8029 7642 7641
f 8029 7643 7642
f 8029 7644 7643
f 8029 7629 7644
f 8030 8013 8014
f 8030 8014 8015
f 8030 8015 8016
f 8030 8016 8017
f 8030 8017 8018
f 8030 8018 8019
f 8030 8019 8020
f 8030 8020 8021
f 8030 8021 8022
f 8030 8022 8023
f 8030 8023 8024
f 8030 8024 8025
f 8030 8025 8026
f 8030 8026 8027
f 8030 8027 8028
f 8030 8028 8013
o Ilyth_Elbow_R_Fore
usemtl soft_charcoal
s 1
v 1.12866 2.52195 0.72988
v 1.12840 2.52195 0.72833
v 1.12766 2.52195 0.72702
v 1.12655 2.52195 0.72614
v 1.12524 2.52195 0.72583
v 1.12393 2.52195 0.72614
v 1.12282 2.52195 0.72702
v 1.12208 2.52195 0.72833
v 1.12182 2.52195 0.72988
v 1.12208 2.52195 0.73144
v 1.12282 2.52195 0.73275
v 1.12393 2.52195 0.73363
v 1.12524 2.52195 0.73394
v 1.12655 2.52195 0.73363
v 1.12766 2.52195 0.73275
v 1.12840 2.52195 0.73144
v 1.14226 2.52463 0.72988
v 1.14097 2.52463 0.72216
v 1.13728 2.52463 0.71562
v 1.13175 2.52463 0.71124
v 1.12524 2.52463 0.70971
v 1.11872 2.52463 0.71124
v 1.11320 2.52463 0.71562
v 1.10951 2.52463 0.72216
v 1.10822 2.52463 0.72988
v 1.10951 2.52463 0.73761
v 1.11320 2.52463 0.74415
v 1.11872 2.52463 0.74852
v 1.12524 2.52463 0.75006
v 1.13175 2.52463 0.74852
v 1.13728 2.52463 0.74415
v 1.14097 2.52463 0.73761
v 1.16157 2.52881 0.72988
v 1.15880 2.52881 0.71341
v 1.15093 2.52881 0.69944
v 1.13914 2.52881 0.69011
v 1.12524 2.52881 0.68683
v 1.11134 2.52881 0.69011
v 1.09955 2.52881 0.69944
v 1.09168 2.52881 0.71341
v 1.08891 2.52881 0.72988
v 1.09168 2.52881 0.74636
v 1.09955 2.52881 0.76033
v 1.11134 2.52881 0.76966
v 1.12524 2.52881 0.77294
v 1.13914 2.52881 0.76966
v 1.15093 2.52881 0.76033
v 1.15880 2.52881 0.74636
v 1.17997 2.53543 0.72988
v 1.17581 2.53543 0.70506
v 1.16394 2.53543 0.68402
v 1.14618 2.53543 0.66995
v 1.12524 2.53543 0.66502
v 1.10429 2.53543 0.66995
v 1.08654 2.53543 0.68402
v 1.07467 2.53543 0.70506
v 1.07051 2.53543 0.72988
v 1.07467 2.53543 0.75471
v 1.08654 2.53543 0.77575
v 1.10429 2.53543 0.78982
v 1.12524 2.53543 0.79475
v 1.14618 2.53543 0.78982
v 1.16394 2.53543 0.77575
v 1.17581 2.53543 0.75471
v 1.19552 2.54499 0.72988
v 1.19017 2.54499 0.69801
v 1.17493 2.54499 0.67099
v 1.15213 2.54499 0.65293
v 1.12524 2.54499 0.64659
v 1.09834 2.54499 0.65293
v 1.07554 2.54499 0.67099
v 1.06031 2.54499 0.69801
v 1.05496 2.54499 0.72988
v 1.06031 2.54499 0.76176
v 1.07554 2.54499 0.78878
v 1.09834 2.54499 0.80684
v 1.12524 2.54499 0.81318
v 1.15213 2.54499 0.80684
v 1.17493 2.54499 0.78878
v 1.19017 2.54499 0.76176
v 1.21017 2.55699 0.72988
v 1.20370 2.55699 0.69137
v 1.18529 2.55699 0.65871
v 1.15774 2.55699 0.63689
v 1.12524 2.55699 0.62923
v 1.09274 2.55699 0.63689
v 1.06519 2.55699 0.65871
v 1.04678 2.55699 0.69137
v 1.04031 2.55699 0.72988
v 1.04678 2.55699 0.76840
v 1.06519 2.55699 0.80106
v 1.09274 2.55699 0.82288
v 1.12524 2.55699 0.83054
v 1.15774 2.55699 0.82288
v 1.18529 2.55699 0.80106
v 1.20370 2.55699 0.76840
v 1.22321 2.57085 0.72988
v 1.21575 2.57085 0.68545
v 1.19452 2.57085 0.64778
v 1.16273 2.57085 0.62261
v 1.12524 2.57085 0.61377
v 1.08775 2.57085 0.62261
v 1.05596 2.57085 0.64778
v 1.03472 2.57085 0.68545
v 1.02727 2.57085 0.72988
v 1.03472 2.57085 0.77432
v 1.05596 2.57085 0.81199
v 1.08775 2.57085 0.83716
v 1.12524 2.57085 0.84600
v 1.16273 2.57085 0.83716
v 1.19452 2.57085 0.81199
v 1.21575 2.57085 0.77432
v 1.23457 2.58665 0.72988
v 1.22625 2.58665 0.68030
v 1.20255 2.58665 0.63826
v 1.16708 2.58665 0.61017
v 1.12524 2.58665 0.60031
v 1.08340 2.58665 0.61017
v 1.04793 2.58665 0.63826
v 1.02423 2.58665 0.68030
v 1.01591 2.58665 0.72988
v 1.02423 2.58665 0.77947
v 1.04793 2.58665 0.82151
v 1.08340 2.58665 0.84960
v 1.12524 2.58665 0.85946
v 1.16708 2.58665 0.84960
v 1.20255 2.58665 0.82151
v 1.22625 2.58665 0.77947
v 1.24432 2.60430 0.72988
v 1.23526 2.60430 0.67587
v 1.20944 2.60430 0.63009
v 1.17081 2.60430 0.59949
v 1.12524 2.60430 0.58875
v 1.07967 2.60430 0.59949
v 1.04103 2.60430 0.63009
v 1.01522 2.60430 0.67587
v 1.00615 2.60430 0.72988
v 1.01522 2.60430 0.78390
v 1.04103 2.60430 0.82968
v 1.07967 2.60430 0.86028
v 1.12524 2.60430 0.87102
v 1.17081 2.60430 0.86028
v 1.20944 2.60430 0.82968
v 1.23526 2.60430 0.78390
v 1.25200 2.62296 0.72988
v 1.24235 2.62296 0.67239
v 1.21487 2.62296 0.62365
v 1.17375 2.62296 0.59109
v 1.12524 2.62296 0.57965
v 1.07673 2.62296 0.59109
v 1.03561 2.62296 0.62365
v 1.00813 2.62296 0.67239
v 0.99848 2.62296 0.72988
v 1.00813 2.62296 0.78738
v 1.03561 2.62296 0.83612
v 1.07673 2.62296 0.86868
v 1.12524 2.62296 0.88012
v 1.17375 2.62296 0.86868
v 1.21487 2.62296 0.83612
v 1.24235 2.62296 0.78738
v 1.25750 2.64267 0.72988
v 1.24743 2.64267 0.66990
v 1.21876 2.64267 0.61905
v 1.17585 2.64267 0.58507
v 1.12524 2.64267 0.57313
v 1.07463 2.64267 0.58507
v 1.03172 2.64267 0.61905
v 1.00305 2.64267 0.66990
v 0.99298 2.64267 0.72988
v 1.00305 2.64267 0.78987
v 1.03172 2.64267 0.84072
v 1.07463 2.64267 0.87470
v 1.12524 2.64267 0.88663
v 1.17585 2.64267 0.87470
v 1.21876 2.64267 0.84072
v 1.24743 2.64267 0.78987
v 1.26092 2.66338 0.72988
v 1.25059 2.66338 0.66835
v 1.22118 2.66338 0.61618
v 1.17716 2.66338 0.58132
v 1.12524 2.66338 0.56908
v 1.07332 2.66338 0.58132
v 1.02930 2.66338 0.61618
v 0.99989 2.66338 0.66835
v 0.98956 2.66338 0.72988
v 0.99989 2.66338 0.79142
v 1.02930 2.66338 0.84359
v 1.07332 2.66338 0.87845
v 1.12524 2.66338 0.89069
v 1.17716 2.66338 0.87845
v 1.22118 2.66338 0.84359
v 1.25059 2.66338 0.79142
v 1.26209 2.68409 0.72988
v 1.25167 2.68409 0.66781
v 1.22201 2.68409 0.61519
v 1.17761 2.68409 0.58003
v 1.12524 2.68409 0.56769
v 1.07287 2.68409 0.58003
v 1.02847 2.68409 0.61519
v 0.99880 2.68409 0.66781
v 0.98839 2.68409 0.72988
v 0.99880 2.68409 0.79195
v 1.02847 2.68409 0.84457
v 1.07287 2.68409 0.87973
v 1.12524 2.68409 0.89208
v 1.17761 2.68409 0.87973
v 1.22201 2.68409 0.84457
v 1.25167 2.68409 0.79195
v 1.26092 2.70480 0.72988
v 1.25059 2.70480 0.66835
v 1.22118 2.70480 0.61618
v 1.17716 2.70480 0.58132
v 1.12524 2.70480 0.56908
v 1.07332 2.70480 0.58132
v 1.02930 2.70480 0.61618
v 0.99989 2.70480 0.66835
v 0.98956 2.70480 0.72988
v 0.99989 2.70480 0.79142
v 1.02930 2.70480 0.84359
v 1.07332 2.70480 0.87845
v 1.12524 2.70480 0.89069
v 1.17716 2.70480 0.87845
v 1.22118 2.70480 0.84359
v 1.25059 2.70480 0.79142
v 1.25750 2.72552 0.72988
v 1.24743 2.72552 0.66990
v 1.21876 2.72552 0.61905
v 1.17585 2.72552 0.58507
v 1.12524 2.72552 0.57313
v 1.07463 2.72552 0.58507
v 1.03172 2.72552 0.61905
v 1.00305 2.72552 0.66990
v 0.99298 2.72552 0.72988
v 1.00305 2.72552 0.78987
v 1.03172 2.72552 0.84072
v 1.07463 2.72552 0.87470
v 1.12524 2.72552 0.88663
v 1.17585 2.72552 0.87470
v 1.21876 2.72552 0.84072
v 1.24743 2.72552 0.78987
v 1.25200 2.74523 0.72988
v 1.24235 2.74523 0.67239
v 1.21487 2.74523 0.62365
v 1.17375 2.74523 0.59109
v 1.12524 2.74523 0.57965
v 1.07673 2.74523 0.59109
v 1.03561 2.74523 0.62365
v 1.00813 2.74523 0.67239
v 0.99848 2.74523 0.72988
v 1.00813 2.74523 0.78738
v 1.03561 2.74523 0.83612
v 1.07673 2.74523 0.86868
v 1.12524 2.74523 0.88012
v 1.17375 2.74523 0.86868
v 1.21487 2.74523 0.83612
v 1.24235 2.74523 0.78738
v 1.24432 2.76388 0.72988
v 1.23526 2.76388 0.67587
v 1.20944 2.76388 0.63009
v 1.17081 2.76388 0.59949
v 1.12524 2.76388 0.58875
v 1.07967 2.76388 0.59949
v 1.04103 2.76388 0.63009
v 1.01522 2.76388 0.67587
v 1.00615 2.76388 0.72988
v 1.01522 2.76388 0.78390
v 1.04103 2.76388 0.82968
v 1.07967 2.76388 0.86028
v 1.12524 2.76388 0.87102
v 1.17081 2.76388 0.86028
v 1.20944 2.76388 0.82968
v 1.23526 2.76388 0.78390
v 1.23457 2.78154 0.72988
v 1.22625 2.78154 0.68030
v 1.20255 2.78154 0.63826
v 1.16708 2.78154 0.61017
v 1.12524 2.78154 0.60031
v 1.08340 2.78154 0.61017
v 1.04793 2.78154 0.63826
v 1.02423 2.78154 0.68030
v 1.01591 2.78154 0.72988
v 1.02423 2.78154 0.77947
v 1.04793 2.78154 0.82151
v 1.08340 2.78154 0.84960
v 1.12524 2.78154 0.85946
v 1.16708 2.78154 0.84960
v 1.20255 2.78154 0.82151
v 1.22625 2.78154 0.77947
v 1.22321 2.79734 0.72988
v 1.21575 2.79734 0.68545
v 1.19452 2.79734 0.64778
v 1.16273 2.79734 0.62261
v 1.12524 2.79734 0.61377
v 1.08775 2.79734 0.62261
v 1.05596 2.79734 0.64778
v 1.03472 2.79734 0.68545
v 1.02727 2.79734 0.72988
v 1.03472 2.79734 0.77432
v 1.05596 2.79734 0.81199
v 1.08775 2.79734 0.83716
v 1.12524 2.79734 0.84600
v 1.16273 2.79734 0.83716
v 1.19452 2.79734 0.81199
v 1.21575 2.79734 0.77432
v 1.21017 2.81119 0.72988
v 1.20370 2.81119 0.69137
v 1.18529 2.81119 0.65871
v 1.15774 2.81119 0.63689
v 1.12524 2.81119 0.62923
v 1.09274 2.81119 0.63689
v 1.06519 2.81119 0.65871
v 1.04678 2.81119 0.69137
v 1.04031 2.81119 0.72988
v 1.04678 2.81119 0.76840
v 1.06519 2.81119 0.80106
v 1.09274 2.81119 0.82288
v 1.12524 2.81119 0.83054
v 1.15774 2.81119 0.82288
v 1.18529 2.81119 0.80106
v 1.20370 2.81119 0.76840
v 1.19552 2.82319 0.72988
v 1.19017 2.82319 0.69801
v 1.17493 2.82319 0.67099
v 1.15213 2.82319 0.65293
v 1.12524 2.82319 0.64659
v 1.09834 2.82319 0.65293
v 1.07554 2.82319 0.67099
v 1.06031 2.82319 0.69801
v 1.05496 2.82319 0.72988
v 1.06031 2.82319 0.76176
v 1.07554 2.82319 0.78878
v 1.09834 2.82319 0.80684
v 1.12524 2.82319 0.81318
v 1.15213 2.82319 0.80684
v 1.17493 2.82319 0.78878
v 1.19017 2.82319 0.76176
v 1.17997 2.83275 0.72988
v 1.17581 2.83275 0.70506
v 1.16394 2.83275 0.68402
v 1.14618 2.83275 0.66995
v 1.12524 2.83275 0.66502
v 1.10429 2.83275 0.66995
v 1.08654 2.83275 0.68402
v 1.07467 2.83275 0.70506
v 1.07051 2.83275 0.72988
v 1.07467 2.83275 0.75471
v 1.08654 2.83275 0.77575
v 1.10429 2.83275 0.78982
v 1.12524 2.83275 0.79475
v 1.14618 2.83275 0.78982
v 1.16394 2.83275 0.77575
v 1.17581 2.83275 0.75471
v 1.16157 2.83937 0.72988
v 1.15880 2.83937 0.71341
v 1.15093 2.83937 0.69944
v 1.13914 2.83937 0.69011
v 1.12524 2.83937 0.68683
v 1.11134 2.83937 0.69011
v 1.09955 2.83937 0.69944
v 1.09168 2.83937 0.71341
v 1.08891 2.83937 0.72988
v 1.09168 2.83937 0.74636
v 1.09955 2.83937 0.76033
v 1.11134 2.83937 0.76966
v 1.12524 2.83937 0.77294
v 1.13914 2.83937 0.76966
v 1.15093 2.83937 0.76033
v 1.15880 2.83937 0.74636
v 1.14226 2.84356 0.72988
v 1.14097 2.84356 0.72216
v 1.13728 2.84356 0.71562
v 1.13175 2.84356 0.71124
v 1.12524 2.84356 0.70971
v 1.11872 2.84356 0.71124
v 1.11320 2.84356 0.71562
v 1.10951 2.84356 0.72216
v 1.10822 2.84356 0.72988
v 1.10951 2.84356 0.73761
v 1.11320 2.84356 0.74415
v 1.11872 2.84356 0.74852
v 1.12524 2.84356 0.75006
v 1.13175 2.84356 0.74852
v 1.13728 2.84356 0.74415
v 1.14097 2.84356 0.73761
v 1.12866 2.84624 0.72988
v 1.12840 2.84624 0.72833
v 1.12766 2.84624 0.72702
v 1.12655 2.84624 0.72614
v 1.12524 2.84624 0.72583
v 1.12393 2.84624 0.72614
v 1.12282 2.84624 0.72702
v 1.12208 2.84624 0.72833
v 1.12182 2.84624 0.72988
v 1.12208 2.84624 0.73144
v 1.12282 2.84624 0.73275
v 1.12393 2.84624 0.73363
v 1.12524 2.84624 0.73394
v 1.12655 2.84624 0.73363
v 1.12766 2.84624 0.73275
v 1.12840 2.84624 0.73144
v 1.12524 2.52195 0.72988
v 1.12524 2.84624 0.72988
f 8031 8032 8048
f 8031 8048 8047
f 8032 8033 8049
f 8032 8049 8048
f 8033 8034 8050
f 8033 8050 8049
f 8034 8035 8051
f 8034 8051 8050
f 8035 8036 8052
f 8035 8052 8051
f 8036 8037 8053
f 8036 8053 8052
f 8037 8038 8054
f 8037 8054 8053
f 8038 8039 8055
f 8038 8055 8054
f 8039 8040 8056
f 8039 8056 8055
f 8040 8041 8057
f 8040 8057 8056
f 8041 8042 8058
f 8041 8058 8057
f 8042 8043 8059
f 8042 8059 8058
f 8043 8044 8060
f 8043 8060 8059
f 8044 8045 8061
f 8044 8061 8060
f 8045 8046 8062
f 8045 8062 8061
f 8046 8031 8047
f 8046 8047 8062
f 8047 8048 8064
f 8047 8064 8063
f 8048 8049 8065
f 8048 8065 8064
f 8049 8050 8066
f 8049 8066 8065
f 8050 8051 8067
f 8050 8067 8066
f 8051 8052 8068
f 8051 8068 8067
f 8052 8053 8069
f 8052 8069 8068
f 8053 8054 8070
f 8053 8070 8069
f 8054 8055 8071
f 8054 8071 8070
f 8055 8056 8072
f 8055 8072 8071
f 8056 8057 8073
f 8056 8073 8072
f 8057 8058 8074
f 8057 8074 8073
f 8058 8059 8075
f 8058 8075 8074
f 8059 8060 8076
f 8059 8076 8075
f 8060 8061 8077
f 8060 8077 8076
f 8061 8062 8078
f 8061 8078 8077
f 8062 8047 8063
f 8062 8063 8078
f 8063 8064 8080
f 8063 8080 8079
f 8064 8065 8081
f 8064 8081 8080
f 8065 8066 8082
f 8065 8082 8081
f 8066 8067 8083
f 8066 8083 8082
f 8067 8068 8084
f 8067 8084 8083
f 8068 8069 8085
f 8068 8085 8084
f 8069 8070 8086
f 8069 8086 8085
f 8070 8071 8087
f 8070 8087 8086
f 8071 8072 8088
f 8071 8088 8087
f 8072 8073 8089
f 8072 8089 8088
f 8073 8074 8090
f 8073 8090 8089
f 8074 8075 8091
f 8074 8091 8090
f 8075 8076 8092
f 8075 8092 8091
f 8076 8077 8093
f 8076 8093 8092
f 8077 8078 8094
f 8077 8094 8093
f 8078 8063 8079
f 8078 8079 8094
f 8079 8080 8096
f 8079 8096 8095
f 8080 8081 8097
f 8080 8097 8096
f 8081 8082 8098
f 8081 8098 8097
f 8082 8083 8099
f 8082 8099 8098
f 8083 8084 8100
f 8083 8100 8099
f 8084 8085 8101
f 8084 8101 8100
f 8085 8086 8102
f 8085 8102 8101
f 8086 8087 8103
f 8086 8103 8102
f 8087 8088 8104
f 8087 8104 8103
f 8088 8089 8105
f 8088 8105 8104
f 8089 8090 8106
f 8089 8106 8105
f 8090 8091 8107
f 8090 8107 8106
f 8091 8092 8108
f 8091 8108 8107
f 8092 8093 8109
f 8092 8109 8108
f 8093 8094 8110
f 8093 8110 8109
f 8094 8079 8095
f 8094 8095 8110
f 8095 8096 8112
f 8095 8112 8111
f 8096 8097 8113
f 8096 8113 8112
f 8097 8098 8114
f 8097 8114 8113
f 8098 8099 8115
f 8098 8115 8114
f 8099 8100 8116
f 8099 8116 8115
f 8100 8101 8117
f 8100 8117 8116
f 8101 8102 8118
f 8101 8118 8117
f 8102 8103 8119
f 8102 8119 8118
f 8103 8104 8120
f 8103 8120 8119
f 8104 8105 8121
f 8104 8121 8120
f 8105 8106 8122
f 8105 8122 8121
f 8106 8107 8123
f 8106 8123 8122
f 8107 8108 8124
f 8107 8124 8123
f 8108 8109 8125
f 8108 8125 8124
f 8109 8110 8126
f 8109 8126 8125
f 8110 8095 8111
f 8110 8111 8126
f 8111 8112 8128
f 8111 8128 8127
f 8112 8113 8129
f 8112 8129 8128
f 8113 8114 8130
f 8113 8130 8129
f 8114 8115 8131
f 8114 8131 8130
f 8115 8116 8132
f 8115 8132 8131
f 8116 8117 8133
f 8116 8133 8132
f 8117 8118 8134
f 8117 8134 8133
f 8118 8119 8135
f 8118 8135 8134
f 8119 8120 8136
f 8119 8136 8135
f 8120 8121 8137
f 8120 8137 8136
f 8121 8122 8138
f 8121 8138 8137
f 8122 8123 8139
f 8122 8139 8138
f 8123 8124 8140
f 8123 8140 8139
f 8124 8125 8141
f 8124 8141 8140
f 8125 8126 8142
f 8125 8142 8141
f 8126 8111 8127
f 8126 8127 8142
f 8127 8128 8144
f 8127 8144 8143
f 8128 8129 8145
f 8128 8145 8144
f 8129 8130 8146
f 8129 8146 8145
f 8130 8131 8147
f 8130 8147 8146
f 8131 8132 8148
f 8131 8148 8147
f 8132 8133 8149
f 8132 8149 8148
f 8133 8134 8150
f 8133 8150 8149
f 8134 8135 8151
f 8134 8151 8150
f 8135 8136 8152
f 8135 8152 8151
f 8136 8137 8153
f 8136 8153 8152
f 8137 8138 8154
f 8137 8154 8153
f 8138 8139 8155
f 8138 8155 8154
f 8139 8140 8156
f 8139 8156 8155
f 8140 8141 8157
f 8140 8157 8156
f 8141 8142 8158
f 8141 8158 8157
f 8142 8127 8143
f 8142 8143 8158
f 8143 8144 8160
f 8143 8160 8159
f 8144 8145 8161
f 8144 8161 8160
f 8145 8146 8162
f 8145 8162 8161
f 8146 8147 8163
f 8146 8163 8162
f 8147 8148 8164
f 8147 8164 8163
f 8148 8149 8165
f 8148 8165 8164
f 8149 8150 8166
f 8149 8166 8165
f 8150 8151 8167
f 8150 8167 8166
f 8151 8152 8168
f 8151 8168 8167
f 8152 8153 8169
f 8152 8169 8168
f 8153 8154 8170
f 8153 8170 8169
f 8154 8155 8171
f 8154 8171 8170
f 8155 8156 8172
f 8155 8172 8171
f 8156 8157 8173
f 8156 8173 8172
f 8157 8158 8174
f 8157 8174 8173
f 8158 8143 8159
f 8158 8159 8174
f 8159 8160 8176
f 8159 8176 8175
f 8160 8161 8177
f 8160 8177 8176
f 8161 8162 8178
f 8161 8178 8177
f 8162 8163 8179
f 8162 8179 8178
f 8163 8164 8180
f 8163 8180 8179
f 8164 8165 8181
f 8164 8181 8180
f 8165 8166 8182
f 8165 8182 8181
f 8166 8167 8183
f 8166 8183 8182
f 8167 8168 8184
f 8167 8184 8183
f 8168 8169 8185
f 8168 8185 8184
f 8169 8170 8186
f 8169 8186 8185
f 8170 8171 8187
f 8170 8187 8186
f 8171 8172 8188
f 8171 8188 8187
f 8172 8173 8189
f 8172 8189 8188
f 8173 8174 8190
f 8173 8190 8189
f 8174 8159 8175
f 8174 8175 8190
f 8175 8176 8192
f 8175 8192 8191
f 8176 8177 8193
f 8176 8193 8192
f 8177 8178 8194
f 8177 8194 8193
f 8178 8179 8195
f 8178 8195 8194
f 8179 8180 8196
f 8179 8196 8195
f 8180 8181 8197
f 8180 8197 8196
f 8181 8182 8198
f 8181 8198 8197
f 8182 8183 8199
f 8182 8199 8198
f 8183 8184 8200
f 8183 8200 8199
f 8184 8185 8201
f 8184 8201 8200
f 8185 8186 8202
f 8185 8202 8201
f 8186 8187 8203
f 8186 8203 8202
f 8187 8188 8204
f 8187 8204 8203
f 8188 8189 8205
f 8188 8205 8204
f 8189 8190 8206
f 8189 8206 8205
f 8190 8175 8191
f 8190 8191 8206
f 8191 8192 8208
f 8191 8208 8207
f 8192 8193 8209
f 8192 8209 8208
f 8193 8194 8210
f 8193 8210 8209
f 8194 8195 8211
f 8194 8211 8210
f 8195 8196 8212
f 8195 8212 8211
f 8196 8197 8213
f 8196 8213 8212
f 8197 8198 8214
f 8197 8214 8213
f 8198 8199 8215
f 8198 8215 8214
f 8199 8200 8216
f 8199 8216 8215
f 8200 8201 8217
f 8200 8217 8216
f 8201 8202 8218
f 8201 8218 8217
f 8202 8203 8219
f 8202 8219 8218
f 8203 8204 8220
f 8203 8220 8219
f 8204 8205 8221
f 8204 8221 8220
f 8205 8206 8222
f 8205 8222 8221
f 8206 8191 8207
f 8206 8207 8222
f 8207 8208 8224
f 8207 8224 8223
f 8208 8209 8225
f 8208 8225 8224
f 8209 8210 8226
f 8209 8226 8225
f 8210 8211 8227
f 8210 8227 8226
f 8211 8212 8228
f 8211 8228 8227
f 8212 8213 8229
f 8212 8229 8228
f 8213 8214 8230
f 8213 8230 8229
f 8214 8215 8231
f 8214 8231 8230
f 8215 8216 8232
f 8215 8232 8231
f 8216 8217 8233
f 8216 8233 8232
f 8217 8218 8234
f 8217 8234 8233
f 8218 8219 8235
f 8218 8235 8234
f 8219 8220 8236
f 8219 8236 8235
f 8220 8221 8237
f 8220 8237 8236
f 8221 8222 8238
f 8221 8238 8237
f 8222 8207 8223
f 8222 8223 8238
f 8223 8224 8240
f 8223 8240 8239
f 8224 8225 8241
f 8224 8241 8240
f 8225 8226 8242
f 8225 8242 8241
f 8226 8227 8243
f 8226 8243 8242
f 8227 8228 8244
f 8227 8244 8243
f 8228 8229 8245
f 8228 8245 8244
f 8229 8230 8246
f 8229 8246 8245
f 8230 8231 8247
f 8230 8247 8246
f 8231 8232 8248
f 8231 8248 8247
f 8232 8233 8249
f 8232 8249 8248
f 8233 8234 8250
f 8233 8250 8249
f 8234 8235 8251
f 8234 8251 8250
f 8235 8236 8252
f 8235 8252 8251
f 8236 8237 8253
f 8236 8253 8252
f 8237 8238 8254
f 8237 8254 8253
f 8238 8223 8239
f 8238 8239 8254
f 8239 8240 8256
f 8239 8256 8255
f 8240 8241 8257
f 8240 8257 8256
f 8241 8242 8258
f 8241 8258 8257
f 8242 8243 8259
f 8242 8259 8258
f 8243 8244 8260
f 8243 8260 8259
f 8244 8245 8261
f 8244 8261 8260
f 8245 8246 8262
f 8245 8262 8261
f 8246 8247 8263
f 8246 8263 8262
f 8247 8248 8264
f 8247 8264 8263
f 8248 8249 8265
f 8248 8265 8264
f 8249 8250 8266
f 8249 8266 8265
f 8250 8251 8267
f 8250 8267 8266
f 8251 8252 8268
f 8251 8268 8267
f 8252 8253 8269
f 8252 8269 8268
f 8253 8254 8270
f 8253 8270 8269
f 8254 8239 8255
f 8254 8255 8270
f 8255 8256 8272
f 8255 8272 8271
f 8256 8257 8273
f 8256 8273 8272
f 8257 8258 8274
f 8257 8274 8273
f 8258 8259 8275
f 8258 8275 8274
f 8259 8260 8276
f 8259 8276 8275
f 8260 8261 8277
f 8260 8277 8276
f 8261 8262 8278
f 8261 8278 8277
f 8262 8263 8279
f 8262 8279 8278
f 8263 8264 8280
f 8263 8280 8279
f 8264 8265 8281
f 8264 8281 8280
f 8265 8266 8282
f 8265 8282 8281
f 8266 8267 8283
f 8266 8283 8282
f 8267 8268 8284
f 8267 8284 8283
f 8268 8269 8285
f 8268 8285 8284
f 8269 8270 8286
f 8269 8286 8285
f 8270 8255 8271
f 8270 8271 8286
f 8271 8272 8288
f 8271 8288 8287
f 8272 8273 8289
f 8272 8289 8288
f 8273 8274 8290
f 8273 8290 8289
f 8274 8275 8291
f 8274 8291 8290
f 8275 8276 8292
f 8275 8292 8291
f 8276 8277 8293
f 8276 8293 8292
f 8277 8278 8294
f 8277 8294 8293
f 8278 8279 8295
f 8278 8295 8294
f 8279 8280 8296
f 8279 8296 8295
f 8280 8281 8297
f 8280 8297 8296
f 8281 8282 8298
f 8281 8298 8297
f 8282 8283 8299
f 8282 8299 8298
f 8283 8284 8300
f 8283 8300 8299
f 8284 8285 8301
f 8284 8301 8300
f 8285 8286 8302
f 8285 8302 8301
f 8286 8271 8287
f 8286 8287 8302
f 8287 8288 8304
f 8287 8304 8303
f 8288 8289 8305
f 8288 8305 8304
f 8289 8290 8306
f 8289 8306 8305
f 8290 8291 8307
f 8290 8307 8306
f 8291 8292 8308
f 8291 8308 8307
f 8292 8293 8309
f 8292 8309 8308
f 8293 8294 8310
f 8293 8310 8309
f 8294 8295 8311
f 8294 8311 8310
f 8295 8296 8312
f 8295 8312 8311
f 8296 8297 8313
f 8296 8313 8312
f 8297 8298 8314
f 8297 8314 8313
f 8298 8299 8315
f 8298 8315 8314
f 8299 8300 8316
f 8299 8316 8315
f 8300 8301 8317
f 8300 8317 8316
f 8301 8302 8318
f 8301 8318 8317
f 8302 8287 8303
f 8302 8303 8318
f 8303 8304 8320
f 8303 8320 8319
f 8304 8305 8321
f 8304 8321 8320
f 8305 8306 8322
f 8305 8322 8321
f 8306 8307 8323
f 8306 8323 8322
f 8307 8308 8324
f 8307 8324 8323
f 8308 8309 8325
f 8308 8325 8324
f 8309 8310 8326
f 8309 8326 8325
f 8310 8311 8327
f 8310 8327 8326
f 8311 8312 8328
f 8311 8328 8327
f 8312 8313 8329
f 8312 8329 8328
f 8313 8314 8330
f 8313 8330 8329
f 8314 8315 8331
f 8314 8331 8330
f 8315 8316 8332
f 8315 8332 8331
f 8316 8317 8333
f 8316 8333 8332
f 8317 8318 8334
f 8317 8334 8333
f 8318 8303 8319
f 8318 8319 8334
f 8319 8320 8336
f 8319 8336 8335
f 8320 8321 8337
f 8320 8337 8336
f 8321 8322 8338
f 8321 8338 8337
f 8322 8323 8339
f 8322 8339 8338
f 8323 8324 8340
f 8323 8340 8339
f 8324 8325 8341
f 8324 8341 8340
f 8325 8326 8342
f 8325 8342 8341
f 8326 8327 8343
f 8326 8343 8342
f 8327 8328 8344
f 8327 8344 8343
f 8328 8329 8345
f 8328 8345 8344
f 8329 8330 8346
f 8329 8346 8345
f 8330 8331 8347
f 8330 8347 8346
f 8331 8332 8348
f 8331 8348 8347
f 8332 8333 8349
f 8332 8349 8348
f 8333 8334 8350
f 8333 8350 8349
f 8334 8319 8335
f 8334 8335 8350
f 8335 8336 8352
f 8335 8352 8351
f 8336 8337 8353
f 8336 8353 8352
f 8337 8338 8354
f 8337 8354 8353
f 8338 8339 8355
f 8338 8355 8354
f 8339 8340 8356
f 8339 8356 8355
f 8340 8341 8357
f 8340 8357 8356
f 8341 8342 8358
f 8341 8358 8357
f 8342 8343 8359
f 8342 8359 8358
f 8343 8344 8360
f 8343 8360 8359
f 8344 8345 8361
f 8344 8361 8360
f 8345 8346 8362
f 8345 8362 8361
f 8346 8347 8363
f 8346 8363 8362
f 8347 8348 8364
f 8347 8364 8363
f 8348 8349 8365
f 8348 8365 8364
f 8349 8350 8366
f 8349 8366 8365
f 8350 8335 8351
f 8350 8351 8366
f 8351 8352 8368
f 8351 8368 8367
f 8352 8353 8369
f 8352 8369 8368
f 8353 8354 8370
f 8353 8370 8369
f 8354 8355 8371
f 8354 8371 8370
f 8355 8356 8372
f 8355 8372 8371
f 8356 8357 8373
f 8356 8373 8372
f 8357 8358 8374
f 8357 8374 8373
f 8358 8359 8375
f 8358 8375 8374
f 8359 8360 8376
f 8359 8376 8375
f 8360 8361 8377
f 8360 8377 8376
f 8361 8362 8378
f 8361 8378 8377
f 8362 8363 8379
f 8362 8379 8378
f 8363 8364 8380
f 8363 8380 8379
f 8364 8365 8381
f 8364 8381 8380
f 8365 8366 8382
f 8365 8382 8381
f 8366 8351 8367
f 8366 8367 8382
f 8367 8368 8384
f 8367 8384 8383
f 8368 8369 8385
f 8368 8385 8384
f 8369 8370 8386
f 8369 8386 8385
f 8370 8371 8387
f 8370 8387 8386
f 8371 8372 8388
f 8371 8388 8387
f 8372 8373 8389
f 8372 8389 8388
f 8373 8374 8390
f 8373 8390 8389
f 8374 8375 8391
f 8374 8391 8390
f 8375 8376 8392
f 8375 8392 8391
f 8376 8377 8393
f 8376 8393 8392
f 8377 8378 8394
f 8377 8394 8393
f 8378 8379 8395
f 8378 8395 8394
f 8379 8380 8396
f 8379 8396 8395
f 8380 8381 8397
f 8380 8397 8396
f 8381 8382 8398
f 8381 8398 8397
f 8382 8367 8383
f 8382 8383 8398
f 8383 8384 8400
f 8383 8400 8399
f 8384 8385 8401
f 8384 8401 8400
f 8385 8386 8402
f 8385 8402 8401
f 8386 8387 8403
f 8386 8403 8402
f 8387 8388 8404
f 8387 8404 8403
f 8388 8389 8405
f 8388 8405 8404
f 8389 8390 8406
f 8389 8406 8405
f 8390 8391 8407
f 8390 8407 8406
f 8391 8392 8408
f 8391 8408 8407
f 8392 8393 8409
f 8392 8409 8408
f 8393 8394 8410
f 8393 8410 8409
f 8394 8395 8411
f 8394 8411 8410
f 8395 8396 8412
f 8395 8412 8411
f 8396 8397 8413
f 8396 8413 8412
f 8397 8398 8414
f 8397 8414 8413
f 8398 8383 8399
f 8398 8399 8414
f 8399 8400 8416
f 8399 8416 8415
f 8400 8401 8417
f 8400 8417 8416
f 8401 8402 8418
f 8401 8418 8417
f 8402 8403 8419
f 8402 8419 8418
f 8403 8404 8420
f 8403 8420 8419
f 8404 8405 8421
f 8404 8421 8420
f 8405 8406 8422
f 8405 8422 8421
f 8406 8407 8423
f 8406 8423 8422
f 8407 8408 8424
f 8407 8424 8423
f 8408 8409 8425
f 8408 8425 8424
f 8409 8410 8426
f 8409 8426 8425
f 8410 8411 8427
f 8410 8427 8426
f 8411 8412 8428
f 8411 8428 8427
f 8412 8413 8429
f 8412 8429 8428
f 8413 8414 8430
f 8413 8430 8429
f 8414 8399 8415
f 8414 8415 8430
f 8431 8032 8031
f 8431 8033 8032
f 8431 8034 8033
f 8431 8035 8034
f 8431 8036 8035
f 8431 8037 8036
f 8431 8038 8037
f 8431 8039 8038
f 8431 8040 8039
f 8431 8041 8040
f 8431 8042 8041
f 8431 8043 8042
f 8431 8044 8043
f 8431 8045 8044
f 8431 8046 8045
f 8431 8031 8046
f 8432 8415 8416
f 8432 8416 8417
f 8432 8417 8418
f 8432 8418 8419
f 8432 8419 8420
f 8432 8420 8421
f 8432 8421 8422
f 8432 8422 8423
f 8432 8423 8424
f 8432 8424 8425
f 8432 8425 8426
f 8432 8426 8427
f 8432 8427 8428
f 8432 8428 8429
f 8432 8429 8430
f 8432 8430 8415
o Ilyth_Ankle_R_Fore
usemtl soft_charcoal
s 1
v 1.49284 0.06873 1.44963
v 1.49264 0.06873 1.44847
v 1.49206 0.06873 1.44748
v 1.49120 0.06873 1.44682
v 1.49018 0.06873 1.44659
v 1.48916 0.06873 1.44682
v 1.48830 0.06873 1.44748
v 1.48772 0.06873 1.44847
v 1.48752 0.06873 1.44963
v 1.48772 0.06873 1.45080
v 1.48830 0.06873 1.45178
v 1.48916 0.06873 1.45244
v 1.49018 0.06873 1.45267
v 1.49120 0.06873 1.45244
v 1.49206 0.06873 1.45178
v 1.49264 0.06873 1.45080
v 1.50342 0.07158 1.44963
v 1.50241 0.07158 1.44384
v 1.49954 0.07158 1.43893
v 1.49525 0.07158 1.43565
v 1.49018 0.07158 1.43450
v 1.48511 0.07158 1.43565
v 1.48082 0.07158 1.43893
v 1.47795 0.07158 1.44384
v 1.47694 0.07158 1.44963
v 1.47795 0.07158 1.45542
v 1.48082 0.07158 1.46033
v 1.48511 0.07158 1.46361
v 1.49018 0.07158 1.46476
v 1.49525 0.07158 1.46361
v 1.49954 0.07158 1.46033
v 1.50241 0.07158 1.45542
v 1.51844 0.07602 1.44963
v 1.51628 0.07602 1.43728
v 1.51016 0.07602 1.42680
v 1.50099 0.07602 1.41980
v 1.49018 0.07602 1.41734
v 1.47937 0.07602 1.41980
v 1.47020 0.07602 1.42680
v 1.46408 0.07602 1.43728
v 1.46193 0.07602 1.44963
v 1.46408 0.07602 1.46199
v 1.47020 0.07602 1.47246
v 1.47937 0.07602 1.47946
v 1.49018 0.07602 1.48192
v 1.50099 0.07602 1.47946
v 1.51016 0.07602 1.47246
v 1.51628 0.07602 1.46199
v 1.53275 0.08306 1.44963
v 1.52951 0.08306 1.43101
v 1.52028 0.08306 1.41523
v 1.50647 0.08306 1.40468
v 1.49018 0.08306 1.40098
v 1.47389 0.08306 1.40468
v 1.46008 0.08306 1.41523
v 1.45085 0.08306 1.43101
v 1.44761 0.08306 1.44963
v 1.45085 0.08306 1.46825
v 1.46008 0.08306 1.48403
v 1.47389 0.08306 1.49458
v 1.49018 0.08306 1.49828
v 1.50647 0.08306 1.49458
v 1.52028 0.08306 1.48403
v 1.52951 0.08306 1.46825
v 1.54484 0.09321 1.44963
v 1.54068 0.09321 1.42573
v 1.52883 0.09321 1.40546
v 1.51110 0.09321 1.39192
v 1.49018 0.09321 1.38716
v 1.46926 0.09321 1.39192
v 1.45153 0.09321 1.40546
v 1.43968 0.09321 1.42573
v 1.43552 0.09321 1.44963
v 1.43968 0.09321 1.47354
v 1.45153 0.09321 1.49381
v 1.46926 0.09321 1.50735
v 1.49018 0.09321 1.51210
v 1.51110 0.09321 1.50735
v 1.52883 0.09321 1.49381
v 1.54068 0.09321 1.47354
v 1.55624 0.10596 1.44963
v 1.55121 0.10596 1.42074
v 1.53689 0.10596 1.39625
v 1.51546 0.10596 1.37989
v 1.49018 0.10596 1.37414
v 1.46490 0.10596 1.37989
v 1.44347 0.10596 1.39625
v 1.42915 0.10596 1.42074
v 1.42413 0.10596 1.44963
v 1.42915 0.10596 1.47852
v 1.44347 0.10596 1.50301
v 1.46490 0.10596 1.51938
v 1.49018 0.10596 1.52512
v 1.51546 0.10596 1.51938
v 1.53689 0.10596 1.50301
v 1.55121 0.10596 1.47852
v 1.56638 0.12068 1.44963
v 1.56058 0.12068 1.41631
v 1.54406 0.12068 1.38805
v 1.51934 0.12068 1.36917
v 1.49018 0.12068 1.36255
v 1.46102 0.12068 1.36917
v 1.43630 0.12068 1.38805
v 1.41978 0.12068 1.41631
v 1.41398 0.12068 1.44963
v 1.41978 0.12068 1.48296
v 1.43630 0.12068 1.51121
v 1.46102 0.12068 1.53009
v 1.49018 0.12068 1.53672
v 1.51934 0.12068 1.53009
v 1.54406 0.12068 1.51121
v 1.56058 0.12068 1.48296
v 1.57522 0.13747 1.44963
v 1.56874 0.13747 1.41244
v 1.55031 0.13747 1.38091
v 1.52272 0.13747 1.35985
v 1.49018 0.13747 1.35245
v 1.45764 0.13747 1.35985
v 1.43005 0.13747 1.38091
v 1.41162 0.13747 1.41244
v 1.40515 0.13747 1.44963
v 1.41162 0.13747 1.48682
v 1.43005 0.13747 1.51835
v 1.45764 0.13747 1.53942
v 1.49018 0.13747 1.54682
v 1.52272 0.13747 1.53942
v 1.55031 0.13747 1.51835
v 1.56874 0.13747 1.48682
v 1.58280 0.15623 1.44963
v 1.57575 0.15623 1.40912
v 1.55567 0.15623 1.37478
v 1.52563 0.15623 1.35184
v 1.49018 0.15623 1.34378
v 1.45474 0.15623 1.35184
v 1.42469 0.15623 1.37478
v 1.40461 0.15623 1.40912
v 1.39756 0.15623 1.44963
v 1.40461 0.15623 1.49014
v 1.42469 0.15623 1.52448
v 1.45474 0.15623 1.54743
v 1.49018 0.15623 1.55549
v 1.52563 0.15623 1.54743
v 1.55567 0.15623 1.52448
v 1.57575 0.15623 1.49014
v 1.58877 0.17605 1.44963
v 1.58127 0.17605 1.40651
v 1.55990 0.17605 1.36996
v 1.52791 0.17605 1.34553
v 1.49018 0.17605 1.33696
v 1.45245 0.17605 1.34553
v 1.42047 0.17605 1.36996
v 1.39909 0.17605 1.40651
v 1.39159 0.17605 1.44963
v 1.39909 0.17605 1.49275
v 1.42047 0.17605 1.52931
v 1.45245 0.17605 1.55373
v 1.49018 0.17605 1.56231
v 1.52791 0.17605 1.55373
v 1.55990 0.17605 1.52931
v 1.58127 0.17605 1.49275
v 1.59305 0.19700 1.44963
v 1.58522 0.19700 1.40464
v 1.56292 0.19700 1.36650
v 1.52955 0.19700 1.34102
v 1.49018 0.19700 1.33207
v 1.45082 0.19700 1.34102
v 1.41744 0.19700 1.36650
v 1.39514 0.19700 1.40464
v 1.38731 0.19700 1.44963
v 1.39514 0.19700 1.49462
v 1.41744 0.19700 1.53276
v 1.45082 0.19700 1.55825
v 1.49018 0.19700 1.56719
v 1.52955 0.19700 1.55825
v 1.56292 0.19700 1.53276
v 1.58522 0.19700 1.49462
v 1.59571 0.21900 1.44963
v 1.58767 0.21900 1.40348
v 1.56480 0.21900 1.36435
v 1.53056 0.21900 1.33821
v 1.49018 0.21900 1.32903
v 1.44980 0.21900 1.33821
v 1.41556 0.21900 1.36435
v 1.39269 0.21900 1.40348
v 1.38465 0.21900 1.44963
v 1.39269 0.21900 1.49578
v 1.41556 0.21900 1.53491
v 1.44980 0.21900 1.56105
v 1.49018 0.21900 1.57023
v 1.53056 0.21900 1.56105
v 1.56480 0.21900 1.53491
v 1.58767 0.21900 1.49578
v 1.59662 0.24101 1.44963
v 1.58852 0.24101 1.40308
v 1.56545 0.24101 1.36361
v 1.53091 0.24101 1.33724
v 1.49018 0.24101 1.32798
v 1.44945 0.24101 1.33724
v 1.41492 0.24101 1.36361
v 1.39184 0.24101 1.40308
v 1.38374 0.24101 1.44963
v 1.39184 0.24101 1.49618
v 1.41492 0.24101 1.53565
v 1.44945 0.24101 1.56202
v 1.49018 0.24101 1.57128
v 1.53091 0.24101 1.56202
v 1.56545 0.24101 1.53565
v 1.58852 0.24101 1.49618
v 1.59571 0.26301 1.44963
v 1.58767 0.26301 1.40348
v 1.56480 0.26301 1.36435
v 1.53056 0.26301 1.33821
v 1.49018 0.26301 1.32903
v 1.44980 0.26301 1.33821
v 1.41556 0.26301 1.36435
v 1.39269 0.26301 1.40348
v 1.38465 0.26301 1.44963
v 1.39269 0.26301 1.49578
v 1.41556 0.26301 1.53491
v 1.44980 0.26301 1.56105
v 1.49018 0.26301 1.57023
v 1.53056 0.26301 1.56105
v 1.56480 0.26301 1.53491
v 1.58767 0.26301 1.49578
v 1.59305 0.28502 1.44963
v 1.58522 0.28502 1.40464
v 1.56292 0.28502 1.36650
v 1.52955 0.28502 1.34102
v 1.49018 0.28502 1.33207
v 1.45082 0.28502 1.34102
v 1.41744 0.28502 1.36650
v 1.39514 0.28502 1.40464
v 1.38731 0.28502 1.44963
v 1.39514 0.28502 1.49462
v 1.41744 0.28502 1.53276
v 1.45082 0.28502 1.55825
v 1.49018 0.28502 1.56719
v 1.52955 0.28502 1.55825
v 1.56292 0.28502 1.53276
v 1.58522 0.28502 1.49462
v 1.58877 0.30596 1.44963
v 1.58127 0.30596 1.40651
v 1.55990 0.30596 1.36996
v 1.52791 0.30596 1.34553
v 1.49018 0.30596 1.33696
v 1.45245 0.30596 1.34553
v 1.42047 0.30596 1.36996
v 1.39909 0.30596 1.40651
v 1.39159 0.30596 1.44963
v 1.39909 0.30596 1.49275
v 1.42047 0.30596 1.52931
v 1.45245 0.30596 1.55373
v 1.49018 0.30596 1.56231
v 1.52791 0.30596 1.55373
v 1.55990 0.30596 1.52931
v 1.58127 0.30596 1.49275
v 1.58280 0.32578 1.44963
v 1.57575 0.32578 1.40912
v 1.55567 0.32578 1.37478
v 1.52563 0.32578 1.35184
v 1.49018 0.32578 1.34378
v 1.45474 0.32578 1.35184
v 1.42469 0.32578 1.37478
v 1.40461 0.32578 1.40912
v 1.39756 0.32578 1.44963
v 1.40461 0.32578 1.49014
v 1.42469 0.32578 1.52448
v 1.45474 0.32578 1.54743
v 1.49018 0.32578 1.55549
v 1.52563 0.32578 1.54743
v 1.55567 0.32578 1.52448
v 1.57575 0.32578 1.49014
v 1.57522 0.34454 1.44963
v 1.56874 0.34454 1.41244
v 1.55031 0.34454 1.38091
v 1.52272 0.34454 1.35985
v 1.49018 0.34454 1.35245
v 1.45764 0.34454 1.35985
v 1.43005 0.34454 1.38091
v 1.41162 0.34454 1.41244
v 1.40515 0.34454 1.44963
v 1.41162 0.34454 1.48682
v 1.43005 0.34454 1.51835
v 1.45764 0.34454 1.53942
v 1.49018 0.34454 1.54682
v 1.52272 0.34454 1.53942
v 1.55031 0.34454 1.51835
v 1.56874 0.34454 1.48682
v 1.56638 0.36133 1.44963
v 1.56058 0.36133 1.41631
v 1.54406 0.36133 1.38805
v 1.51934 0.36133 1.36917
v 1.49018 0.36133 1.36255
v 1.46102 0.36133 1.36917
v 1.43630 0.36133 1.38805
v 1.41978 0.36133 1.41631
v 1.41398 0.36133 1.44963
v 1.41978 0.36133 1.48296
v 1.43630 0.36133 1.51121
v 1.46102 0.36133 1.53009
v 1.49018 0.36133 1.53672
v 1.51934 0.36133 1.53009
v 1.54406 0.36133 1.51121
v 1.56058 0.36133 1.48296
v 1.55624 0.37605 1.44963
v 1.55121 0.37605 1.42074
v 1.53689 0.37605 1.39625
v 1.51546 0.37605 1.37989
v 1.49018 0.37605 1.37414
v 1.46490 0.37605 1.37989
v 1.44347 0.37605 1.39625
v 1.42915 0.37605 1.42074
v 1.42413 0.37605 1.44963
v 1.42915 0.37605 1.47852
v 1.44347 0.37605 1.50301
v 1.46490 0.37605 1.51938
v 1.49018 0.37605 1.52512
v 1.51546 0.37605 1.51938
v 1.53689 0.37605 1.50301
v 1.55121 0.37605 1.47852
v 1.54484 0.38880 1.44963
v 1.54068 0.38880 1.42573
v 1.52883 0.38880 1.40546
v 1.51110 0.38880 1.39192
v 1.49018 0.38880 1.38716
v 1.46926 0.38880 1.39192
v 1.45153 0.38880 1.40546
v 1.43968 0.38880 1.42573
v 1.43552 0.38880 1.44963
v 1.43968 0.38880 1.47354
v 1.45153 0.38880 1.49381
v 1.46926 0.38880 1.50735
v 1.49018 0.38880 1.51210
v 1.51110 0.38880 1.50735
v 1.52883 0.38880 1.49381
v 1.54068 0.38880 1.47354
v 1.53275 0.39896 1.44963
v 1.52951 0.39896 1.43101
v 1.52028 0.39896 1.41523
v 1.50647 0.39896 1.40468
v 1.49018 0.39896 1.40098
v 1.47389 0.39896 1.40468
v 1.46008 0.39896 1.41523
v 1.45085 0.39896 1.43101
v 1.44761 0.39896 1.44963
v 1.45085 0.39896 1.46825
v 1.46008 0.39896 1.48403
v 1.47389 0.39896 1.49458
v 1.49018 0.39896 1.49828
v 1.50647 0.39896 1.49458
v 1.52028 0.39896 1.48403
v 1.52951 0.39896 1.46825
v 1.51844 0.40599 1.44963
v 1.51628 0.40599 1.43728
v 1.51016 0.40599 1.42680
v 1.50099 0.40599 1.41980
v 1.49018 0.40599 1.41734
v 1.47937 0.40599 1.41980
v 1.47020 0.40599 1.42680
v 1.46408 0.40599 1.43728
v 1.46193 0.40599 1.44963
v 1.46408 0.40599 1.46199
v 1.47020 0.40599 1.47246
v 1.47937 0.40599 1.47946
v 1.49018 0.40599 1.48192
v 1.50099 0.40599 1.47946
v 1.51016 0.40599 1.47246
v 1.51628 0.40599 1.46199
v 1.50342 0.41044 1.44963
v 1.50241 0.41044 1.44384
v 1.49954 0.41044 1.43893
v 1.49525 0.41044 1.43565
v 1.49018 0.41044 1.43450
v 1.48511 0.41044 1.43565
v 1.48082 0.41044 1.43893
v 1.47795 0.41044 1.44384
v 1.47694 0.41044 1.44963
v 1.47795 0.41044 1.45542
v 1.48082 0.41044 1.46033
v 1.48511 0.41044 1.46361
v 1.49018 0.41044 1.46476
v 1.49525 0.41044 1.46361
v 1.49954 0.41044 1.46033
v 1.50241 0.41044 1.45542
v 1.49284 0.41329 1.44963
v 1.49264 0.41329 1.44847
v 1.49206 0.41329 1.44748
v 1.49120 0.41329 1.44682
v 1.49018 0.41329 1.44659
v 1.48916 0.41329 1.44682
v 1.48830 0.41329 1.44748
v 1.48772 0.41329 1.44847
v 1.48752 0.41329 1.44963
v 1.48772 0.41329 1.45080
v 1.48830 0.41329 1.45178
v 1.48916 0.41329 1.45244
v 1.49018 0.41329 1.45267
v 1.49120 0.41329 1.45244
v 1.49206 0.41329 1.45178
v 1.49264 0.41329 1.45080
v 1.49018 0.06873 1.44963
v 1.49018 0.41329 1.44963
f 8433 8434 8450
f 8433 8450 8449
f 8434 8435 8451
f 8434 8451 8450
f 8435 8436 8452
f 8435 8452 8451
f 8436 8437 8453
f 8436 8453 8452
f 8437 8438 8454
f 8437 8454 8453
f 8438 8439 8455
f 8438 8455 8454
f 8439 8440 8456
f 8439 8456 8455
f 8440 8441 8457
f 8440 8457 8456
f 8441 8442 8458
f 8441 8458 8457
f 8442 8443 8459
f 8442 8459 8458
f 8443 8444 8460
f 8443 8460 8459
f 8444 8445 8461
f 8444 8461 8460
f 8445 8446 8462
f 8445 8462 8461
f 8446 8447 8463
f 8446 8463 8462
f 8447 8448 8464
f 8447 8464 8463
f 8448 8433 8449
f 8448 8449 8464
f 8449 8450 8466
f 8449 8466 8465
f 8450 8451 8467
f 8450 8467 8466
f 8451 8452 8468
f 8451 8468 8467
f 8452 8453 8469
f 8452 8469 8468
f 8453 8454 8470
f 8453 8470 8469
f 8454 8455 8471
f 8454 8471 8470
f 8455 8456 8472
f 8455 8472 8471
f 8456 8457 8473
f 8456 8473 8472
f 8457 8458 8474
f 8457 8474 8473
f 8458 8459 8475
f 8458 8475 8474
f 8459 8460 8476
f 8459 8476 8475
f 8460 8461 8477
f 8460 8477 8476
f 8461 8462 8478
f 8461 8478 8477
f 8462 8463 8479
f 8462 8479 8478
f 8463 8464 8480
f 8463 8480 8479
f 8464 8449 8465
f 8464 8465 8480
f 8465 8466 8482
f 8465 8482 8481
f 8466 8467 8483
f 8466 8483 8482
f 8467 8468 8484
f 8467 8484 8483
f 8468 8469 8485
f 8468 8485 8484
f 8469 8470 8486
f 8469 8486 8485
f 8470 8471 8487
f 8470 8487 8486
f 8471 8472 8488
f 8471 8488 8487
f 8472 8473 8489
f 8472 8489 8488
f 8473 8474 8490
f 8473 8490 8489
f 8474 8475 8491
f 8474 8491 8490
f 8475 8476 8492
f 8475 8492 8491
f 8476 8477 8493
f 8476 8493 8492
f 8477 8478 8494
f 8477 8494 8493
f 8478 8479 8495
f 8478 8495 8494
f 8479 8480 8496
f 8479 8496 8495
f 8480 8465 8481
f 8480 8481 8496
f 8481 8482 8498
f 8481 8498 8497
f 8482 8483 8499
f 8482 8499 8498
f 8483 8484 8500
f 8483 8500 8499
f 8484 8485 8501
f 8484 8501 8500
f 8485 8486 8502
f 8485 8502 8501
f 8486 8487 8503
f 8486 8503 8502
f 8487 8488 8504
f 8487 8504 8503
f 8488 8489 8505
f 8488 8505 8504
f 8489 8490 8506
f 8489 8506 8505
f 8490 8491 8507
f 8490 8507 8506
f 8491 8492 8508
f 8491 8508 8507
f 8492 8493 8509
f 8492 8509 8508
f 8493 8494 8510
f 8493 8510 8509
f 8494 8495 8511
f 8494 8511 8510
f 8495 8496 8512
f 8495 8512 8511
f 8496 8481 8497
f 8496 8497 8512
f 8497 8498 8514
f 8497 8514 8513
f 8498 8499 8515
f 8498 8515 8514
f 8499 8500 8516
f 8499 8516 8515
f 8500 8501 8517
f 8500 8517 8516
f 8501 8502 8518
f 8501 8518 8517
f 8502 8503 8519
f 8502 8519 8518
f 8503 8504 8520
f 8503 8520 8519
f 8504 8505 8521
f 8504 8521 8520
f 8505 8506 8522
f 8505 8522 8521
f 8506 8507 8523
f 8506 8523 8522
f 8507 8508 8524
f 8507 8524 8523
f 8508 8509 8525
f 8508 8525 8524
f 8509 8510 8526
f 8509 8526 8525
f 8510 8511 8527
f 8510 8527 8526
f 8511 8512 8528
f 8511 8528 8527
f 8512 8497 8513
f 8512 8513 8528
f 8513 8514 8530
f 8513 8530 8529
f 8514 8515 8531
f 8514 8531 8530
f 8515 8516 8532
f 8515 8532 8531
f 8516 8517 8533
f 8516 8533 8532
f 8517 8518 8534
f 8517 8534 8533
f 8518 8519 8535
f 8518 8535 8534
f 8519 8520 8536
f 8519 8536 8535
f 8520 8521 8537
f 8520 8537 8536
f 8521 8522 8538
f 8521 8538 8537
f 8522 8523 8539
f 8522 8539 8538
f 8523 8524 8540
f 8523 8540 8539
f 8524 8525 8541
f 8524 8541 8540
f 8525 8526 8542
f 8525 8542 8541
f 8526 8527 8543
f 8526 8543 8542
f 8527 8528 8544
f 8527 8544 8543
f 8528 8513 8529
f 8528 8529 8544
f 8529 8530 8546
f 8529 8546 8545
f 8530 8531 8547
f 8530 8547 8546
f 8531 8532 8548
f 8531 8548 8547
f 8532 8533 8549
f 8532 8549 8548
f 8533 8534 8550
f 8533 8550 8549
f 8534 8535 8551
f 8534 8551 8550
f 8535 8536 8552
f 8535 8552 8551
f 8536 8537 8553
f 8536 8553 8552
f 8537 8538 8554
f 8537 8554 8553
f 8538 8539 8555
f 8538 8555 8554
f 8539 8540 8556
f 8539 8556 8555
f 8540 8541 8557
f 8540 8557 8556
f 8541 8542 8558
f 8541 8558 8557
f 8542 8543 8559
f 8542 8559 8558
f 8543 8544 8560
f 8543 8560 8559
f 8544 8529 8545
f 8544 8545 8560
f 8545 8546 8562
f 8545 8562 8561
f 8546 8547 8563
f 8546 8563 8562
f 8547 8548 8564
f 8547 8564 8563
f 8548 8549 8565
f 8548 8565 8564
f 8549 8550 8566
f 8549 8566 8565
f 8550 8551 8567
f 8550 8567 8566
f 8551 8552 8568
f 8551 8568 8567
f 8552 8553 8569
f 8552 8569 8568
f 8553 8554 8570
f 8553 8570 8569
f 8554 8555 8571
f 8554 8571 8570
f 8555 8556 8572
f 8555 8572 8571
f 8556 8557 8573
f 8556 8573 8572
f 8557 8558 8574
f 8557 8574 8573
f 8558 8559 8575
f 8558 8575 8574
f 8559 8560 8576
f 8559 8576 8575
f 8560 8545 8561
f 8560 8561 8576
f 8561 8562 8578
f 8561 8578 8577
f 8562 8563 8579
f 8562 8579 8578
f 8563 8564 8580
f 8563 8580 8579
f 8564 8565 8581
f 8564 8581 8580
f 8565 8566 8582
f 8565 8582 8581
f 8566 8567 8583
f 8566 8583 8582
f 8567 8568 8584
f 8567 8584 8583
f 8568 8569 8585
f 8568 8585 8584
f 8569 8570 8586
f 8569 8586 8585
f 8570 8571 8587
f 8570 8587 8586
f 8571 8572 8588
f 8571 8588 8587
f 8572 8573 8589
f 8572 8589 8588
f 8573 8574 8590
f 8573 8590 8589
f 8574 8575 8591
f 8574 8591 8590
f 8575 8576 8592
f 8575 8592 8591
f 8576 8561 8577
f 8576 8577 8592
f 8577 8578 8594
f 8577 8594 8593
f 8578 8579 8595
f 8578 8595 8594
f 8579 8580 8596
f 8579 8596 8595
f 8580 8581 8597
f 8580 8597 8596
f 8581 8582 8598
f 8581 8598 8597
f 8582 8583 8599
f 8582 8599 8598
f 8583 8584 8600
f 8583 8600 8599
f 8584 8585 8601
f 8584 8601 8600
f 8585 8586 8602
f 8585 8602 8601
f 8586 8587 8603
f 8586 8603 8602
f 8587 8588 8604
f 8587 8604 8603
f 8588 8589 8605
f 8588 8605 8604
f 8589 8590 8606
f 8589 8606 8605
f 8590 8591 8607
f 8590 8607 8606
f 8591 8592 8608
f 8591 8608 8607
f 8592 8577 8593
f 8592 8593 8608
f 8593 8594 8610
f 8593 8610 8609
f 8594 8595 8611
f 8594 8611 8610
f 8595 8596 8612
f 8595 8612 8611
f 8596 8597 8613
f 8596 8613 8612
f 8597 8598 8614
f 8597 8614 8613
f 8598 8599 8615
f 8598 8615 8614
f 8599 8600 8616
f 8599 8616 8615
f 8600 8601 8617
f 8600 8617 8616
f 8601 8602 8618
f 8601 8618 8617
f 8602 8603 8619
f 8602 8619 8618
f 8603 8604 8620
f 8603 8620 8619
f 8604 8605 8621
f 8604 8621 8620
f 8605 8606 8622
f 8605 8622 8621
f 8606 8607 8623
f 8606 8623 8622
f 8607 8608 8624
f 8607 8624 8623
f 8608 8593 8609
f 8608 8609 8624
f 8609 8610 8626
f 8609 8626 8625
f 8610 8611 8627
f 8610 8627 8626
f 8611 8612 8628
f 8611 8628 8627
f 8612 8613 8629
f 8612 8629 8628
f 8613 8614 8630
f 8613 8630 8629
f 8614 8615 8631
f 8614 8631 8630
f 8615 8616 8632
f 8615 8632 8631
f 8616 8617 8633
f 8616 8633 8632
f 8617 8618 8634
f 8617 8634 8633
f 8618 8619 8635
f 8618 8635 8634
f 8619 8620 8636
f 8619 8636 8635
f 8620 8621 8637
f 8620 8637 8636
f 8621 8622 8638
f 8621 8638 8637
f 8622 8623 8639
f 8622 8639 8638
f 8623 8624 8640
f 8623 8640 8639
f 8624 8609 8625
f 8624 8625 8640
f 8625 8626 8642
f 8625 8642 8641
f 8626 8627 8643
f 8626 8643 8642
f 8627 8628 8644
f 8627 8644 8643
f 8628 8629 8645
f 8628 8645 8644
f 8629 8630 8646
f 8629 8646 8645
f 8630 8631 8647
f 8630 8647 8646
f 8631 8632 8648
f 8631 8648 8647
f 8632 8633 8649
f 8632 8649 8648
f 8633 8634 8650
f 8633 8650 8649
f 8634 8635 8651
f 8634 8651 8650
f 8635 8636 8652
f 8635 8652 8651
f 8636 8637 8653
f 8636 8653 8652
f 8637 8638 8654
f 8637 8654 8653
f 8638 8639 8655
f 8638 8655 8654
f 8639 8640 8656
f 8639 8656 8655
f 8640 8625 8641
f 8640 8641 8656
f 8641 8642 8658
f 8641 8658 8657
f 8642 8643 8659
f 8642 8659 8658
f 8643 8644 8660
f 8643 8660 8659
f 8644 8645 8661
f 8644 8661 8660
f 8645 8646 8662
f 8645 8662 8661
f 8646 8647 8663
f 8646 8663 8662
f 8647 8648 8664
f 8647 8664 8663
f 8648 8649 8665
f 8648 8665 8664
f 8649 8650 8666
f 8649 8666 8665
f 8650 8651 8667
f 8650 8667 8666
f 8651 8652 8668
f 8651 8668 8667
f 8652 8653 8669
f 8652 8669 8668
f 8653 8654 8670
f 8653 8670 8669
f 8654 8655 8671
f 8654 8671 8670
f 8655 8656 8672
f 8655 8672 8671
f 8656 8641 8657
f 8656 8657 8672
f 8657 8658 8674
f 8657 8674 8673
f 8658 8659 8675
f 8658 8675 8674
f 8659 8660 8676
f 8659 8676 8675
f 8660 8661 8677
f 8660 8677 8676
f 8661 8662 8678
f 8661 8678 8677
f 8662 8663 8679
f 8662 8679 8678
f 8663 8664 8680
f 8663 8680 8679
f 8664 8665 8681
f 8664 8681 8680
f 8665 8666 8682
f 8665 8682 8681
f 8666 8667 8683
f 8666 8683 8682
f 8667 8668 8684
f 8667 8684 8683
f 8668 8669 8685
f 8668 8685 8684
f 8669 8670 8686
f 8669 8686 8685
f 8670 8671 8687
f 8670 8687 8686
f 8671 8672 8688
f 8671 8688 8687
f 8672 8657 8673
f 8672 8673 8688
f 8673 8674 8690
f 8673 8690 8689
f 8674 8675 8691
f 8674 8691 8690
f 8675 8676 8692
f 8675 8692 8691
f 8676 8677 8693
f 8676 8693 8692
f 8677 8678 8694
f 8677 8694 8693
f 8678 8679 8695
f 8678 8695 8694
f 8679 8680 8696
f 8679 8696 8695
f 8680 8681 8697
f 8680 8697 8696
f 8681 8682 8698
f 8681 8698 8697
f 8682 8683 8699
f 8682 8699 8698
f 8683 8684 8700
f 8683 8700 8699
f 8684 8685 8701
f 8684 8701 8700
f 8685 8686 8702
f 8685 8702 8701
f 8686 8687 8703
f 8686 8703 8702
f 8687 8688 8704
f 8687 8704 8703
f 8688 8673 8689
f 8688 8689 8704
f 8689 8690 8706
f 8689 8706 8705
f 8690 8691 8707
f 8690 8707 8706
f 8691 8692 8708
f 8691 8708 8707
f 8692 8693 8709
f 8692 8709 8708
f 8693 8694 8710
f 8693 8710 8709
f 8694 8695 8711
f 8694 8711 8710
f 8695 8696 8712
f 8695 8712 8711
f 8696 8697 8713
f 8696 8713 8712
f 8697 8698 8714
f 8697 8714 8713
f 8698 8699 8715
f 8698 8715 8714
f 8699 8700 8716
f 8699 8716 8715
f 8700 8701 8717
f 8700 8717 8716
f 8701 8702 8718
f 8701 8718 8717
f 8702 8703 8719
f 8702 8719 8718
f 8703 8704 8720
f 8703 8720 8719
f 8704 8689 8705
f 8704 8705 8720
f 8705 8706 8722
f 8705 8722 8721
f 8706 8707 8723
f 8706 8723 8722
f 8707 8708 8724
f 8707 8724 8723
f 8708 8709 8725
f 8708 8725 8724
f 8709 8710 8726
f 8709 8726 8725
f 8710 8711 8727
f 8710 8727 8726
f 8711 8712 8728
f 8711 8728 8727
f 8712 8713 8729
f 8712 8729 8728
f 8713 8714 8730
f 8713 8730 8729
f 8714 8715 8731
f 8714 8731 8730
f 8715 8716 8732
f 8715 8732 8731
f 8716 8717 8733
f 8716 8733 8732
f 8717 8718 8734
f 8717 8734 8733
f 8718 8719 8735
f 8718 8735 8734
f 8719 8720 8736
f 8719 8736 8735
f 8720 8705 8721
f 8720 8721 8736
f 8721 8722 8738
f 8721 8738 8737
f 8722 8723 8739
f 8722 8739 8738
f 8723 8724 8740
f 8723 8740 8739
f 8724 8725 8741
f 8724 8741 8740
f 8725 8726 8742
f 8725 8742 8741
f 8726 8727 8743
f 8726 8743 8742
f 8727 8728 8744
f 8727 8744 8743
f 8728 8729 8745
f 8728 8745 8744
f 8729 8730 8746
f 8729 8746 8745
f 8730 8731 8747
f 8730 8747 8746
f 8731 8732 8748
f 8731 8748 8747
f 8732 8733 8749
f 8732 8749 8748
f 8733 8734 8750
f 8733 8750 8749
f 8734 8735 8751
f 8734 8751 8750
f 8735 8736 8752
f 8735 8752 8751
f 8736 8721 8737
f 8736 8737 8752
f 8737 8738 8754
f 8737 8754 8753
f 8738 8739 8755
f 8738 8755 8754
f 8739 8740 8756
f 8739 8756 8755
f 8740 8741 8757
f 8740 8757 8756
f 8741 8742 8758
f 8741 8758 8757
f 8742 8743 8759
f 8742 8759 8758
f 8743 8744 8760
f 8743 8760 8759
f 8744 8745 8761
f 8744 8761 8760
f 8745 8746 8762
f 8745 8762 8761
f 8746 8747 8763
f 8746 8763 8762
f 8747 8748 8764
f 8747 8764 8763
f 8748 8749 8765
f 8748 8765 8764
f 8749 8750 8766
f 8749 8766 8765
f 8750 8751 8767
f 8750 8767 8766
f 8751 8752 8768
f 8751 8768 8767
f 8752 8737 8753
f 8752 8753 8768
f 8753 8754 8770
f 8753 8770 8769
f 8754 8755 8771
f 8754 8771 8770
f 8755 8756 8772
f 8755 8772 8771
f 8756 8757 8773
f 8756 8773 8772
f 8757 8758 8774
f 8757 8774 8773
f 8758 8759 8775
f 8758 8775 8774
f 8759 8760 8776
f 8759 8776 8775
f 8760 8761 8777
f 8760 8777 8776
f 8761 8762 8778
f 8761 8778 8777
f 8762 8763 8779
f 8762 8779 8778
f 8763 8764 8780
f 8763 8780 8779
f 8764 8765 8781
f 8764 8781 8780
f 8765 8766 8782
f 8765 8782 8781
f 8766 8767 8783
f 8766 8783 8782
f 8767 8768 8784
f 8767 8784 8783
f 8768 8753 8769
f 8768 8769 8784
f 8769 8770 8786
f 8769 8786 8785
f 8770 8771 8787
f 8770 8787 8786
f 8771 8772 8788
f 8771 8788 8787
f 8772 8773 8789
f 8772 8789 8788
f 8773 8774 8790
f 8773 8790 8789
f 8774 8775 8791
f 8774 8791 8790
f 8775 8776 8792
f 8775 8792 8791
f 8776 8777 8793
f 8776 8793 8792
f 8777 8778 8794
f 8777 8794 8793
f 8778 8779 8795
f 8778 8795 8794
f 8779 8780 8796
f 8779 8796 8795
f 8780 8781 8797
f 8780 8797 8796
f 8781 8782 8798
f 8781 8798 8797
f 8782 8783 8799
f 8782 8799 8798
f 8783 8784 8800
f 8783 8800 8799
f 8784 8769 8785
f 8784 8785 8800
f 8785 8786 8802
f 8785 8802 8801
f 8786 8787 8803
f 8786 8803 8802
f 8787 8788 8804
f 8787 8804 8803
f 8788 8789 8805
f 8788 8805 8804
f 8789 8790 8806
f 8789 8806 8805
f 8790 8791 8807
f 8790 8807 8806
f 8791 8792 8808
f 8791 8808 8807
f 8792 8793 8809
f 8792 8809 8808
f 8793 8794 8810
f 8793 8810 8809
f 8794 8795 8811
f 8794 8811 8810
f 8795 8796 8812
f 8795 8812 8811
f 8796 8797 8813
f 8796 8813 8812
f 8797 8798 8814
f 8797 8814 8813
f 8798 8799 8815
f 8798 8815 8814
f 8799 8800 8816
f 8799 8816 8815
f 8800 8785 8801
f 8800 8801 8816
f 8801 8802 8818
f 8801 8818 8817
f 8802 8803 8819
f 8802 8819 8818
f 8803 8804 8820
f 8803 8820 8819
f 8804 8805 8821
f 8804 8821 8820
f 8805 8806 8822
f 8805 8822 8821
f 8806 8807 8823
f 8806 8823 8822
f 8807 8808 8824
f 8807 8824 8823
f 8808 8809 8825
f 8808 8825 8824
f 8809 8810 8826
f 8809 8826 8825
f 8810 8811 8827
f 8810 8827 8826
f 8811 8812 8828
f 8811 8828 8827
f 8812 8813 8829
f 8812 8829 8828
f 8813 8814 8830
f 8813 8830 8829
f 8814 8815 8831
f 8814 8831 8830
f 8815 8816 8832
f 8815 8832 8831
f 8816 8801 8817
f 8816 8817 8832
f 8833 8434 8433
f 8833 8435 8434
f 8833 8436 8435
f 8833 8437 8436
f 8833 8438 8437
f 8833 8439 8438
f 8833 8440 8439
f 8833 8441 8440
f 8833 8442 8441
f 8833 8443 8442
f 8833 8444 8443
f 8833 8445 8444
f 8833 8446 8445
f 8833 8447 8446
f 8833 8448 8447
f 8833 8433 8448
f 8834 8817 8818
f 8834 8818 8819
f 8834 8819 8820
f 8834 8820 8821
f 8834 8821 8822
f 8834 8822 8823
f 8834 8823 8824
f 8834 8824 8825
f 8834 8825 8826
f 8834 8826 8827
f 8834 8827 8828
f 8834 8828 8829
f 8834 8829 8830
f 8834 8830 8831
f 8834 8831 8832
f 8834 8832 8817
o Ilyth_Contact_R_Fore0
usemtl soft_charcoal
s 1
v 1.42933 0.27752 1.44963
v 1.42423 0.22862 1.40807
v 1.45777 0.18698 1.39085
v 1.51029 0.17699 1.40807
v 1.55103 0.20450 1.44963
v 1.55613 0.25339 1.49120
v 1.52260 0.29503 1.50841
v 1.47008 0.30503 1.49120
v 1.40903 0.24477 1.49093
v 1.40542 0.19803 1.45181
v 1.43985 0.15712 1.43561
v 1.49215 0.14599 1.45181
v 1.53169 0.17117 1.49093
v 1.53530 0.21790 1.53005
v 1.50087 0.25882 1.54625
v 1.44856 0.26994 1.53005
v 1.38061 0.19850 1.54913
v 1.37909 0.15493 1.51354
v 1.41467 0.11515 1.49880
v 1.46651 0.10248 1.51354
v 1.50424 0.12432 1.54913
v 1.50576 0.16789 1.58472
v 1.47018 0.20767 1.59946
v 1.41834 0.22035 1.58472
v 1.35634 0.15587 1.60169
v 1.35664 0.11596 1.56991
v 1.39240 0.07805 1.55674
v 1.44269 0.06433 1.56991
v 1.47804 0.08285 1.60169
v 1.47775 0.12276 1.63348
v 1.44198 0.16067 1.64664
v 1.39169 0.17439 1.63348
v 1.34038 0.12051 1.64299
v 1.34194 0.08528 1.61555
v 1.37597 0.05066 1.60419
v 1.42253 0.03692 1.61555
v 1.45435 0.05213 1.64299
v 1.45279 0.08736 1.67043
v 1.41877 0.12198 1.68179
v 1.37221 0.13571 1.67043
v 1.32857 0.08879 1.67866
v 1.33113 0.05873 1.65584
v 1.36245 0.02812 1.64639
v 1.40420 0.01489 1.65584
v 1.43192 0.02678 1.67866
v 1.42937 0.05684 1.70148
v 1.39804 0.08745 1.71093
v 1.35629 0.10068 1.70148
v 1.32072 0.06695 1.70306
v 1.32394 0.04057 1.68350
v 1.35328 0.01284 1.67540
v 1.39155 0.00000 1.68350
v 1.41634 0.00958 1.70306
v 1.41313 0.03596 1.72262
v 1.38379 0.06369 1.73073
v 1.34551 0.07652 1.72262
v 1.49018 0.24101 1.44963
v 1.36853 0.03826 1.70306
f 8835 8836 8844
f 8835 8844 8843
f 8836 8837 8845
f 8836 8845 8844
f 8837 8838 8846
f 8837 8846 8845
f 8838 8839 8847
f 8838 8847 8846
f 8839 8840 8848
f 8839 8848 8847
f 8840 8841 8849
f 8840 8849 8848
f 8841 8842 8850
f 8841 8850 8849
f 8842 8835 8843
f 8842 8843 8850
f 8843 8844 8852
f 8843 8852 8851
f 8844 8845 8853
f 8844 8853 8852
f 8845 8846 8854
f 8845 8854 8853
f 8846 8847 8855
f 8846 8855 8854
f 8847 8848 8856
f 8847 8856 8855
f 8848 8849 8857
f 8848 8857 8856
f 8849 8850 8858
f 8849 8858 8857
f 8850 8843 8851
f 8850 8851 8858
f 8851 8852 8860
f 8851 8860 8859
f 8852 8853 8861
f 8852 8861 8860
f 8853 8854 8862
f 8853 8862 8861
f 8854 8855 8863
f 8854 8863 8862
f 8855 8856 8864
f 8855 8864 8863
f 8856 8857 8865
f 8856 8865 8864
f 8857 8858 8866
f 8857 8866 8865
f 8858 8851 8859
f 8858 8859 8866
f 8859 8860 8868
f 8859 8868 8867
f 8860 8861 8869
f 8860 8869 8868
f 8861 8862 8870
f 8861 8870 8869
f 8862 8863 8871
f 8862 8871 8870
f 8863 8864 8872
f 8863 8872 8871
f 8864 8865 8873
f 8864 8873 8872
f 8865 8866 8874
f 8865 8874 8873
f 8866 8859 8867
f 8866 8867 8874
f 8867 8868 8876
f 8867 8876 8875
f 8868 8869 8877
f 8868 8877 8876
f 8869 8870 8878
f 8869 8878 8877
f 8870 8871 8879
f 8870 8879 8878
f 8871 8872 8880
f 8871 8880 8879
f 8872 8873 8881
f 8872 8881 8880
f 8873 8874 8882
f 8873 8882 8881
f 8874 8867 8875
f 8874 8875 8882
f 8875 8876 8884
f 8875 8884 8883
f 8876 8877 8885
f 8876 8885 8884
f 8877 8878 8886
f 8877 8886 8885
f 8878 8879 8887
f 8878 8887 8886
f 8879 8880 8888
f 8879 8888 8887
f 8880 8881 8889
f 8880 8889 8888
f 8881 8882 8890
f 8881 8890 8889
f 8882 8875 8883
f 8882 8883 8890
f 8891 8836 8835
f 8891 8837 8836
f 8891 8838 8837
f 8891 8839 8838
f 8891 8840 8839
f 8891 8841 8840
f 8891 8842 8841
f 8891 8835 8842
f 8892 8883 8884
f 8892 8884 8885
f 8892 8885 8886
f 8892 8886 8887
f 8892 8887 8888
f 8892 8888 8889
f 8892 8889 8890
f 8892 8890 8883
o Ilyth_Contact_R_Fore1
usemtl soft_charcoal
s 1
v 1.41922 0.24101 1.44963
v 1.44000 0.19343 1.41157
v 1.49018 0.17372 1.39580
v 1.54036 0.19343 1.41157
v 1.56114 0.24101 1.44963
v 1.54036 0.28858 1.48769
v 1.49018 0.30829 1.50346
v 1.44000 0.28858 1.48769
v 1.41866 0.20797 1.49093
v 1.43961 0.16319 1.45511
v 1.49018 0.14464 1.44027
v 1.54076 0.16319 1.45511
v 1.56171 0.20797 1.49093
v 1.54076 0.25275 1.52676
v 1.49018 0.27129 1.54159
v 1.43961 0.25275 1.52676
v 1.41809 0.16141 1.54913
v 1.43921 0.12067 1.51654
v 1.49018 0.10380 1.50304
v 1.54115 0.12067 1.51654
v 1.56227 0.16141 1.54913
v 1.54115 0.20215 1.58172
v 1.49018 0.21902 1.59522
v 1.43921 0.20215 1.58172
v 1.41922 0.11936 1.60169
v 1.44000 0.08298 1.57258
v 1.49018 0.06791 1.56053
v 1.54036 0.08298 1.57258
v 1.56114 0.11936 1.60169
v 1.54036 0.15574 1.63080
v 1.49018 0.17081 1.64285
v 1.44000 0.15574 1.63080
v 1.42373 0.08632 1.64299
v 1.44319 0.05491 1.61787
v 1.49018 0.04190 1.60746
v 1.53717 0.05491 1.61787
v 1.55664 0.08632 1.64299
v 1.53717 0.11773 1.66812
v 1.49018 0.13074 1.67852
v 1.44319 0.11773 1.66812
v 1.42992 0.05779 1.67866
v 1.44757 0.03166 1.65776
v 1.49018 0.02084 1.64911
v 1.53279 0.03166 1.65776
v 1.55044 0.05779 1.67866
v 1.53279 0.08391 1.69956
v 1.49018 0.09473 1.70821
v 1.44757 0.08391 1.69956
v 1.43443 0.03826 1.70306
v 1.45076 0.01587 1.68515
v 1.49018 0.00660 1.67773
v 1.52961 0.01587 1.68515
v 1.54594 0.03826 1.70306
v 1.52961 0.06065 1.72098
v 1.49018 0.06992 1.72840
v 1.45076 0.06065 1.72098
v 1.49018 0.24101 1.44963
v 1.49018 0.03826 1.70306
f 8893 8894 8902
f 8893 8902 8901
f 8894 8895 8903
f 8894 8903 8902
f 8895 8896 8904
f 8895 8904 8903
f 8896 8897 8905
f 8896 8905 8904
f 8897 8898 8906
f 8897 8906 8905
f 8898 8899 8907
f 8898 8907 8906
f 8899 8900 8908
f 8899 8908 8907
f 8900 8893 8901
f 8900 8901 8908
f 8901 8902 8910
f 8901 8910 8909
f 8902 8903 8911
f 8902 8911 8910
f 8903 8904 8912
f 8903 8912 8911
f 8904 8905 8913
f 8904 8913 8912
f 8905 8906 8914
f 8905 8914 8913
f 8906 8907 8915
f 8906 8915 8914
f 8907 8908 8916
f 8907 8916 8915
f 8908 8901 8909
f 8908 8909 8916
f 8909 8910 8918
f 8909 8918 8917
f 8910 8911 8919
f 8910 8919 8918
f 8911 8912 8920
f 8911 8920 8919
f 8912 8913 8921
f 8912 8921 8920
f 8913 8914 8922
f 8913 8922 8921
f 8914 8915 8923
f 8914 8923 8922
f 8915 8916 8924
f 8915 8924 8923
f 8916 8909 8917
f 8916 8917 8924
f 8917 8918 8926
f 8917 8926 8925
f 8918 8919 8927
f 8918 8927 8926
f 8919 8920 8928
f 8919 8928 8927
f 8920 8921 8929
f 8920 8929 8928
f 8921 8922 8930
f 8921 8930 8929
f 8922 8923 8931
f 8922 8931 8930
f 8923 8924 8932
f 8923 8932 8931
f 8924 8917 8925
f 8924 8925 8932
f 8925 8926 8934
f 8925 8934 8933
f 8926 8927 8935
f 8926 8935 8934
f 8927 8928 8936
f 8927 8936 8935
f 8928 8929 8937
f 8928 8937 8936
f 8929 8930 8938
f 8929 8938 8937
f 8930 8931 8939
f 8930 8939 8938
f 8931 8932 8940
f 8931 8940 8939
f 8932 8925 8933
f 8932 8933 8940
f 8933 8934 8942
f 8933 8942 8941
f 8934 8935 8943
f 8934 8943 8942
f 8935 8936 8944
f 8935 8944 8943
f 8936 8937 8945
f 8936 8945 8944
f 8937 8938 8946
f 8937 8946 8945
f 8938 8939 8947
f 8938 8947 8946
f 8939 8940 8948
f 8939 8948 8947
f 8940 8933 8941
f 8940 8941 8948
f 8949 8894 8893
f 8949 8895 8894
f 8949 8896 8895
f 8949 8897 8896
f 8949 8898 8897
f 8949 8899 8898
f 8949 8900 8899
f 8949 8893 8900
f 8950 8941 8942
f 8950 8942 8943
f 8950 8943 8944
f 8950 8944 8945
f 8950 8945 8946
f 8950 8946 8947
f 8950 8947 8948
f 8950 8948 8941
o Ilyth_Contact_R_Fore2
usemtl soft_charcoal
s 1
v 1.42933 0.20450 1.44963
v 1.47008 0.17699 1.40807
v 1.52260 0.18698 1.39085
v 1.55613 0.22862 1.40807
v 1.55103 0.27752 1.44963
v 1.51029 0.30503 1.49120
v 1.45777 0.29503 1.50841
v 1.42423 0.25339 1.49120
v 1.44867 0.17117 1.49093
v 1.48821 0.14599 1.45181
v 1.54051 0.15712 1.43561
v 1.57495 0.19803 1.45181
v 1.57134 0.24477 1.49093
v 1.53180 0.26994 1.53005
v 1.47950 0.25882 1.54625
v 1.44506 0.21790 1.53005
v 1.47612 0.12432 1.54913
v 1.51386 0.10248 1.51354
v 1.56569 0.11515 1.49880
v 1.60127 0.15493 1.51354
v 1.59975 0.19850 1.54913
v 1.56202 0.22035 1.58472
v 1.51018 0.20767 1.59946
v 1.47460 0.16789 1.58472
v 1.50232 0.08285 1.60169
v 1.53767 0.06433 1.56991
v 1.58796 0.07805 1.55674
v 1.62372 0.11596 1.56991
v 1.62402 0.15587 1.60169
v 1.58867 0.17439 1.63348
v 1.53838 0.16067 1.64664
v 1.50262 0.12276 1.63348
v 1.52601 0.05213 1.64299
v 1.55783 0.03692 1.61555
v 1.60439 0.05066 1.60419
v 1.63842 0.08528 1.61555
v 1.63998 0.12051 1.64299
v 1.60816 0.13571 1.67043
v 1.56160 0.12198 1.68179
v 1.52757 0.08736 1.67043
v 1.54844 0.02678 1.67866
v 1.57616 0.01489 1.65584
v 1.61791 0.02812 1.64639
v 1.64924 0.05873 1.65584
v 1.65179 0.08879 1.67866
v 1.62407 0.10068 1.70148
v 1.58232 0.08745 1.71093
v 1.55099 0.05684 1.70148
v 1.56402 0.00958 1.70306
v 1.58881 0.00000 1.68350
v 1.62708 0.01284 1.67540
v 1.65642 0.04057 1.68350
v 1.65964 0.06695 1.70306
v 1.63485 0.07652 1.72262
v 1.59657 0.06369 1.73073
v 1.56724 0.03596 1.72262
v 1.49018 0.24101 1.44963
v 1.61183 0.03826 1.70306
f 8951 8952 8960
f 8951 8960 8959
f 8952 8953 8961
f 8952 8961 8960
f 8953 8954 8962
f 8953 8962 8961
f 8954 8955 8963
f 8954 8963 8962
f 8955 8956 8964
f 8955 8964 8963
f 8956 8957 8965
f 8956 8965 8964
f 8957 8958 8966
f 8957 8966 8965
f 8958 8951 8959
f 8958 8959 8966
f 8959 8960 8968
f 8959 8968 8967
f 8960 8961 8969
f 8960 8969 8968
f 8961 8962 8970
f 8961 8970 8969
f 8962 8963 8971
f 8962 8971 8970
f 8963 8964 8972
f 8963 8972 8971
f 8964 8965 8973
f 8964 8973 8972
f 8965 8966 8974
f 8965 8974 8973
f 8966 8959 8967
f 8966 8967 8974
f 8967 8968 8976
f 8967 8976 8975
f 8968 8969 8977
f 8968 8977 8976
f 8969 8970 8978
f 8969 8978 8977
f 8970 8971 8979
f 8970 8979 8978
f 8971 8972 8980
f 8971 8980 8979
f 8972 8973 8981
f 8972 8981 8980
f 8973 8974 8982
f 8973 8982 8981
f 8974 8967 8975
f 8974 8975 8982
f 8975 8976 8984
f 8975 8984 8983
f 8976 8977 8985
f 8976 8985 8984
f 8977 8978 8986
f 8977 8986 8985
f 8978 8979 8987
f 8978 8987 8986
f 8979 8980 8988
f 8979 8988 8987
f 8980 8981 8989
f 8980 8989 8988
f 8981 8982 8990
f 8981 8990 8989
f 8982 8975 8983
f 8982 8983 8990
f 8983 8984 8992
f 8983 8992 8991
f 8984 8985 8993
f 8984 8993 8992
f 8985 8986 8994
f 8985 8994 8993
f 8986 8987 8995
f 8986 8995 8994
f 8987 8988 8996
f 8987 8996 8995
f 8988 8989 8997
f 8988 8997 8996
f 8989 8990 8998
f 8989 8998 8997
f 8990 8983 8991
f 8990 8991 8998
f 8991 8992 9000
f 8991 9000 8999
f 8992 8993 9001
f 8992 9001 9000
f 8993 8994 9002
f 8993 9002 9001
f 8994 8995 9003
f 8994 9003 9002
f 8995 8996 9004
f 8995 9004 9003
f 8996 8997 9005
f 8996 9005 9004
f 8997 8998 9006
f 8997 9006 9005
f 8998 8991 8999
f 8998 8999 9006
f 9007 8952 8951
f 9007 8953 8952
f 9007 8954 8953
f 9007 8955 8954
f 9007 8956 8955
f 9007 8957 8956
f 9007 8958 8957
f 9007 8951 8958
f 9008 8999 9000
f 9008 9000 9001
f 9008 9001 9002
f 9008 9002 9003
f 9008 9003 9004
f 9008 9004 9005
f 9008 9005 9006
f 9008 9006 8999
o Ilyth_GrownRidge_R_Fore
usemtl grown_mineral
s 1
v 0.99165 4.24141 1.08469
v 1.00041 4.24820 1.06247
v 1.02291 4.25325 1.05327
v 1.04597 4.25361 1.06247
v 1.05608 4.24907 1.08469
v 1.04732 4.24228 1.10691
v 1.02482 4.23722 1.11611
v 1.00176 4.23686 1.10691
v 1.03633 3.86557 0.98745
v 1.04512 3.87214 0.96518
v 1.06763 3.87711 0.95595
v 1.09067 3.87757 0.96518
v 1.10076 3.87324 0.98745
v 1.09197 3.86667 1.00972
v 1.06946 3.86170 1.01894
v 1.04642 3.86124 1.00972
v 1.10017 3.33085 0.85867
v 1.10912 3.33594 0.83607
v 1.13170 3.34033 0.82672
v 1.15467 3.34146 0.83607
v 1.16458 3.33866 0.85867
v 1.15562 3.33357 0.88126
v 1.13305 3.32918 0.89061
v 1.11008 3.32805 0.88126
v 1.16402 2.81180 0.80085
v 1.17352 2.81240 0.77792
v 1.19631 2.81504 0.76842
v 1.21903 2.81818 0.77792
v 1.22838 2.81996 0.80085
v 1.21888 2.81935 0.82378
v 1.19609 2.81671 0.83327
v 1.17337 2.81358 0.82378
v 1.22787 2.32426 0.88495
v 1.23802 2.32005 0.86268
v 1.26105 2.32082 0.85346
v 1.28349 2.32611 0.86268
v 1.29218 2.33282 0.88495
v 1.28204 2.33702 0.90722
v 1.25900 2.33625 0.91644
v 1.23656 2.33097 0.90722
v 1.29171 1.85261 1.04001
v 1.30210 1.84666 1.01826
v 1.32524 1.84675 1.00925
v 1.34756 1.85282 1.01826
v 1.35600 1.86133 1.04001
v 1.34560 1.86727 1.06176
v 1.32247 1.86718 1.07077
v 1.30014 1.86111 1.06176
v 1.33639 1.52407 1.15565
v 1.34682 1.51787 1.13399
v 1.36997 1.51786 1.12502
v 1.39228 1.52405 1.13399
v 1.40068 1.53281 1.15565
v 1.39024 1.53902 1.17731
v 1.36709 1.53903 1.18628
v 1.34479 1.53284 1.17731
v 1.02387 4.24524 1.08469
v 1.36853 1.52844 1.15565
f 9009 9010 9018
f 9009 9018 9017
f 9010 9011 9019
f 9010 9019 9018
f 9011 9012 9020
f 9011 9020 9019
f 9012 9013 9021
f 9012 9021 9020
f 9013 9014 9022
f 9013 9022 9021
f 9014 9015 9023
f 9014 9023 9022
f 9015 9016 9024
f 9015 9024 9023
f 9016 9009 9017
f 9016 9017 9024
f 9017 9018 9026
f 9017 9026 9025
f 9018 9019 9027
f 9018 9027 9026
f 9019 9020 9028
f 9019 9028 9027
f 9020 9021 9029
f 9020 9029 9028
f 9021 9022 9030
f 9021 9030 9029
f 9022 9023 9031
f 9022 9031 9030
f 9023 9024 9032
f 9023 9032 9031
f 9024 9017 9025
f 9024 9025 9032
f 9025 9026 9034
f 9025 9034 9033
f 9026 9027 9035
f 9026 9035 9034
f 9027 9028 9036
f 9027 9036 9035
f 9028 9029 9037
f 9028 9037 9036
f 9029 9030 9038
f 9029 9038 9037
f 9030 9031 9039
f 9030 9039 9038
f 9031 9032 9040
f 9031 9040 9039
f 9032 9025 9033
f 9032 9033 9040
f 9033 9034 9042
f 9033 9042 9041
f 9034 9035 9043
f 9034 9043 9042
f 9035 9036 9044
f 9035 9044 9043
f 9036 9037 9045
f 9036 9045 9044
f 9037 9038 9046
f 9037 9046 9045
f 9038 9039 9047
f 9038 9047 9046
f 9039 9040 9048
f 9039 9048 9047
f 9040 9033 9041
f 9040 9041 9048
f 9041 9042 9050
f 9041 9050 9049
f 9042 9043 9051
f 9042 9051 9050
f 9043 9044 9052
f 9043 9052 9051
f 9044 9045 9053
f 9044 9053 9052
f 9045 9046 9054
f 9045 9054 9053
f 9046 9047 9055
f 9046 9055 9054
f 9047 9048 9056
f 9047 9056 9055
f 9048 9041 9049
f 9048 9049 9056
f 9049 9050 9058
f 9049 9058 9057
f 9050 9051 9059
f 9050 9059 9058
f 9051 9052 9060
f 9051 9060 9059
f 9052 9053 9061
f 9052 9061 9060
f 9053 9054 9062
f 9053 9062 9061
f 9054 9055 9063
f 9054 9063 9062
f 9055 9056 9064
f 9055 9064 9063
f 9056 9049 9057
f 9056 9057 9064
f 9065 9010 9009
f 9065 9011 9010
f 9065 9012 9011
f 9065 9013 9012
f 9065 9014 9013
f 9065 9015 9014
f 9065 9016 9015
f 9065 9009 9016
f 9066 9057 9058
f 9066 9058 9059
f 9066 9059 9060
f 9066 9060 9061
f 9066 9061 9062
f 9066 9062 9063
f 9066 9063 9064
f 9066 9064 9057
o Cradle_LoadFrame_L
usemtl continuance_frame
s 1
v -0.42181 4.86704 -0.48659
v -0.40853 4.86166 -0.52097
v -0.37565 4.85149 -0.53521
v -0.34244 4.84248 -0.52097
v -0.32835 4.83991 -0.48659
v -0.34163 4.84528 -0.45221
v -0.37450 4.85545 -0.43797
v -0.40772 4.86446 -0.45221
v -0.45647 4.74762 -0.48133
v -0.44324 4.74199 -0.51569
v -0.41033 4.73195 -0.52992
v -0.37700 4.72337 -0.51569
v -0.36278 4.72129 -0.48133
v -0.37600 4.72692 -0.44698
v -0.40892 4.73696 -0.43274
v -0.44225 4.74554 -0.44698
v -0.50406 4.57415 -0.47045
v -0.49109 4.56681 -0.50458
v -0.45789 4.55760 -0.51871
v -0.42390 4.55192 -0.50458
v -0.40905 4.55309 -0.47045
v -0.42202 4.56043 -0.43632
v -0.45522 4.56964 -0.42218
v -0.48920 4.57532 -0.43632
v -0.53511 4.39082 -0.43590
v -0.52154 4.38124 -0.46924
v -0.48750 4.37512 -0.48304
v -0.45292 4.37606 -0.46924
v -0.43807 4.38349 -0.43590
v -0.45164 4.39307 -0.40257
v -0.48568 4.39919 -0.38876
v -0.52026 4.39826 -0.40257
v -0.53254 4.19809 -0.37733
v -0.51761 4.18695 -0.40958
v -0.48297 4.18401 -0.42294
v -0.44891 4.19098 -0.40958
v -0.43539 4.20378 -0.37733
v -0.45031 4.21491 -0.34508
v -0.48495 4.21786 -0.33172
v -0.51901 4.21089 -0.34508
v -0.51278 4.00353 -0.29511
v -0.49657 3.98723 -0.32441
v -0.46153 3.98373 -0.33654
v -0.42820 3.99507 -0.32441
v -0.41610 4.01462 -0.29511
v -0.43231 4.03092 -0.26581
v -0.46734 4.03442 -0.25367
v -0.50068 4.02308 -0.26581
v -0.49412 3.86264 -0.17233
v -0.47560 3.83647 -0.19129
v -0.43977 3.83004 -0.19915
v -0.40761 3.84710 -0.19129
v -0.39797 3.87767 -0.17233
v -0.41648 3.90384 -0.15337
v -0.45231 3.91027 -0.14552
v -0.48447 3.89321 -0.15337
v -0.48071 3.80257 0.02443
v -0.46689 3.76878 0.01707
v -0.43272 3.75479 0.01226
v -0.39821 3.76878 0.01280
v -0.38358 3.80257 0.01838
v -0.39741 3.83637 0.02573
v -0.43158 3.85036 0.03055
v -0.46609 3.83637 0.03001
v -0.46801 3.78793 0.25753
v -0.45368 3.75359 0.25912
v -0.41927 3.73937 0.25870
v -0.38492 3.75359 0.25651
v -0.37076 3.78793 0.25384
v -0.38508 3.82227 0.25225
v -0.41950 3.83650 0.25267
v -0.45385 3.82227 0.25486
v -0.46425 3.82961 0.45418
v -0.45059 3.79822 0.46885
v -0.41645 3.78522 0.47610
v -0.38183 3.79822 0.47168
v -0.36701 3.82961 0.45818
v -0.38067 3.86099 0.44351
v -0.41481 3.87399 0.43625
v -0.44943 3.86099 0.44067
v -0.38559 3.95135 0.60223
v -0.40326 3.97181 0.57661
v -0.43873 3.97583 0.56600
v -0.47123 3.96105 0.57661
v -0.48171 3.93614 0.60223
v -0.46404 3.91568 0.62785
v -0.42857 3.91166 0.63846
v -0.39608 3.92644 0.62785
v -0.41223 4.11870 0.71449
v -0.42785 4.13280 0.68377
v -0.46271 4.13602 0.67104
v -0.49637 4.12645 0.68377
v -0.50913 4.10971 0.71449
v -0.49351 4.09560 0.74521
v -0.45866 4.09239 0.75794
v -0.42499 4.10195 0.74521
v -0.41783 4.29180 0.78057
v -0.43156 4.29854 0.74661
v -0.46565 4.30374 0.73255
v -0.50013 4.30437 0.74661
v -0.51480 4.30004 0.78057
v -0.50107 4.29330 0.81453
v -0.46698 4.28810 0.82859
v -0.43250 4.28748 0.81453
v -0.38065 4.48753 0.77757
v -0.39548 4.48674 0.74341
v -0.42937 4.49294 0.72927
v -0.46247 4.50249 0.74341
v -0.47539 4.50981 0.77757
v -0.46056 4.51060 0.81172
v -0.42667 4.50440 0.82587
v -0.39357 4.49485 0.81172
v -0.32151 4.69939 0.72838
v -0.33735 4.69578 0.69487
v -0.37133 4.70207 0.68099
v -0.40355 4.71458 0.69487
v -0.41513 4.72597 0.72838
v -0.39929 4.72957 0.76190
v -0.36531 4.72328 0.77578
v -0.33309 4.71078 0.76190
v -0.27767 4.85001 0.68934
v -0.29367 4.84603 0.65594
v -0.32767 4.85235 0.64211
v -0.35975 4.86526 0.65594
v -0.37111 4.87721 0.68934
v -0.35511 4.88119 0.72273
v -0.32112 4.87487 0.73656
v -0.28904 4.86196 0.72273
v -0.37508 4.85347 -0.48659
v -0.32439 4.86361 0.68934
f 9067 9068 9076
f 9067 9076 9075
f 9068 9069 9077
f 9068 9077 9076
f 9069 9070 9078
f 9069 9078 9077
f 9070 9071 9079
f 9070 9079 9078
f 9071 9072 9080
f 9071 9080 9079
f 9072 9073 9081
f 9072 9081 9080
f 9073 9074 9082
f 9073 9082 9081
f 9074 9067 9075
f 9074 9075 9082
f 9075 9076 9084
f 9075 9084 9083
f 9076 9077 9085
f 9076 9085 9084
f 9077 9078 9086
f 9077 9086 9085
f 9078 9079 9087
f 9078 9087 9086
f 9079 9080 9088
f 9079 9088 9087
f 9080 9081 9089
f 9080 9089 9088
f 9081 9082 9090
f 9081 9090 9089
f 9082 9075 9083
f 9082 9083 9090
f 9083 9084 9092
f 9083 9092 9091
f 9084 9085 9093
f 9084 9093 9092
f 9085 9086 9094
f 9085 9094 9093
f 9086 9087 9095
f 9086 9095 9094
f 9087 9088 9096
f 9087 9096 9095
f 9088 9089 9097
f 9088 9097 9096
f 9089 9090 9098
f 9089 9098 9097
f 9090 9083 9091
f 9090 9091 9098
f 9091 9092 9100
f 9091 9100 9099
f 9092 9093 9101
f 9092 9101 9100
f 9093 9094 9102
f 9093 9102 9101
f 9094 9095 9103
f 9094 9103 9102
f 9095 9096 9104
f 9095 9104 9103
f 9096 9097 9105
f 9096 9105 9104
f 9097 9098 9106
f 9097 9106 9105
f 9098 9091 9099
f 9098 9099 9106
f 9099 9100 9108
f 9099 9108 9107
f 9100 9101 9109
f 9100 9109 9108
f 9101 9102 9110
f 9101 9110 9109
f 9102 9103 9111
f 9102 9111 9110
f 9103 9104 9112
f 9103 9112 9111
f 9104 9105 9113
f 9104 9113 9112
f 9105 9106 9114
f 9105 9114 9113
f 9106 9099 9107
f 9106 9107 9114
f 9107 9108 9116
f 9107 9116 9115
f 9108 9109 9117
f 9108 9117 9116
f 9109 9110 9118
f 9109 9118 9117
f 9110 9111 9119
f 9110 9119 9118
f 9111 9112 9120
f 9111 9120 9119
f 9112 9113 9121
f 9112 9121 9120
f 9113 9114 9122
f 9113 9122 9121
f 9114 9107 9115
f 9114 9115 9122
f 9115 9116 9124
f 9115 9124 9123
f 9116 9117 9125
f 9116 9125 9124
f 9117 9118 9126
f 9117 9126 9125
f 9118 9119 9127
f 9118 9127 9126
f 9119 9120 9128
f 9119 9128 9127
f 9120 9121 9129
f 9120 9129 9128
f 9121 9122 9130
f 9121 9130 9129
f 9122 9115 9123
f 9122 9123 9130
f 9123 9124 9132
f 9123 9132 9131
f 9124 9125 9133
f 9124 9133 9132
f 9125 9126 9134
f 9125 9134 9133
f 9126 9127 9135
f 9126 9135 9134
f 9127 9128 9136
f 9127 9136 9135
f 9128 9129 9137
f 9128 9137 9136
f 9129 9130 9138
f 9129 9138 9137
f 9130 9123 9131
f 9130 9131 9138
f 9131 9132 9140
f 9131 9140 9139
f 9132 9133 9141
f 9132 9141 9140
f 9133 9134 9142
f 9133 9142 9141
f 9134 9135 9143
f 9134 9143 9142
f 9135 9136 9144
f 9135 9144 9143
f 9136 9137 9145
f 9136 9145 9144
f 9137 9138 9146
f 9137 9146 9145
f 9138 9131 9139
f 9138 9139 9146
f 9139 9140 9148
f 9139 9148 9147
f 9140 9141 9149
f 9140 9149 9148
f 9141 9142 9150
f 9141 9150 9149
f 9142 9143 9151
f 9142 9151 9150
f 9143 9144 9152
f 9143 9152 9151
f 9144 9145 9153
f 9144 9153 9152
f 9145 9146 9154
f 9145 9154 9153
f 9146 9139 9147
f 9146 9147 9154
f 9147 9148 9156
f 9147 9156 9155
f 9148 9149 9157
f 9148 9157 9156
f 9149 9150 9158
f 9149 9158 9157
f 9150 9151 9159
f 9150 9159 9158
f 9151 9152 9160
f 9151 9160 9159
f 9152 9153 9161
f 9152 9161 9160
f 9153 9154 9162
f 9153 9162 9161
f 9154 9147 9155
f 9154 9155 9162
f 9155 9156 9164
f 9155 9164 9163
f 9156 9157 9165
f 9156 9165 9164
f 9157 9158 9166
f 9157 9166 9165
f 9158 9159 9167
f 9158 9167 9166
f 9159 9160 9168
f 9159 9168 9167
f 9160 9161 9169
f 9160 9169 9168
f 9161 9162 9170
f 9161 9170 9169
f 9162 9155 9163
f 9162 9163 9170
f 9163 9164 9172
f 9163 9172 9171
f 9164 9165 9173
f 9164 9173 9172
f 9165 9166 9174
f 9165 9174 9173
f 9166 9167 9175
f 9166 9175 9174
f 9167 9168 9176
f 9167 9176 9175
f 9168 9169 9177
f 9168 9177 9176
f 9169 9170 9178
f 9169 9178 9177
f 9170 9163 9171
f 9170 9171 9178
f 9171 9172 9180
f 9171 9180 9179
f 9172 9173 9181
f 9172 9181 9180
f 9173 9174 9182
f 9173 9182 9181
f 9174 9175 9183
f 9174 9183 9182
f 9175 9176 9184
f 9175 9184 9183
f 9176 9177 9185
f 9176 9185 9184
f 9177 9178 9186
f 9177 9186 9185
f 9178 9171 9179
f 9178 9179 9186
f 9179 9180 9188
f 9179 9188 9187
f 9180 9181 9189
f 9180 9189 9188
f 9181 9182 9190
f 9181 9190 9189
f 9182 9183 9191
f 9182 9191 9190
f 9183 9184 9192
f 9183 9192 9191
f 9184 9185 9193
f 9184 9193 9192
f 9185 9186 9194
f 9185 9194 9193
f 9186 9179 9187
f 9186 9187 9194
f 9195 9068 9067
f 9195 9069 9068
f 9195 9070 9069
f 9195 9071 9070
f 9195 9072 9071
f 9195 9073 9072
f 9195 9074 9073
f 9195 9067 9074
f 9196 9187 9188
f 9196 9188 9189
f 9196 9189 9190
f 9196 9190 9191
f 9196 9191 9192
f 9196 9192 9193
f 9196 9193 9194
f 9196 9194 9187
o Cradle_CeramicShell_L
usemtl ceramic
s 1
v -0.38785 3.92509 -0.23316
v -0.40458 3.94736 -0.24626
v -0.42940 3.95563 -0.25436
v -0.45284 3.94674 -0.25436
v -0.46593 3.92409 -0.24626
v -0.46368 3.89632 -0.23316
v -0.44695 3.87405 -0.22005
v -0.42213 3.86578 -0.21196
v -0.39870 3.87467 -0.21196
v -0.38560 3.89732 -0.22005
v -0.48722 3.94337 -0.17007
v -0.48105 3.90004 -0.14942
v -0.45850 3.87326 -0.13351
v -0.42818 3.87326 -0.12842
v -0.40167 3.90004 -0.13608
v -0.38910 3.94337 -0.15357
v -0.39526 3.98670 -0.17422
v -0.41781 4.01348 -0.19013
v -0.44813 4.01348 -0.19523
v -0.47464 3.98670 -0.18756
v -0.51684 3.98955 -0.06713
v -0.50865 3.92331 -0.03831
v -0.47999 3.88237 -0.01737
v -0.44180 3.88237 -0.01231
v -0.40868 3.92331 -0.02506
v -0.39327 3.98955 -0.05076
v -0.40145 4.05579 -0.07958
v -0.43011 4.09673 -0.10052
v -0.46830 4.09673 -0.10558
v -0.50142 4.05579 -0.09283
v -0.53715 4.03235 0.04638
v -0.52539 3.94788 0.07635
v -0.49107 3.89567 0.09651
v -0.44730 3.89567 0.09917
v -0.41078 3.94788 0.08332
v -0.39549 4.03235 0.05499
v -0.40724 4.11683 0.02503
v -0.44156 4.16904 0.00486
v -0.48534 4.16904 0.00220
v -0.52185 4.11683 0.01806
v -0.54197 4.06652 0.16368
v -0.52782 3.97386 0.18955
v -0.49105 3.91660 0.20540
v -0.44568 3.91660 0.20518
v -0.40906 3.97386 0.18897
v -0.39517 4.06652 0.16297
v -0.40931 4.15918 0.13710
v -0.44609 4.21644 0.12125
v -0.49145 4.21644 0.12147
v -0.52808 4.15918 0.13767
v -0.53699 4.09731 0.28655
v -0.52205 4.00365 0.30879
v -0.48539 3.94577 0.32107
v -0.44102 3.94577 0.31870
v -0.40588 4.00365 0.30259
v -0.39339 4.09731 0.27888
v -0.40833 4.19096 0.25665
v -0.44499 4.24885 0.24437
v -0.48936 4.24885 0.24674
v -0.52450 4.19096 0.26285
v -0.52156 4.12359 0.40353
v -0.50675 4.03620 0.42057
v -0.47262 3.98219 0.42798
v -0.43221 3.98219 0.42293
v -0.40096 4.03620 0.40735
v -0.39079 4.12359 0.38718
v -0.40561 4.21098 0.37014
v -0.43974 4.26499 0.36273
v -0.48015 4.26499 0.36778
v -0.51140 4.21098 0.38336
v -0.48836 4.14536 0.51534
v -0.47616 4.07651 0.52551
v -0.44916 4.03396 0.52784
v -0.41766 4.03396 0.52145
v -0.39371 4.07651 0.50876
v -0.38645 4.14536 0.49463
v -0.39865 4.21422 0.48446
v -0.42565 4.25677 0.48213
v -0.45715 4.25677 0.48853
v -0.48110 4.21422 0.50121
v -0.44567 4.16264 0.61575
v -0.43781 4.11993 0.62094
v -0.42048 4.09354 0.62113
v -0.40029 4.09354 0.61626
v -0.38496 4.11993 0.60818
v -0.38034 4.16264 0.59998
v -0.38819 4.20534 0.59479
v -0.40552 4.23173 0.59459
v -0.42571 4.23173 0.59946
v -0.44104 4.20534 0.60754
v -0.41504 4.17427 0.68407
v -0.41038 4.15073 0.68676
v -0.39999 4.13618 0.68656
v -0.38782 4.13618 0.68355
v -0.37854 4.15073 0.67888
v -0.37567 4.17427 0.67433
v -0.38033 4.19782 0.67164
v -0.39072 4.21236 0.67184
v -0.40288 4.21236 0.67485
v -0.41217 4.19782 0.67952
v -0.42577 3.91071 -0.23316
v -0.39535 4.17427 0.67920
f 9197 9198 9208
f 9197 9208 9207
f 9198 9199 9209
f 9198 9209 9208
f 9199 9200 9210
f 9199 9210 9209
f 9200 9201 9211
f 9200 9211 9210
f 9201 9202 9212
f 9201 9212 9211
f 9202 9203 9213
f 9202 9213 9212
f 9203 9204 9214
f 9203 9214 9213
f 9204 9205 9215
f 9204 9215 9214
f 9205 9206 9216
f 9205 9216 9215
f 9206 9197 9207
f 9206 9207 9216
f 9207 9208 9218
f 9207 9218 9217
f 9208 9209 9219
f 9208 9219 9218
f 9209 9210 9220
f 9209 9220 9219
f 9210 9211 9221
f 9210 9221 9220
f 9211 9212 9222
f 9211 9222 9221
f 9212 9213 9223
f 9212 9223 9222
f 9213 9214 9224
f 9213 9224 9223
f 9214 9215 9225
f 9214 9225 9224
f 9215 9216 9226
f 9215 9226 9225
f 9216 9207 9217
f 9216 9217 9226
f 9217 9218 9228
f 9217 9228 9227
f 9218 9219 9229
f 9218 9229 9228
f 9219 9220 9230
f 9219 9230 9229
f 9220 9221 9231
f 9220 9231 9230
f 9221 9222 9232
f 9221 9232 9231
f 9222 9223 9233
f 9222 9233 9232
f 9223 9224 9234
f 9223 9234 9233
f 9224 9225 9235
f 9224 9235 9234
f 9225 9226 9236
f 9225 9236 9235
f 9226 9217 9227
f 9226 9227 9236
f 9227 9228 9238
f 9227 9238 9237
f 9228 9229 9239
f 9228 9239 9238
f 9229 9230 9240
f 9229 9240 9239
f 9230 9231 9241
f 9230 9241 9240
f 9231 9232 9242
f 9231 9242 9241
f 9232 9233 9243
f 9232 9243 9242
f 9233 9234 9244
f 9233 9244 9243
f 9234 9235 9245
f 9234 9245 9244
f 9235 9236 9246
f 9235 9246 9245
f 9236 9227 9237
f 9236 9237 9246
f 9237 9238 9248
f 9237 9248 9247
f 9238 9239 9249
f 9238 9249 9248
f 9239 9240 9250
f 9239 9250 9249
f 9240 9241 9251
f 9240 9251 9250
f 9241 9242 9252
f 9241 9252 9251
f 9242 9243 9253
f 9242 9253 9252
f 9243 9244 9254
f 9243 9254 9253
f 9244 9245 9255
f 9244 9255 9254
f 9245 9246 9256
f 9245 9256 9255
f 9246 9237 9247
f 9246 9247 9256
f 9247 9248 9258
f 9247 9258 9257
f 9248 9249 9259
f 9248 9259 9258
f 9249 9250 9260
f 9249 9260 9259
f 9250 9251 9261
f 9250 9261 9260
f 9251 9252 9262
f 9251 9262 9261
f 9252 9253 9263
f 9252 9263 9262
f 9253 9254 9264
f 9253 9264 9263
f 9254 9255 9265
f 9254 9265 9264
f 9255 9256 9266
f 9255 9266 9265
f 9256 9247 9257
f 9256 9257 9266
f 9257 9258 9268
f 9257 9268 9267
f 9258 9259 9269
f 9258 9269 9268
f 9259 9260 9270
f 9259 9270 9269
f 9260 9261 9271
f 9260 9271 9270
f 9261 9262 9272
f 9261 9272 9271
f 9262 9263 9273
f 9262 9273 9272
f 9263 9264 9274
f 9263 9274 9273
f 9264 9265 9275
f 9264 9275 9274
f 9265 9266 9276
f 9265 9276 9275
f 9266 9257 9267
f 9266 9267 9276
f 9267 9268 9278
f 9267 9278 9277
f 9268 9269 9279
f 9268 9279 9278
f 9269 9270 9280
f 9269 9280 9279
f 9270 9271 9281
f 9270 9281 9280
f 9271 9272 9282
f 9271 9282 9281
f 9272 9273 9283
f 9272 9283 9282
f 9273 9274 9284
f 9273 9284 9283
f 9274 9275 9285
f 9274 9285 9284
f 9275 9276 9286
f 9275 9286 9285
f 9276 9267 9277
f 9276 9277 9286
f 9277 9278 9288
f 9277 9288 9287
f 9278 9279 9289
f 9278 9289 9288
f 9279 9280 9290
f 9279 9290 9289
f 9280 9281 9291
f 9280 9291 9290
f 9281 9282 9292
f 9281 9292 9291
f 9282 9283 9293
f 9282 9293 9292
f 9283 9284 9294
f 9283 9294 9293
f 9284 9285 9295
f 9284 9295 9294
f 9285 9286 9296
f 9285 9296 9295
f 9286 9277 9287
f 9286 9287 9296
f 9297 9198 9197
f 9297 9199 9198
f 9297 9200 9199
f 9297 9201 9200
f 9297 9202 9201
f 9297 9203 9202
f 9297 9204 9203
f 9297 9205 9204
f 9297 9206 9205
f 9297 9197 9206
f 9298 9287 9288
f 9298 9288 9289
f 9298 9289 9290
f 9298 9290 9291
f 9298 9291 9292
f 9298 9292 9293
f 9298 9293 9294
f 9298 9294 9295
f 9298 9295 9296
f 9298 9296 9287
o Cradle_Handrail_L
usemtl continuance_frame
s 1
v -0.36966 4.24524 -0.10556
v -0.36298 4.22773 -0.10055
v -0.34557 4.22048 -0.09601
v -0.32763 4.22773 -0.09462
v -0.31967 4.24524 -0.09718
v -0.32636 4.26274 -0.10220
v -0.34377 4.26999 -0.10673
v -0.36171 4.26274 -0.10812
v -0.39260 4.27565 0.03130
v -0.38587 4.25814 0.03626
v -0.36843 4.25089 0.04065
v -0.35048 4.25814 0.04191
v -0.34254 4.27565 0.03928
v -0.34927 4.29315 0.03432
v -0.36672 4.30040 0.02993
v -0.38466 4.29315 0.02868
v -0.42244 4.31845 0.22569
v -0.41545 4.30094 0.23025
v -0.39778 4.29369 0.23364
v -0.37979 4.30094 0.23390
v -0.37202 4.31845 0.23086
v -0.37902 4.33596 0.22631
v -0.39668 4.34321 0.22291
v -0.41467 4.33596 0.22265
v -0.43075 4.35675 0.40755
v -0.42306 4.33920 0.41059
v -0.40507 4.33194 0.41065
v -0.38733 4.33920 0.40769
v -0.38023 4.35675 0.40344
v -0.38793 4.37429 0.40039
v -0.40591 4.38155 0.40033
v -0.42365 4.37429 0.40330
v -0.39503 4.38603 0.55907
v -0.38695 4.36841 0.55988
v -0.36950 4.36112 0.55558
v -0.35290 4.36841 0.54870
v -0.34687 4.38603 0.54326
v -0.35495 4.40365 0.54246
v -0.37240 4.41095 0.54676
v -0.38900 4.40365 0.55364
v -0.33817 4.41081 0.69135
v -0.33014 4.39316 0.69114
v -0.31325 4.38584 0.68504
v -0.29738 4.39316 0.67661
v -0.29184 4.41081 0.67080
v -0.29987 4.42847 0.67101
v -0.31677 4.43578 0.67711
v -0.33263 4.42847 0.68554
v -0.26411 4.40425 0.77043
v -0.25208 4.41719 0.76243
v -0.25272 4.43629 0.75911
v -0.26565 4.45036 0.76243
v -0.28330 4.45116 0.77043
v -0.29533 4.43822 0.77844
v -0.29469 4.41912 0.78176
v -0.28176 4.40505 0.77844
v -0.34467 4.24524 -0.10137
v -0.27371 4.42771 0.77043
f 9299 9300 9308
f 9299 9308 9307
f 9300 9301 9309
f 9300 9309 9308
f 9301 9302 9310
f 9301 9310 9309
f 9302 9303 9311
f 9302 9311 9310
f 9303 9304 9312
f 9303 9312 9311
f 9304 9305 9313
f 9304 9313 9312
f 9305 9306 9314
f 9305 9314 9313
f 9306 9299 9307
f 9306 9307 9314
f 9307 9308 9316
f 9307 9316 9315
f 9308 9309 9317
f 9308 9317 9316
f 9309 9310 9318
f 9309 9318 9317
f 9310 9311 9319
f 9310 9319 9318
f 9311 9312 9320
f 9311 9320 9319
f 9312 9313 9321
f 9312 9321 9320
f 9313 9314 9322
f 9313 9322 9321
f 9314 9307 9315
f 9314 9315 9322
f 9315 9316 9324
f 9315 9324 9323
f 9316 9317 9325
f 9316 9325 9324
f 9317 9318 9326
f 9317 9326 9325
f 9318 9319 9327
f 9318 9327 9326
f 9319 9320 9328
f 9319 9328 9327
f 9320 9321 9329
f 9320 9329 9328
f 9321 9322 9330
f 9321 9330 9329
f 9322 9315 9323
f 9322 9323 9330
f 9323 9324 9332
f 9323 9332 9331
f 9324 9325 9333
f 9324 9333 9332
f 9325 9326 9334
f 9325 9334 9333
f 9326 9327 9335
f 9326 9335 9334
f 9327 9328 9336
f 9327 9336 9335
f 9328 9329 9337
f 9328 9337 9336
f 9329 9330 9338
f 9329 9338 9337
f 9330 9323 9331
f 9330 9331 9338
f 9331 9332 9340
f 9331 9340 9339
f 9332 9333 9341
f 9332 9341 9340
f 9333 9334 9342
f 9333 9342 9341
f 9334 9335 9343
f 9334 9343 9342
f 9335 9336 9344
f 9335 9344 9343
f 9336 9337 9345
f 9336 9345 9344
f 9337 9338 9346
f 9337 9346 9345
f 9338 9331 9339
f 9338 9339 9346
f 9339 9340 9348
f 9339 9348 9347
f 9340 9341 9349
f 9340 9349 9348
f 9341 9342 9350
f 9341 9350 9349
f 9342 9343 9351
f 9342 9351 9350
f 9343 9344 9352
f 9343 9352 9351
f 9344 9345 9353
f 9344 9353 9352
f 9345 9346 9354
f 9345 9354 9353
f 9346 9339 9347
f 9346 9347 9354
f 9355 9300 9299
f 9355 9301 9300
f 9355 9302 9301
f 9355 9303 9302
f 9355 9304 9303
f 9355 9305 9304
f 9355 9306 9305
f 9355 9299 9306
f 9356 9347 9348
f 9356 9348 9349
f 9356 9349 9350
f 9356 9350 9351
f 9356 9351 9352
f 9356 9352 9353
f 9356 9353 9354
f 9356 9354 9347
o Waycaster_Archive_L
usemtl ceramic
s 1
v -0.45263 4.25544 -0.55755
v -0.45290 4.25544 -0.55920
v -0.45367 4.25544 -0.56060
v -0.45482 4.25544 -0.56153
v -0.45618 4.25544 -0.56186
v -0.45754 4.25544 -0.56153
v -0.45869 4.25544 -0.56060
v -0.45946 4.25544 -0.55920
v -0.45973 4.25544 -0.55755
v -0.45946 4.25544 -0.55590
v -0.45869 4.25544 -0.55450
v -0.45754 4.25544 -0.55357
v -0.45618 4.25544 -0.55324
v -0.45482 4.25544 -0.55357
v -0.45367 4.25544 -0.55450
v -0.45290 4.25544 -0.55590
v -0.43852 4.25879 -0.55755
v -0.43987 4.25879 -0.56575
v -0.44369 4.25879 -0.57271
v -0.44942 4.25879 -0.57736
v -0.45618 4.25879 -0.57899
v -0.46293 4.25879 -0.57736
v -0.46866 4.25879 -0.57271
v -0.47249 4.25879 -0.56575
v -0.47383 4.25879 -0.55755
v -0.47249 4.25879 -0.54935
v -0.46866 4.25879 -0.54239
v -0.46293 4.25879 -0.53775
v -0.45618 4.25879 -0.53611
v -0.44942 4.25879 -0.53775
v -0.44369 4.25879 -0.54239
v -0.43987 4.25879 -0.54935
v -0.41851 4.26402 -0.55755
v -0.42137 4.26402 -0.57506
v -0.42954 4.26402 -0.58990
v -0.44176 4.26402 -0.59981
v -0.45618 4.26402 -0.60330
v -0.47059 4.26402 -0.59981
v -0.48282 4.26402 -0.58990
v -0.49098 4.26402 -0.57506
v -0.49385 4.26402 -0.55755
v -0.49098 4.26402 -0.54005
v -0.48282 4.26402 -0.52520
v -0.47059 4.26402 -0.51529
v -0.45618 4.26402 -0.51181
v -0.44176 4.26402 -0.51529
v -0.42954 4.26402 -0.52520
v -0.42137 4.26402 -0.54005
v -0.39942 4.27229 -0.55755
v -0.40374 4.27229 -0.58393
v -0.41604 4.27229 -0.60629
v -0.43446 4.27229 -0.62123
v -0.45618 4.27229 -0.62647
v -0.47790 4.27229 -0.62123
v -0.49631 4.27229 -0.60629
v -0.50862 4.27229 -0.58393
v -0.51294 4.27229 -0.55755
v -0.50862 4.27229 -0.53118
v -0.49631 4.27229 -0.50881
v -0.47790 4.27229 -0.49387
v -0.45618 4.27229 -0.48863
v -0.43446 4.27229 -0.49387
v -0.41604 4.27229 -0.50881
v -0.40374 4.27229 -0.53118
v -0.38330 4.28425 -0.55755
v -0.38884 4.28425 -0.59142
v -0.40464 4.28425 -0.62013
v -0.42829 4.28425 -0.63931
v -0.45618 4.28425 -0.64605
v -0.48407 4.28425 -0.63931
v -0.50771 4.28425 -0.62013
v -0.52351 4.28425 -0.59142
v -0.52906 4.28425 -0.55755
v -0.52351 4.28425 -0.52368
v -0.50771 4.28425 -0.49497
v -0.48407 4.28425 -0.47579
v -0.45618 4.28425 -0.46905
v -0.42829 4.28425 -0.47579
v -0.40464 4.28425 -0.49497
v -0.38884 4.28425 -0.52368
v -0.36810 4.29924 -0.55755
v -0.37481 4.29924 -0.59848
v -0.39390 4.29924 -0.63317
v -0.42247 4.29924 -0.65636
v -0.45618 4.29924 -0.66450
v -0.48988 4.29924 -0.65636
v -0.51846 4.29924 -0.63317
v -0.53755 4.29924 -0.59848
v -0.54425 4.29924 -0.55755
v -0.53755 4.29924 -0.51662
v -0.51846 4.29924 -0.48193
v -0.48988 4.29924 -0.45874
v -0.45618 4.29924 -0.45060
v -0.42247 4.29924 -0.45874
v -0.39390 4.29924 -0.48193
v -0.37481 4.29924 -0.51662
v -0.35458 4.31656 -0.55755
v -0.36231 4.31656 -0.60476
v -0.38434 4.31656 -0.64479
v -0.41730 4.31656 -0.67153
v -0.45618 4.31656 -0.68092
v -0.49506 4.31656 -0.67153
v -0.52802 4.31656 -0.64479
v -0.55004 4.31656 -0.60476
v -0.55778 4.31656 -0.55755
v -0.55004 4.31656 -0.51034
v -0.52802 4.31656 -0.47031
v -0.49506 4.31656 -0.44357
v -0.45618 4.31656 -0.43418
v -0.41730 4.31656 -0.44357
v -0.38434 4.31656 -0.47031
v -0.36231 4.31656 -0.51034
v -0.34280 4.33631 -0.55755
v -0.35143 4.33631 -0.61024
v -0.37601 4.33631 -0.65490
v -0.41279 4.33631 -0.68475
v -0.45618 4.33631 -0.69523
v -0.49957 4.33631 -0.68475
v -0.53635 4.33631 -0.65490
v -0.56093 4.33631 -0.61024
v -0.56956 4.33631 -0.55755
v -0.56093 4.33631 -0.50486
v -0.53635 4.33631 -0.46020
v -0.49957 4.33631 -0.43035
v -0.45618 4.33631 -0.41987
v -0.41279 4.33631 -0.43035
v -0.37601 4.33631 -0.46020
v -0.35143 4.33631 -0.50486
v -0.33268 4.35838 -0.55755
v -0.34208 4.35838 -0.61494
v -0.36885 4.35838 -0.66359
v -0.40892 4.35838 -0.69609
v -0.45618 4.35838 -0.70751
v -0.50344 4.35838 -0.69609
v -0.54350 4.35838 -0.66359
v -0.57027 4.35838 -0.61494
v -0.57967 4.35838 -0.55755
v -0.57027 4.35838 -0.50016
v -0.54350 4.35838 -0.45151
v -0.50344 4.35838 -0.41901
v -0.45618 4.35838 -0.40759
v -0.40892 4.35838 -0.41901
v -0.36885 4.35838 -0.45151
v -0.34208 4.35838 -0.50016
v -0.32472 4.38170 -0.55755
v -0.33473 4.38170 -0.61864
v -0.36322 4.38170 -0.67042
v -0.40587 4.38170 -0.70502
v -0.45618 4.38170 -0.71718
v -0.50648 4.38170 -0.70502
v -0.54913 4.38170 -0.67042
v -0.57763 4.38170 -0.61864
v -0.58763 4.38170 -0.55755
v -0.57763 4.38170 -0.49647
v -0.54913 4.38170 -0.44468
v -0.50648 4.38170 -0.41008
v -0.45618 4.38170 -0.39793
v -0.40587 4.38170 -0.41008
v -0.36322 4.38170 -0.44468
v -0.33473 4.38170 -0.49647
v -0.31902 4.40634 -0.55755
v -0.32946 4.40634 -0.62129
v -0.35919 4.40634 -0.67532
v -0.40369 4.40634 -0.71142
v -0.45618 4.40634 -0.72410
v -0.50867 4.40634 -0.71142
v -0.55316 4.40634 -0.67532
v -0.58289 4.40634 -0.62129
v -0.59333 4.40634 -0.55755
v -0.58289 4.40634 -0.49382
v -0.55316 4.40634 -0.43978
v -0.50867 4.40634 -0.40368
v -0.45618 4.40634 -0.39100
v -0.40369 4.40634 -0.40368
v -0.35919 4.40634 -0.43978
v -0.32946 4.40634 -0.49382
v -0.31548 4.43223 -0.55755
v -0.32619 4.43223 -0.62293
v -0.35669 4.43223 -0.67836
v -0.40233 4.43223 -0.71540
v -0.45618 4.43223 -0.72840
v -0.51002 4.43223 -0.71540
v -0.55567 4.43223 -0.67836
v -0.58617 4.43223 -0.62293
v -0.59688 4.43223 -0.55755
v -0.58617 4.43223 -0.49217
v -0.55567 4.43223 -0.43674
v -0.51002 4.43223 -0.39970
v -0.45618 4.43223 -0.38670
v -0.40233 4.43223 -0.39970
v -0.35669 4.43223 -0.43674
v -0.32619 4.43223 -0.49217
v -0.31426 4.45812 -0.55755
v -0.32506 4.45812 -0.62350
v -0.35582 4.45812 -0.67941
v -0.40187 4.45812 -0.71677
v -0.45618 4.45812 -0.72988
v -0.51049 4.45812 -0.71677
v -0.55653 4.45812 -0.67941
v -0.58730 4.45812 -0.62350
v -0.59810 4.45812 -0.55755
v -0.58730 4.45812 -0.49160
v -0.55653 4.45812 -0.43569
v -0.51049 4.45812 -0.39834
v -0.45618 4.45812 -0.38522
v -0.40187 4.45812 -0.39834
v -0.35582 4.45812 -0.43569
v -0.32506 4.45812 -0.49160
v -0.31548 4.48401 -0.55755
v -0.32619 4.48401 -0.62293
v -0.35669 4.48401 -0.67836
v -0.40233 4.48401 -0.71540
v -0.45618 4.48401 -0.72840
v -0.51002 4.48401 -0.71540
v -0.55567 4.48401 -0.67836
v -0.58617 4.48401 -0.62293
v -0.59688 4.48401 -0.55755
v -0.58617 4.48401 -0.49217
v -0.55567 4.48401 -0.43674
v -0.51002 4.48401 -0.39970
v -0.45618 4.48401 -0.38670
v -0.40233 4.48401 -0.39970
v -0.35669 4.48401 -0.43674
v -0.32619 4.48401 -0.49217
v -0.31902 4.50990 -0.55755
v -0.32946 4.50990 -0.62129
v -0.35919 4.50990 -0.67532
v -0.40369 4.50990 -0.71142
v -0.45618 4.50990 -0.72410
v -0.50867 4.50990 -0.71142
v -0.55316 4.50990 -0.67532
v -0.58289 4.50990 -0.62129
v -0.59333 4.50990 -0.55755
v -0.58289 4.50990 -0.49382
v -0.55316 4.50990 -0.43978
v -0.50867 4.50990 -0.40368
v -0.45618 4.50990 -0.39100
v -0.40369 4.50990 -0.40368
v -0.35919 4.50990 -0.43978
v -0.32946 4.50990 -0.49382
v -0.32472 4.53453 -0.55755
v -0.33473 4.53453 -0.61864
v -0.36322 4.53453 -0.67042
v -0.40587 4.53453 -0.70502
v -0.45618 4.53453 -0.71718
v -0.50648 4.53453 -0.70502
v -0.54913 4.53453 -0.67042
v -0.57763 4.53453 -0.61864
v -0.58763 4.53453 -0.55755
v -0.57763 4.53453 -0.49647
v -0.54913 4.53453 -0.44468
v -0.50648 4.53453 -0.41008
v -0.45618 4.53453 -0.39793
v -0.40587 4.53453 -0.41008
v -0.36322 4.53453 -0.44468
v -0.33473 4.53453 -0.49647
v -0.33268 4.55786 -0.55755
v -0.34208 4.55786 -0.61494
v -0.36885 4.55786 -0.66359
v -0.40892 4.55786 -0.69609
v -0.45618 4.55786 -0.70751
v -0.50344 4.55786 -0.69609
v -0.54350 4.55786 -0.66359
v -0.57027 4.55786 -0.61494
v -0.57967 4.55786 -0.55755
v -0.57027 4.55786 -0.50016
v -0.54350 4.55786 -0.45151
v -0.50344 4.55786 -0.41901
v -0.45618 4.55786 -0.40759
v -0.40892 4.55786 -0.41901
v -0.36885 4.55786 -0.45151
v -0.34208 4.55786 -0.50016
v -0.34280 4.57993 -0.55755
v -0.35143 4.57993 -0.61024
v -0.37601 4.57993 -0.65490
v -0.41279 4.57993 -0.68475
v -0.45618 4.57993 -0.69523
v -0.49957 4.57993 -0.68475
v -0.53635 4.57993 -0.65490
v -0.56093 4.57993 -0.61024
v -0.56956 4.57993 -0.55755
v -0.56093 4.57993 -0.50486
v -0.53635 4.57993 -0.46020
v -0.49957 4.57993 -0.43035
v -0.45618 4.57993 -0.41987
v -0.41279 4.57993 -0.43035
v -0.37601 4.57993 -0.46020
v -0.35143 4.57993 -0.50486
v -0.35458 4.59968 -0.55755
v -0.36231 4.59968 -0.60476
v -0.38434 4.59968 -0.64479
v -0.41730 4.59968 -0.67153
v -0.45618 4.59968 -0.68092
v -0.49506 4.59968 -0.67153
v -0.52802 4.59968 -0.64479
v -0.55004 4.59968 -0.60476
v -0.55778 4.59968 -0.55755
v -0.55004 4.59968 -0.51034
v -0.52802 4.59968 -0.47031
v -0.49506 4.59968 -0.44357
v -0.45618 4.59968 -0.43418
v -0.41730 4.59968 -0.44357
v -0.38434 4.59968 -0.47031
v -0.36231 4.59968 -0.51034
v -0.36810 4.61700 -0.55755
v -0.37481 4.61700 -0.59848
v -0.39390 4.61700 -0.63317
v -0.42247 4.61700 -0.65636
v -0.45618 4.61700 -0.66450
v -0.48988 4.61700 -0.65636
v -0.51846 4.61700 -0.63317
v -0.53755 4.61700 -0.59848
v -0.54425 4.61700 -0.55755
v -0.53755 4.61700 -0.51662
v -0.51846 4.61700 -0.48193
v -0.48988 4.61700 -0.45874
v -0.45618 4.61700 -0.45060
v -0.42247 4.61700 -0.45874
v -0.39390 4.61700 -0.48193
v -0.37481 4.61700 -0.51662
v -0.38330 4.63199 -0.55755
v -0.38884 4.63199 -0.59142
v -0.40464 4.63199 -0.62013
v -0.42829 4.63199 -0.63931
v -0.45618 4.63199 -0.64605
v -0.48407 4.63199 -0.63931
v -0.50771 4.63199 -0.62013
v -0.52351 4.63199 -0.59142
v -0.52906 4.63199 -0.55755
v -0.52351 4.63199 -0.52368
v -0.50771 4.63199 -0.49497
v -0.48407 4.63199 -0.47579
v -0.45618 4.63199 -0.46905
v -0.42829 4.63199 -0.47579
v -0.40464 4.63199 -0.49497
v -0.38884 4.63199 -0.52368
v -0.39942 4.64394 -0.55755
v -0.40374 4.64394 -0.58393
v -0.41604 4.64394 -0.60629
v -0.43446 4.64394 -0.62123
v -0.45618 4.64394 -0.62647
v -0.47790 4.64394 -0.62123
v -0.49631 4.64394 -0.60629
v -0.50862 4.64394 -0.58393
v -0.51294 4.64394 -0.55755
v -0.50862 4.64394 -0.53118
v -0.49631 4.64394 -0.50881
v -0.47790 4.64394 -0.49387
v -0.45618 4.64394 -0.48863
v -0.43446 4.64394 -0.49387
v -0.41604 4.64394 -0.50881
v -0.40374 4.64394 -0.53118
v -0.41851 4.65222 -0.55755
v -0.42137 4.65222 -0.57506
v -0.42954 4.65222 -0.58990
v -0.44176 4.65222 -0.59981
v -0.45618 4.65222 -0.60330
v -0.47059 4.65222 -0.59981
v -0.48282 4.65222 -0.58990
v -0.49098 4.65222 -0.57506
v -0.49385 4.65222 -0.55755
v -0.49098 4.65222 -0.54005
v -0.48282 4.65222 -0.52520
v -0.47059 4.65222 -0.51529
v -0.45618 4.65222 -0.51181
v -0.44176 4.65222 -0.51529
v -0.42954 4.65222 -0.52520
v -0.42137 4.65222 -0.54005
v -0.43852 4.65745 -0.55755
v -0.43987 4.65745 -0.56575
v -0.44369 4.65745 -0.57271
v -0.44942 4.65745 -0.57736
v -0.45618 4.65745 -0.57899
v -0.46293 4.65745 -0.57736
v -0.46866 4.65745 -0.57271
v -0.47249 4.65745 -0.56575
v -0.47383 4.65745 -0.55755
v -0.47249 4.65745 -0.54935
v -0.46866 4.65745 -0.54239
v -0.46293 4.65745 -0.53775
v -0.45618 4.65745 -0.53611
v -0.44942 4.65745 -0.53775
v -0.44369 4.65745 -0.54239
v -0.43987 4.65745 -0.54935
v -0.45263 4.66080 -0.55755
v -0.45290 4.66080 -0.55920
v -0.45367 4.66080 -0.56060
v -0.45482 4.66080 -0.56153
v -0.45618 4.66080 -0.56186
v -0.45754 4.66080 -0.56153
v -0.45869 4.66080 -0.56060
v -0.45946 4.66080 -0.55920
v -0.45973 4.66080 -0.55755
v -0.45946 4.66080 -0.55590
v -0.45869 4.66080 -0.55450
v -0.45754 4.66080 -0.55357
v -0.45618 4.66080 -0.55324
v -0.45482 4.66080 -0.55357
v -0.45367 4.66080 -0.55450
v -0.45290 4.66080 -0.55590
v -0.45618 4.25544 -0.55755
v -0.45618 4.66080 -0.55755
f 9357 9358 9374
f 9357 9374 9373
f 9358 9359 9375
f 9358 9375 9374
f 9359 9360 9376
f 9359 9376 9375
f 9360 9361 9377
f 9360 9377 9376
f 9361 9362 9378
f 9361 9378 9377
f 9362 9363 9379
f 9362 9379 9378
f 9363 9364 9380
f 9363 9380 9379
f 9364 9365 9381
f 9364 9381 9380
f 9365 9366 9382
f 9365 9382 9381
f 9366 9367 9383
f 9366 9383 9382
f 9367 9368 9384
f 9367 9384 9383
f 9368 9369 9385
f 9368 9385 9384
f 9369 9370 9386
f 9369 9386 9385
f 9370 9371 9387
f 9370 9387 9386
f 9371 9372 9388
f 9371 9388 9387
f 9372 9357 9373
f 9372 9373 9388
f 9373 9374 9390
f 9373 9390 9389
f 9374 9375 9391
f 9374 9391 9390
f 9375 9376 9392
f 9375 9392 9391
f 9376 9377 9393
f 9376 9393 9392
f 9377 9378 9394
f 9377 9394 9393
f 9378 9379 9395
f 9378 9395 9394
f 9379 9380 9396
f 9379 9396 9395
f 9380 9381 9397
f 9380 9397 9396
f 9381 9382 9398
f 9381 9398 9397
f 9382 9383 9399
f 9382 9399 9398
f 9383 9384 9400
f 9383 9400 9399
f 9384 9385 9401
f 9384 9401 9400
f 9385 9386 9402
f 9385 9402 9401
f 9386 9387 9403
f 9386 9403 9402
f 9387 9388 9404
f 9387 9404 9403
f 9388 9373 9389
f 9388 9389 9404
f 9389 9390 9406
f 9389 9406 9405
f 9390 9391 9407
f 9390 9407 9406
f 9391 9392 9408
f 9391 9408 9407
f 9392 9393 9409
f 9392 9409 9408
f 9393 9394 9410
f 9393 9410 9409
f 9394 9395 9411
f 9394 9411 9410
f 9395 9396 9412
f 9395 9412 9411
f 9396 9397 9413
f 9396 9413 9412
f 9397 9398 9414
f 9397 9414 9413
f 9398 9399 9415
f 9398 9415 9414
f 9399 9400 9416
f 9399 9416 9415
f 9400 9401 9417
f 9400 9417 9416
f 9401 9402 9418
f 9401 9418 9417
f 9402 9403 9419
f 9402 9419 9418
f 9403 9404 9420
f 9403 9420 9419
f 9404 9389 9405
f 9404 9405 9420
f 9405 9406 9422
f 9405 9422 9421
f 9406 9407 9423
f 9406 9423 9422
f 9407 9408 9424
f 9407 9424 9423
f 9408 9409 9425
f 9408 9425 9424
f 9409 9410 9426
f 9409 9426 9425
f 9410 9411 9427
f 9410 9427 9426
f 9411 9412 9428
f 9411 9428 9427
f 9412 9413 9429
f 9412 9429 9428
f 9413 9414 9430
f 9413 9430 9429
f 9414 9415 9431
f 9414 9431 9430
f 9415 9416 9432
f 9415 9432 9431
f 9416 9417 9433
f 9416 9433 9432
f 9417 9418 9434
f 9417 9434 9433
f 9418 9419 9435
f 9418 9435 9434
f 9419 9420 9436
f 9419 9436 9435
f 9420 9405 9421
f 9420 9421 9436
f 9421 9422 9438
f 9421 9438 9437
f 9422 9423 9439
f 9422 9439 9438
f 9423 9424 9440
f 9423 9440 9439
f 9424 9425 9441
f 9424 9441 9440
f 9425 9426 9442
f 9425 9442 9441
f 9426 9427 9443
f 9426 9443 9442
f 9427 9428 9444
f 9427 9444 9443
f 9428 9429 9445
f 9428 9445 9444
f 9429 9430 9446
f 9429 9446 9445
f 9430 9431 9447
f 9430 9447 9446
f 9431 9432 9448
f 9431 9448 9447
f 9432 9433 9449
f 9432 9449 9448
f 9433 9434 9450
f 9433 9450 9449
f 9434 9435 9451
f 9434 9451 9450
f 9435 9436 9452
f 9435 9452 9451
f 9436 9421 9437
f 9436 9437 9452
f 9437 9438 9454
f 9437 9454 9453
f 9438 9439 9455
f 9438 9455 9454
f 9439 9440 9456
f 9439 9456 9455
f 9440 9441 9457
f 9440 9457 9456
f 9441 9442 9458
f 9441 9458 9457
f 9442 9443 9459
f 9442 9459 9458
f 9443 9444 9460
f 9443 9460 9459
f 9444 9445 9461
f 9444 9461 9460
f 9445 9446 9462
f 9445 9462 9461
f 9446 9447 9463
f 9446 9463 9462
f 9447 9448 9464
f 9447 9464 9463
f 9448 9449 9465
f 9448 9465 9464
f 9449 9450 9466
f 9449 9466 9465
f 9450 9451 9467
f 9450 9467 9466
f 9451 9452 9468
f 9451 9468 9467
f 9452 9437 9453
f 9452 9453 9468
f 9453 9454 9470
f 9453 9470 9469
f 9454 9455 9471
f 9454 9471 9470
f 9455 9456 9472
f 9455 9472 9471
f 9456 9457 9473
f 9456 9473 9472
f 9457 9458 9474
f 9457 9474 9473
f 9458 9459 9475
f 9458 9475 9474
f 9459 9460 9476
f 9459 9476 9475
f 9460 9461 9477
f 9460 9477 9476
f 9461 9462 9478
f 9461 9478 9477
f 9462 9463 9479
f 9462 9479 9478
f 9463 9464 9480
f 9463 9480 9479
f 9464 9465 9481
f 9464 9481 9480
f 9465 9466 9482
f 9465 9482 9481
f 9466 9467 9483
f 9466 9483 9482
f 9467 9468 9484
f 9467 9484 9483
f 9468 9453 9469
f 9468 9469 9484
f 9469 9470 9486
f 9469 9486 9485
f 9470 9471 9487
f 9470 9487 9486
f 9471 9472 9488
f 9471 9488 9487
f 9472 9473 9489
f 9472 9489 9488
f 9473 9474 9490
f 9473 9490 9489
f 9474 9475 9491
f 9474 9491 9490
f 9475 9476 9492
f 9475 9492 9491
f 9476 9477 9493
f 9476 9493 9492
f 9477 9478 9494
f 9477 9494 9493
f 9478 9479 9495
f 9478 9495 9494
f 9479 9480 9496
f 9479 9496 9495
f 9480 9481 9497
f 9480 9497 9496
f 9481 9482 9498
f 9481 9498 9497
f 9482 9483 9499
f 9482 9499 9498
f 9483 9484 9500
f 9483 9500 9499
f 9484 9469 9485
f 9484 9485 9500
f 9485 9486 9502
f 9485 9502 9501
f 9486 9487 9503
f 9486 9503 9502
f 9487 9488 9504
f 9487 9504 9503
f 9488 9489 9505
f 9488 9505 9504
f 9489 9490 9506
f 9489 9506 9505
f 9490 9491 9507
f 9490 9507 9506
f 9491 9492 9508
f 9491 9508 9507
f 9492 9493 9509
f 9492 9509 9508
f 9493 9494 9510
f 9493 9510 9509
f 9494 9495 9511
f 9494 9511 9510
f 9495 9496 9512
f 9495 9512 9511
f 9496 9497 9513
f 9496 9513 9512
f 9497 9498 9514
f 9497 9514 9513
f 9498 9499 9515
f 9498 9515 9514
f 9499 9500 9516
f 9499 9516 9515
f 9500 9485 9501
f 9500 9501 9516
f 9501 9502 9518
f 9501 9518 9517
f 9502 9503 9519
f 9502 9519 9518
f 9503 9504 9520
f 9503 9520 9519
f 9504 9505 9521
f 9504 9521 9520
f 9505 9506 9522
f 9505 9522 9521
f 9506 9507 9523
f 9506 9523 9522
f 9507 9508 9524
f 9507 9524 9523
f 9508 9509 9525
f 9508 9525 9524
f 9509 9510 9526
f 9509 9526 9525
f 9510 9511 9527
f 9510 9527 9526
f 9511 9512 9528
f 9511 9528 9527
f 9512 9513 9529
f 9512 9529 9528
f 9513 9514 9530
f 9513 9530 9529
f 9514 9515 9531
f 9514 9531 9530
f 9515 9516 9532
f 9515 9532 9531
f 9516 9501 9517
f 9516 9517 9532
f 9517 9518 9534
f 9517 9534 9533
f 9518 9519 9535
f 9518 9535 9534
f 9519 9520 9536
f 9519 9536 9535
f 9520 9521 9537
f 9520 9537 9536
f 9521 9522 9538
f 9521 9538 9537
f 9522 9523 9539
f 9522 9539 9538
f 9523 9524 9540
f 9523 9540 9539
f 9524 9525 9541
f 9524 9541 9540
f 9525 9526 9542
f 9525 9542 9541
f 9526 9527 9543
f 9526 9543 9542
f 9527 9528 9544
f 9527 9544 9543
f 9528 9529 9545
f 9528 9545 9544
f 9529 9530 9546
f 9529 9546 9545
f 9530 9531 9547
f 9530 9547 9546
f 9531 9532 9548
f 9531 9548 9547
f 9532 9517 9533
f 9532 9533 9548
f 9533 9534 9550
f 9533 9550 9549
f 9534 9535 9551
f 9534 9551 9550
f 9535 9536 9552
f 9535 9552 9551
f 9536 9537 9553
f 9536 9553 9552
f 9537 9538 9554
f 9537 9554 9553
f 9538 9539 9555
f 9538 9555 9554
f 9539 9540 9556
f 9539 9556 9555
f 9540 9541 9557
f 9540 9557 9556
f 9541 9542 9558
f 9541 9558 9557
f 9542 9543 9559
f 9542 9559 9558
f 9543 9544 9560
f 9543 9560 9559
f 9544 9545 9561
f 9544 9561 9560
f 9545 9546 9562
f 9545 9562 9561
f 9546 9547 9563
f 9546 9563 9562
f 9547 9548 9564
f 9547 9564 9563
f 9548 9533 9549
f 9548 9549 9564
f 9549 9550 9566
f 9549 9566 9565
f 9550 9551 9567
f 9550 9567 9566
f 9551 9552 9568
f 9551 9568 9567
f 9552 9553 9569
f 9552 9569 9568
f 9553 9554 9570
f 9553 9570 9569
f 9554 9555 9571
f 9554 9571 9570
f 9555 9556 9572
f 9555 9572 9571
f 9556 9557 9573
f 9556 9573 9572
f 9557 9558 9574
f 9557 9574 9573
f 9558 9559 9575
f 9558 9575 9574
f 9559 9560 9576
f 9559 9576 9575
f 9560 9561 9577
f 9560 9577 9576
f 9561 9562 9578
f 9561 9578 9577
f 9562 9563 9579
f 9562 9579 9578
f 9563 9564 9580
f 9563 9580 9579
f 9564 9549 9565
f 9564 9565 9580
f 9565 9566 9582
f 9565 9582 9581
f 9566 9567 9583
f 9566 9583 9582
f 9567 9568 9584
f 9567 9584 9583
f 9568 9569 9585
f 9568 9585 9584
f 9569 9570 9586
f 9569 9586 9585
f 9570 9571 9587
f 9570 9587 9586
f 9571 9572 9588
f 9571 9588 9587
f 9572 9573 9589
f 9572 9589 9588
f 9573 9574 9590
f 9573 9590 9589
f 9574 9575 9591
f 9574 9591 9590
f 9575 9576 9592
f 9575 9592 9591
f 9576 9577 9593
f 9576 9593 9592
f 9577 9578 9594
f 9577 9594 9593
f 9578 9579 9595
f 9578 9595 9594
f 9579 9580 9596
f 9579 9596 9595
f 9580 9565 9581
f 9580 9581 9596
f 9581 9582 9598
f 9581 9598 9597
f 9582 9583 9599
f 9582 9599 9598
f 9583 9584 9600
f 9583 9600 9599
f 9584 9585 9601
f 9584 9601 9600
f 9585 9586 9602
f 9585 9602 9601
f 9586 9587 9603
f 9586 9603 9602
f 9587 9588 9604
f 9587 9604 9603
f 9588 9589 9605
f 9588 9605 9604
f 9589 9590 9606
f 9589 9606 9605
f 9590 9591 9607
f 9590 9607 9606
f 9591 9592 9608
f 9591 9608 9607
f 9592 9593 9609
f 9592 9609 9608
f 9593 9594 9610
f 9593 9610 9609
f 9594 9595 9611
f 9594 9611 9610
f 9595 9596 9612
f 9595 9612 9611
f 9596 9581 9597
f 9596 9597 9612
f 9597 9598 9614
f 9597 9614 9613
f 9598 9599 9615
f 9598 9615 9614
f 9599 9600 9616
f 9599 9616 9615
f 9600 9601 9617
f 9600 9617 9616
f 9601 9602 9618
f 9601 9618 9617
f 9602 9603 9619
f 9602 9619 9618
f 9603 9604 9620
f 9603 9620 9619
f 9604 9605 9621
f 9604 9621 9620
f 9605 9606 9622
f 9605 9622 9621
f 9606 9607 9623
f 9606 9623 9622
f 9607 9608 9624
f 9607 9624 9623
f 9608 9609 9625
f 9608 9625 9624
f 9609 9610 9626
f 9609 9626 9625
f 9610 9611 9627
f 9610 9627 9626
f 9611 9612 9628
f 9611 9628 9627
f 9612 9597 9613
f 9612 9613 9628
f 9613 9614 9630
f 9613 9630 9629
f 9614 9615 9631
f 9614 9631 9630
f 9615 9616 9632
f 9615 9632 9631
f 9616 9617 9633
f 9616 9633 9632
f 9617 9618 9634
f 9617 9634 9633
f 9618 9619 9635
f 9618 9635 9634
f 9619 9620 9636
f 9619 9636 9635
f 9620 9621 9637
f 9620 9637 9636
f 9621 9622 9638
f 9621 9638 9637
f 9622 9623 9639
f 9622 9639 9638
f 9623 9624 9640
f 9623 9640 9639
f 9624 9625 9641
f 9624 9641 9640
f 9625 9626 9642
f 9625 9642 9641
f 9626 9627 9643
f 9626 9643 9642
f 9627 9628 9644
f 9627 9644 9643
f 9628 9613 9629
f 9628 9629 9644
f 9629 9630 9646
f 9629 9646 9645
f 9630 9631 9647
f 9630 9647 9646
f 9631 9632 9648
f 9631 9648 9647
f 9632 9633 9649
f 9632 9649 9648
f 9633 9634 9650
f 9633 9650 9649
f 9634 9635 9651
f 9634 9651 9650
f 9635 9636 9652
f 9635 9652 9651
f 9636 9637 9653
f 9636 9653 9652
f 9637 9638 9654
f 9637 9654 9653
f 9638 9639 9655
f 9638 9655 9654
f 9639 9640 9656
f 9639 9656 9655
f 9640 9641 9657
f 9640 9657 9656
f 9641 9642 9658
f 9641 9658 9657
f 9642 9643 9659
f 9642 9659 9658
f 9643 9644 9660
f 9643 9660 9659
f 9644 9629 9645
f 9644 9645 9660
f 9645 9646 9662
f 9645 9662 9661
f 9646 9647 9663
f 9646 9663 9662
f 9647 9648 9664
f 9647 9664 9663
f 9648 9649 9665
f 9648 9665 9664
f 9649 9650 9666
f 9649 9666 9665
f 9650 9651 9667
f 9650 9667 9666
f 9651 9652 9668
f 9651 9668 9667
f 9652 9653 9669
f 9652 9669 9668
f 9653 9654 9670
f 9653 9670 9669
f 9654 9655 9671
f 9654 9671 9670
f 9655 9656 9672
f 9655 9672 9671
f 9656 9657 9673
f 9656 9673 9672
f 9657 9658 9674
f 9657 9674 9673
f 9658 9659 9675
f 9658 9675 9674
f 9659 9660 9676
f 9659 9676 9675
f 9660 9645 9661
f 9660 9661 9676
f 9661 9662 9678
f 9661 9678 9677
f 9662 9663 9679
f 9662 9679 9678
f 9663 9664 9680
f 9663 9680 9679
f 9664 9665 9681
f 9664 9681 9680
f 9665 9666 9682
f 9665 9682 9681
f 9666 9667 9683
f 9666 9683 9682
f 9667 9668 9684
f 9667 9684 9683
f 9668 9669 9685
f 9668 9685 9684
f 9669 9670 9686
f 9669 9686 9685
f 9670 9671 9687
f 9670 9687 9686
f 9671 9672 9688
f 9671 9688 9687
f 9672 9673 9689
f 9672 9689 9688
f 9673 9674 9690
f 9673 9690 9689
f 9674 9675 9691
f 9674 9691 9690
f 9675 9676 9692
f 9675 9692 9691
f 9676 9661 9677
f 9676 9677 9692
f 9677 9678 9694
f 9677 9694 9693
f 9678 9679 9695
f 9678 9695 9694
f 9679 9680 9696
f 9679 9696 9695
f 9680 9681 9697
f 9680 9697 9696
f 9681 9682 9698
f 9681 9698 9697
f 9682 9683 9699
f 9682 9699 9698
f 9683 9684 9700
f 9683 9700 9699
f 9684 9685 9701
f 9684 9701 9700
f 9685 9686 9702
f 9685 9702 9701
f 9686 9687 9703
f 9686 9703 9702
f 9687 9688 9704
f 9687 9704 9703
f 9688 9689 9705
f 9688 9705 9704
f 9689 9690 9706
f 9689 9706 9705
f 9690 9691 9707
f 9690 9707 9706
f 9691 9692 9708
f 9691 9708 9707
f 9692 9677 9693
f 9692 9693 9708
f 9693 9694 9710
f 9693 9710 9709
f 9694 9695 9711
f 9694 9711 9710
f 9695 9696 9712
f 9695 9712 9711
f 9696 9697 9713
f 9696 9713 9712
f 9697 9698 9714
f 9697 9714 9713
f 9698 9699 9715
f 9698 9715 9714
f 9699 9700 9716
f 9699 9716 9715
f 9700 9701 9717
f 9700 9717 9716
f 9701 9702 9718
f 9701 9718 9717
f 9702 9703 9719
f 9702 9719 9718
f 9703 9704 9720
f 9703 9720 9719
f 9704 9705 9721
f 9704 9721 9720
f 9705 9706 9722
f 9705 9722 9721
f 9706 9707 9723
f 9706 9723 9722
f 9707 9708 9724
f 9707 9724 9723
f 9708 9693 9709
f 9708 9709 9724
f 9709 9710 9726
f 9709 9726 9725
f 9710 9711 9727
f 9710 9727 9726
f 9711 9712 9728
f 9711 9728 9727
f 9712 9713 9729
f 9712 9729 9728
f 9713 9714 9730
f 9713 9730 9729
f 9714 9715 9731
f 9714 9731 9730
f 9715 9716 9732
f 9715 9732 9731
f 9716 9717 9733
f 9716 9733 9732
f 9717 9718 9734
f 9717 9734 9733
f 9718 9719 9735
f 9718 9735 9734
f 9719 9720 9736
f 9719 9736 9735
f 9720 9721 9737
f 9720 9737 9736
f 9721 9722 9738
f 9721 9738 9737
f 9722 9723 9739
f 9722 9739 9738
f 9723 9724 9740
f 9723 9740 9739
f 9724 9709 9725
f 9724 9725 9740
f 9725 9726 9742
f 9725 9742 9741
f 9726 9727 9743
f 9726 9743 9742
f 9727 9728 9744
f 9727 9744 9743
f 9728 9729 9745
f 9728 9745 9744
f 9729 9730 9746
f 9729 9746 9745
f 9730 9731 9747
f 9730 9747 9746
f 9731 9732 9748
f 9731 9748 9747
f 9732 9733 9749
f 9732 9749 9748
f 9733 9734 9750
f 9733 9750 9749
f 9734 9735 9751
f 9734 9751 9750
f 9735 9736 9752
f 9735 9752 9751
f 9736 9737 9753
f 9736 9753 9752
f 9737 9738 9754
f 9737 9754 9753
f 9738 9739 9755
f 9738 9755 9754
f 9739 9740 9756
f 9739 9756 9755
f 9740 9725 9741
f 9740 9741 9756
f 9757 9358 9357
f 9757 9359 9358
f 9757 9360 9359
f 9757 9361 9360
f 9757 9362 9361
f 9757 9363 9362
f 9757 9364 9363
f 9757 9365 9364
f 9757 9366 9365
f 9757 9367 9366
f 9757 9368 9367
f 9757 9369 9368
f 9757 9370 9369
f 9757 9371 9370
f 9757 9372 9371
f 9757 9357 9372
f 9758 9741 9742
f 9758 9742 9743
f 9758 9743 9744
f 9758 9744 9745
f 9758 9745 9746
f 9758 9746 9747
f 9758 9747 9748
f 9758 9748 9749
f 9758 9749 9750
f 9758 9750 9751
f 9758 9751 9752
f 9758 9752 9753
f 9758 9753 9754
f 9758 9754 9755
f 9758 9755 9756
f 9758 9756 9741
o Waycaster_Routing_L
usemtl soft_charcoal
s 1
v -0.44401 4.50881 -0.51681
v -0.43867 4.49591 -0.51719
v -0.42577 4.49056 -0.51746
v -0.41287 4.49591 -0.51746
v -0.40752 4.50881 -0.51719
v -0.41286 4.52170 -0.51681
v -0.42576 4.52705 -0.51654
v -0.43866 4.52170 -0.51654
v -0.44213 4.50430 -0.33691
v -0.43679 4.49140 -0.33731
v -0.42390 4.48606 -0.33763
v -0.41099 4.49140 -0.33767
v -0.40564 4.50430 -0.33741
v -0.41098 4.51720 -0.33700
v -0.42388 4.52254 -0.33669
v -0.43679 4.51720 -0.33665
v -0.43799 4.49754 -0.08229
v -0.43267 4.48465 -0.08291
v -0.41978 4.47930 -0.08356
v -0.40688 4.48465 -0.08388
v -0.40152 4.49754 -0.08366
v -0.40685 4.51044 -0.08305
v -0.41974 4.51578 -0.08239
v -0.43264 4.51044 -0.08208
v -0.42362 4.48853 0.15411
v -0.41839 4.47565 0.15284
v -0.40560 4.47031 0.15112
v -0.39275 4.47565 0.14995
v -0.38736 4.48853 0.15001
v -0.39260 4.50142 0.15127
v -0.40539 4.50675 0.15300
v -0.41824 4.50142 0.15417
v -0.38880 4.47501 0.35258
v -0.38378 4.46215 0.35051
v -0.37124 4.45682 0.34744
v -0.35853 4.46215 0.34516
v -0.35310 4.47501 0.34502
v -0.35812 4.48788 0.34709
v -0.37066 4.49321 0.35016
v -0.38337 4.48788 0.35243
v -0.34395 4.45924 0.53092
v -0.33905 4.44639 0.52851
v -0.32666 4.44107 0.52485
v -0.31405 4.44639 0.52209
v -0.30860 4.45924 0.52185
v -0.31349 4.47210 0.52427
v -0.32588 4.47742 0.52792
v -0.33849 4.47210 0.53068
v -0.31162 4.44798 0.65344
v -0.30675 4.43513 0.65097
v -0.29439 4.42981 0.64722
v -0.28180 4.43513 0.64439
v -0.27634 4.44798 0.64413
v -0.28121 4.46083 0.64660
v -0.29357 4.46616 0.65035
v -0.30617 4.46083 0.65318
v -0.42577 4.50881 -0.51700
v -0.29398 4.44798 0.64879
f 9759 9760 9768
f 9759 9768 9767
f 9760 9761 9769
f 9760 9769 9768
f 9761 9762 9770
f 9761 9770 9769
f 9762 9763 9771
f 9762 9771 9770
f 9763 9764 9772
f 9763 9772 9771
f 9764 9765 9773
f 9764 9773 9772
f 9765 9766 9774
f 9765 9774 9773
f 9766 9759 9767
f 9766 9767 9774
f 9767 9768 9776
f 9767 9776 9775
f 9768 9769 9777
f 9768 9777 9776
f 9769 9770 9778
f 9769 9778 9777
f 9770 9771 9779
f 9770 9779 9778
f 9771 9772 9780
f 9771 9780 9779
f 9772 9773 9781
f 9772 9781 9780
f 9773 9774 9782
f 9773 9782 9781
f 9774 9767 9775
f 9774 9775 9782
f 9775 9776 9784
f 9775 9784 9783
f 9776 9777 9785
f 9776 9785 9784
f 9777 9778 9786
f 9777 9786 9785
f 9778 9779 9787
f 9778 9787 9786
f 9779 9780 9788
f 9779 9788 9787
f 9780 9781 9789
f 9780 9789 9788
f 9781 9782 9790
f 9781 9790 9789
f 9782 9775 9783
f 9782 9783 9790
f 9783 9784 9792
f 9783 9792 9791
f 9784 9785 9793
f 9784 9793 9792
f 9785 9786 9794
f 9785 9794 9793
f 9786 9787 9795
f 9786 9795 9794
f 9787 9788 9796
f 9787 9796 9795
f 9788 9789 9797
f 9788 9797 9796
f 9789 9790 9798
f 9789 9798 9797
f 9790 9783 9791
f 9790 9791 9798
f 9791 9792 9800
f 9791 9800 9799
f 9792 9793 9801
f 9792 9801 9800
f 9793 9794 9802
f 9793 9802 9801
f 9794 9795 9803
f 9794 9803 9802
f 9795 9796 9804
f 9795 9804 9803
f 9796 9797 9805
f 9796 9805 9804
f 9797 9798 9806
f 9797 9806 9805
f 9798 9791 9799
f 9798 9799 9806
f 9799 9800 9808
f 9799 9808 9807
f 9800 9801 9809
f 9800 9809 9808
f 9801 9802 9810
f 9801 9810 9809
f 9802 9803 9811
f 9802 9811 9810
f 9803 9804 9812
f 9803 9812 9811
f 9804 9805 9813
f 9804 9813 9812
f 9805 9806 9814
f 9805 9814 9813
f 9806 9799 9807
f 9806 9807 9814
f 9815 9760 9759
f 9815 9761 9760
f 9815 9762 9761
f 9815 9763 9762
f 9815 9764 9763
f 9815 9765 9764
f 9815 9766 9765
f 9815 9759 9766
f 9816 9807 9808
f 9816 9808 9809
f 9816 9809 9810
f 9816 9810 9811
f 9816 9811 9812
f 9816 9812 9813
f 9816 9813 9814
f 9816 9814 9807
o Cradle_LoadFrame_R
usemtl continuance_frame
s 1
v 0.32835 4.83991 -0.48659
v 0.34244 4.84248 -0.52097
v 0.37565 4.85149 -0.53521
v 0.40853 4.86166 -0.52097
v 0.42181 4.86704 -0.48659
v 0.40772 4.86446 -0.45221
v 0.37450 4.85545 -0.43797
v 0.34163 4.84528 -0.45221
v 0.36278 4.72129 -0.48133
v 0.37700 4.72337 -0.51569
v 0.41033 4.73195 -0.52992
v 0.44324 4.74199 -0.51569
v 0.45647 4.74762 -0.48133
v 0.44225 4.74554 -0.44698
v 0.40892 4.73696 -0.43274
v 0.37600 4.72692 -0.44698
v 0.40905 4.55309 -0.47045
v 0.42390 4.55192 -0.50458
v 0.45789 4.55760 -0.51871
v 0.49109 4.56681 -0.50458
v 0.50406 4.57415 -0.47045
v 0.48920 4.57532 -0.43632
v 0.45522 4.56964 -0.42218
v 0.42202 4.56043 -0.43632
v 0.43807 4.38349 -0.43590
v 0.45292 4.37606 -0.46924
v 0.48750 4.37512 -0.48304
v 0.52154 4.38124 -0.46924
v 0.53511 4.39082 -0.43590
v 0.52026 4.39826 -0.40257
v 0.48568 4.39919 -0.38876
v 0.45164 4.39307 -0.40257
v 0.43539 4.20378 -0.37733
v 0.44891 4.19098 -0.40958
v 0.48297 4.18401 -0.42294
v 0.51761 4.18695 -0.40958
v 0.53254 4.19809 -0.37733
v 0.51901 4.21089 -0.34508
v 0.48495 4.21786 -0.33172
v 0.45031 4.21491 -0.34508
v 0.41610 4.01462 -0.29511
v 0.42820 3.99507 -0.32441
v 0.46153 3.98373 -0.33654
v 0.49657 3.98723 -0.32441
v 0.51278 4.00353 -0.29511
v 0.50068 4.02308 -0.26581
v 0.46734 4.03442 -0.25367
v 0.43231 4.03092 -0.26581
v 0.39797 3.87767 -0.17233
v 0.40761 3.84710 -0.19129
v 0.43977 3.83004 -0.19915
v 0.47560 3.83647 -0.19129
v 0.49412 3.86264 -0.17233
v 0.48447 3.89321 -0.15337
v 0.45231 3.91027 -0.14552
v 0.41648 3.90384 -0.15337
v 0.38358 3.80257 0.01838
v 0.39821 3.76878 0.01280
v 0.43272 3.75479 0.01226
v 0.46689 3.76878 0.01707
v 0.48071 3.80257 0.02443
v 0.46609 3.83637 0.03001
v 0.43158 3.85036 0.03055
v 0.39741 3.83637 0.02573
v 0.37076 3.78793 0.25384
v 0.38492 3.75359 0.25651
v 0.41927 3.73937 0.25870
v 0.45368 3.75359 0.25912
v 0.46801 3.78793 0.25753
v 0.45385 3.82227 0.25486
v 0.41950 3.83650 0.25267
v 0.38508 3.82227 0.25225
v 0.36701 3.82961 0.45818
v 0.38183 3.79822 0.47168
v 0.41645 3.78522 0.47610
v 0.45059 3.79822 0.46885
v 0.46425 3.82961 0.45418
v 0.44943 3.86099 0.44067
v 0.41481 3.87399 0.43625
v 0.38067 3.86099 0.44351
v 0.48171 3.93614 0.60223
v 0.47123 3.96105 0.57661
v 0.43873 3.97583 0.56600
v 0.40326 3.97181 0.57661
v 0.38559 3.95135 0.60223
v 0.39608 3.92644 0.62785
v 0.42857 3.91166 0.63846
v 0.46404 3.91568 0.62785
v 0.50913 4.10971 0.71449
v 0.49637 4.12645 0.68377
v 0.46271 4.13602 0.67104
v 0.42785 4.13280 0.68377
v 0.41223 4.11870 0.71449
v 0.42499 4.10195 0.74521
v 0.45866 4.09239 0.75794
v 0.49351 4.09560 0.74521
v 0.51480 4.30004 0.78057
v 0.50013 4.30437 0.74661
v 0.46565 4.30374 0.73255
v 0.43156 4.29854 0.74661
v 0.41783 4.29180 0.78057
v 0.43250 4.28748 0.81453
v 0.46698 4.28810 0.82859
v 0.50107 4.29330 0.81453
v 0.47539 4.50981 0.77757
v 0.46247 4.50249 0.74341
v 0.42937 4.49294 0.72927
v 0.39548 4.48674 0.74341
v 0.38065 4.48753 0.77757
v 0.39357 4.49485 0.81172
v 0.42667 4.50440 0.82587
v 0.46056 4.51060 0.81172
v 0.41513 4.72597 0.72838
v 0.40355 4.71458 0.69487
v 0.37133 4.70207 0.68099
v 0.33735 4.69578 0.69487
v 0.32151 4.69939 0.72838
v 0.33309 4.71078 0.76190
v 0.36531 4.72328 0.77578
v 0.39929 4.72957 0.76190
v 0.37111 4.87721 0.68934
v 0.35975 4.86526 0.65594
v 0.32767 4.85235 0.64211
v 0.29367 4.84603 0.65594
v 0.27767 4.85001 0.68934
v 0.28904 4.86196 0.72273
v 0.32112 4.87487 0.73656
v 0.35511 4.88119 0.72273
v 0.37508 4.85347 -0.48659
v 0.32439 4.86361 0.68934
f 9817 9818 9826
f 9817 9826 9825
f 9818 9819 9827
f 9818 9827 9826
f 9819 9820 9828
f 9819 9828 9827
f 9820 9821 9829
f 9820 9829 9828
f 9821 9822 9830
f 9821 9830 9829
f 9822 9823 9831
f 9822 9831 9830
f 9823 9824 9832
f 9823 9832 9831
f 9824 9817 9825
f 9824 9825 9832
f 9825 9826 9834
f 9825 9834 9833
f 9826 9827 9835
f 9826 9835 9834
f 9827 9828 9836
f 9827 9836 9835
f 9828 9829 9837
f 9828 9837 9836
f 9829 9830 9838
f 9829 9838 9837
f 9830 9831 9839
f 9830 9839 9838
f 9831 9832 9840
f 9831 9840 9839
f 9832 9825 9833
f 9832 9833 9840
f 9833 9834 9842
f 9833 9842 9841
f 9834 9835 9843
f 9834 9843 9842
f 9835 9836 9844
f 9835 9844 9843
f 9836 9837 9845
f 9836 9845 9844
f 9837 9838 9846
f 9837 9846 9845
f 9838 9839 9847
f 9838 9847 9846
f 9839 9840 9848
f 9839 9848 9847
f 9840 9833 9841
f 9840 9841 9848
f 9841 9842 9850
f 9841 9850 9849
f 9842 9843 9851
f 9842 9851 9850
f 9843 9844 9852
f 9843 9852 9851
f 9844 9845 9853
f 9844 9853 9852
f 9845 9846 9854
f 9845 9854 9853
f 9846 9847 9855
f 9846 9855 9854
f 9847 9848 9856
f 9847 9856 9855
f 9848 9841 9849
f 9848 9849 9856
f 9849 9850 9858
f 9849 9858 9857
f 9850 9851 9859
f 9850 9859 9858
f 9851 9852 9860
f 9851 9860 9859
f 9852 9853 9861
f 9852 9861 9860
f 9853 9854 9862
f 9853 9862 9861
f 9854 9855 9863
f 9854 9863 9862
f 9855 9856 9864
f 9855 9864 9863
f 9856 9849 9857
f 9856 9857 9864
f 9857 9858 9866
f 9857 9866 9865
f 9858 9859 9867
f 9858 9867 9866
f 9859 9860 9868
f 9859 9868 9867
f 9860 9861 9869
f 9860 9869 9868
f 9861 9862 9870
f 9861 9870 9869
f 9862 9863 9871
f 9862 9871 9870
f 9863 9864 9872
f 9863 9872 9871
f 9864 9857 9865
f 9864 9865 9872
f 9865 9866 9874
f 9865 9874 9873
f 9866 9867 9875
f 9866 9875 9874
f 9867 9868 9876
f 9867 9876 9875
f 9868 9869 9877
f 9868 9877 9876
f 9869 9870 9878
f 9869 9878 9877
f 9870 9871 9879
f 9870 9879 9878
f 9871 9872 9880
f 9871 9880 9879
f 9872 9865 9873
f 9872 9873 9880
f 9873 9874 9882
f 9873 9882 9881
f 9874 9875 9883
f 9874 9883 9882
f 9875 9876 9884
f 9875 9884 9883
f 9876 9877 9885
f 9876 9885 9884
f 9877 9878 9886
f 9877 9886 9885
f 9878 9879 9887
f 9878 9887 9886
f 9879 9880 9888
f 9879 9888 9887
f 9880 9873 9881
f 9880 9881 9888
f 9881 9882 9890
f 9881 9890 9889
f 9882 9883 9891
f 9882 9891 9890
f 9883 9884 9892
f 9883 9892 9891
f 9884 9885 9893
f 9884 9893 9892
f 9885 9886 9894
f 9885 9894 9893
f 9886 9887 9895
f 9886 9895 9894
f 9887 9888 9896
f 9887 9896 9895
f 9888 9881 9889
f 9888 9889 9896
f 9889 9890 9898
f 9889 9898 9897
f 9890 9891 9899
f 9890 9899 9898
f 9891 9892 9900
f 9891 9900 9899
f 9892 9893 9901
f 9892 9901 9900
f 9893 9894 9902
f 9893 9902 9901
f 9894 9895 9903
f 9894 9903 9902
f 9895 9896 9904
f 9895 9904 9903
f 9896 9889 9897
f 9896 9897 9904
f 9897 9898 9906
f 9897 9906 9905
f 9898 9899 9907
f 9898 9907 9906
f 9899 9900 9908
f 9899 9908 9907
f 9900 9901 9909
f 9900 9909 9908
f 9901 9902 9910
f 9901 9910 9909
f 9902 9903 9911
f 9902 9911 9910
f 9903 9904 9912
f 9903 9912 9911
f 9904 9897 9905
f 9904 9905 9912
f 9905 9906 9914
f 9905 9914 9913
f 9906 9907 9915
f 9906 9915 9914
f 9907 9908 9916
f 9907 9916 9915
f 9908 9909 9917
f 9908 9917 9916
f 9909 9910 9918
f 9909 9918 9917
f 9910 9911 9919
f 9910 9919 9918
f 9911 9912 9920
f 9911 9920 9919
f 9912 9905 9913
f 9912 9913 9920
f 9913 9914 9922
f 9913 9922 9921
f 9914 9915 9923
f 9914 9923 9922
f 9915 9916 9924
f 9915 9924 9923
f 9916 9917 9925
f 9916 9925 9924
f 9917 9918 9926
f 9917 9926 9925
f 9918 9919 9927
f 9918 9927 9926
f 9919 9920 9928
f 9919 9928 9927
f 9920 9913 9921
f 9920 9921 9928
f 9921 9922 9930
f 9921 9930 9929
f 9922 9923 9931
f 9922 9931 9930
f 9923 9924 9932
f 9923 9932 9931
f 9924 9925 9933
f 9924 9933 9932
f 9925 9926 9934
f 9925 9934 9933
f 9926 9927 9935
f 9926 9935 9934
f 9927 9928 9936
f 9927 9936 9935
f 9928 9921 9929
f 9928 9929 9936
f 9929 9930 9938
f 9929 9938 9937
f 9930 9931 9939
f 9930 9939 9938
f 9931 9932 9940
f 9931 9940 9939
f 9932 9933 9941
f 9932 9941 9940
f 9933 9934 9942
f 9933 9942 9941
f 9934 9935 9943
f 9934 9943 9942
f 9935 9936 9944
f 9935 9944 9943
f 9936 9929 9937
f 9936 9937 9944
f 9945 9818 9817
f 9945 9819 9818
f 9945 9820 9819
f 9945 9821 9820
f 9945 9822 9821
f 9945 9823 9822
f 9945 9824 9823
f 9945 9817 9824
f 9946 9937 9938
f 9946 9938 9939
f 9946 9939 9940
f 9946 9940 9941
f 9946 9941 9942
f 9946 9942 9943
f 9946 9943 9944
f 9946 9944 9937
o Cradle_CeramicShell_R
usemtl ceramic
s 1
v 0.46368 3.89632 -0.23316
v 0.46593 3.92409 -0.24626
v 0.45284 3.94674 -0.25436
v 0.42940 3.95563 -0.25436
v 0.40458 3.94736 -0.24626
v 0.38785 3.92509 -0.23316
v 0.38560 3.89732 -0.22005
v 0.39870 3.87467 -0.21196
v 0.42213 3.86578 -0.21196
v 0.44695 3.87405 -0.22005
v 0.38910 3.94337 -0.15357
v 0.40167 3.90004 -0.13608
v 0.42818 3.87326 -0.12842
v 0.45850 3.87326 -0.13351
v 0.48105 3.90004 -0.14942
v 0.48722 3.94337 -0.17007
v 0.47464 3.98670 -0.18756
v 0.44813 4.01348 -0.19523
v 0.41781 4.01348 -0.19013
v 0.39526 3.98670 -0.17422
v 0.39327 3.98955 -0.05076
v 0.40868 3.92331 -0.02506
v 0.44180 3.88237 -0.01231
v 0.47999 3.88237 -0.01737
v 0.50865 3.92331 -0.03831
v 0.51684 3.98955 -0.06713
v 0.50142 4.05579 -0.09283
v 0.46830 4.09673 -0.10558
v 0.43011 4.09673 -0.10052
v 0.40145 4.05579 -0.07958
v 0.39549 4.03235 0.05499
v 0.41078 3.94788 0.08332
v 0.44730 3.89567 0.09917
v 0.49107 3.89567 0.09651
v 0.52539 3.94788 0.07635
v 0.53715 4.03235 0.04638
v 0.52185 4.11683 0.01806
v 0.48534 4.16904 0.00220
v 0.44156 4.16904 0.00486
v 0.40724 4.11683 0.02503
v 0.39517 4.06652 0.16297
v 0.40906 3.97386 0.18897
v 0.44568 3.91660 0.20518
v 0.49105 3.91660 0.20540
v 0.52782 3.97386 0.18955
v 0.54197 4.06652 0.16368
v 0.52808 4.15918 0.13767
v 0.49145 4.21644 0.12147
v 0.44609 4.21644 0.12125
v 0.40931 4.15918 0.13710
v 0.39339 4.09731 0.27888
v 0.40588 4.00365 0.30259
v 0.44102 3.94577 0.31870
v 0.48539 3.94577 0.32107
v 0.52205 4.00365 0.30879
v 0.53699 4.09731 0.28655
v 0.52450 4.19096 0.26285
v 0.48936 4.24885 0.24674
v 0.44499 4.24885 0.24437
v 0.40833 4.19096 0.25665
v 0.39079 4.12359 0.38718
v 0.40096 4.03620 0.40735
v 0.43221 3.98219 0.42293
v 0.47262 3.98219 0.42798
v 0.50675 4.03620 0.42057
v 0.52156 4.12359 0.40353
v 0.51140 4.21098 0.38336
v 0.48015 4.26499 0.36778
v 0.43974 4.26499 0.36273
v 0.40561 4.21098 0.37014
v 0.38645 4.14536 0.49463
v 0.39371 4.07651 0.50876
v 0.41766 4.03396 0.52145
v 0.44916 4.03396 0.52784
v 0.47616 4.07651 0.52551
v 0.48836 4.14536 0.51534
v 0.48110 4.21422 0.50121
v 0.45715 4.25677 0.48853
v 0.42565 4.25677 0.48213
v 0.39865 4.21422 0.48446
v 0.38034 4.16264 0.59998
v 0.38496 4.11993 0.60818
v 0.40029 4.09354 0.61626
v 0.42048 4.09354 0.62113
v 0.43781 4.11993 0.62094
v 0.44567 4.16264 0.61575
v 0.44104 4.20534 0.60754
v 0.42571 4.23173 0.59946
v 0.40552 4.23173 0.59459
v 0.38819 4.20534 0.59479
v 0.37567 4.17427 0.67433
v 0.37854 4.15073 0.67888
v 0.38782 4.13618 0.68355
v 0.39999 4.13618 0.68656
v 0.41038 4.15073 0.68676
v 0.41504 4.17427 0.68407
v 0.41217 4.19782 0.67952
v 0.40288 4.21236 0.67485
v 0.39072 4.21236 0.67184
v 0.38033 4.19782 0.67164
v 0.42577 3.91071 -0.23316
v 0.39535 4.17427 0.67920
f 9947 9948 9958
f 9947 9958 9957
f 9948 9949 9959
f 9948 9959 9958
f 9949 9950 9960
f 9949 9960 9959
f 9950 9951 9961
f 9950 9961 9960
f 9951 9952 9962
f 9951 9962 9961
f 9952 9953 9963
f 9952 9963 9962
f 9953 9954 9964
f 9953 9964 9963
f 9954 9955 9965
f 9954 9965 9964
f 9955 9956 9966
f 9955 9966 9965
f 9956 9947 9957
f 9956 9957 9966
f 9957 9958 9968
f 9957 9968 9967
f 9958 9959 9969
f 9958 9969 9968
f 9959 9960 9970
f 9959 9970 9969
f 9960 9961 9971
f 9960 9971 9970
f 9961 9962 9972
f 9961 9972 9971
f 9962 9963 9973
f 9962 9973 9972
f 9963 9964 9974
f 9963 9974 9973
f 9964 9965 9975
f 9964 9975 9974
f 9965 9966 9976
f 9965 9976 9975
f 9966 9957 9967
f 9966 9967 9976
f 9967 9968 9978
f 9967 9978 9977
f 9968 9969 9979
f 9968 9979 9978
f 9969 9970 9980
f 9969 9980 9979
f 9970 9971 9981
f 9970 9981 9980
f 9971 9972 9982
f 9971 9982 9981
f 9972 9973 9983
f 9972 9983 9982
f 9973 9974 9984
f 9973 9984 9983
f 9974 9975 9985
f 9974 9985 9984
f 9975 9976 9986
f 9975 9986 9985
f 9976 9967 9977
f 9976 9977 9986
f 9977 9978 9988
f 9977 9988 9987
f 9978 9979 9989
f 9978 9989 9988
f 9979 9980 9990
f 9979 9990 9989
f 9980 9981 9991
f 9980 9991 9990
f 9981 9982 9992
f 9981 9992 9991
f 9982 9983 9993
f 9982 9993 9992
f 9983 9984 9994
f 9983 9994 9993
f 9984 9985 9995
f 9984 9995 9994
f 9985 9986 9996
f 9985 9996 9995
f 9986 9977 9987
f 9986 9987 9996
f 9987 9988 9998
f 9987 9998 9997
f 9988 9989 9999
f 9988 9999 9998
f 9989 9990 10000
f 9989 10000 9999
f 9990 9991 10001
f 9990 10001 10000
f 9991 9992 10002
f 9991 10002 10001
f 9992 9993 10003
f 9992 10003 10002
f 9993 9994 10004
f 9993 10004 10003
f 9994 9995 10005
f 9994 10005 10004
f 9995 9996 10006
f 9995 10006 10005
f 9996 9987 9997
f 9996 9997 10006
f 9997 9998 10008
f 9997 10008 10007
f 9998 9999 10009
f 9998 10009 10008
f 9999 10000 10010
f 9999 10010 10009
f 10000 10001 10011
f 10000 10011 10010
f 10001 10002 10012
f 10001 10012 10011
f 10002 10003 10013
f 10002 10013 10012
f 10003 10004 10014
f 10003 10014 10013
f 10004 10005 10015
f 10004 10015 10014
f 10005 10006 10016
f 10005 10016 10015
f 10006 9997 10007
f 10006 10007 10016
f 10007 10008 10018
f 10007 10018 10017
f 10008 10009 10019
f 10008 10019 10018
f 10009 10010 10020
f 10009 10020 10019
f 10010 10011 10021
f 10010 10021 10020
f 10011 10012 10022
f 10011 10022 10021
f 10012 10013 10023
f 10012 10023 10022
f 10013 10014 10024
f 10013 10024 10023
f 10014 10015 10025
f 10014 10025 10024
f 10015 10016 10026
f 10015 10026 10025
f 10016 10007 10017
f 10016 10017 10026
f 10017 10018 10028
f 10017 10028 10027
f 10018 10019 10029
f 10018 10029 10028
f 10019 10020 10030
f 10019 10030 10029
f 10020 10021 10031
f 10020 10031 10030
f 10021 10022 10032
f 10021 10032 10031
f 10022 10023 10033
f 10022 10033 10032
f 10023 10024 10034
f 10023 10034 10033
f 10024 10025 10035
f 10024 10035 10034
f 10025 10026 10036
f 10025 10036 10035
f 10026 10017 10027
f 10026 10027 10036
f 10027 10028 10038
f 10027 10038 10037
f 10028 10029 10039
f 10028 10039 10038
f 10029 10030 10040
f 10029 10040 10039
f 10030 10031 10041
f 10030 10041 10040
f 10031 10032 10042
f 10031 10042 10041
f 10032 10033 10043
f 10032 10043 10042
f 10033 10034 10044
f 10033 10044 10043
f 10034 10035 10045
f 10034 10045 10044
f 10035 10036 10046
f 10035 10046 10045
f 10036 10027 10037
f 10036 10037 10046
f 10047 9948 9947
f 10047 9949 9948
f 10047 9950 9949
f 10047 9951 9950
f 10047 9952 9951
f 10047 9953 9952
f 10047 9954 9953
f 10047 9955 9954
f 10047 9956 9955
f 10047 9947 9956
f 10048 10037 10038
f 10048 10038 10039
f 10048 10039 10040
f 10048 10040 10041
f 10048 10041 10042
f 10048 10042 10043
f 10048 10043 10044
f 10048 10044 10045
f 10048 10045 10046
f 10048 10046 10037
o Cradle_Handrail_R
usemtl continuance_frame
s 1
v 0.31967 4.24524 -0.09718
v 0.32763 4.22773 -0.09462
v 0.34557 4.22048 -0.09601
v 0.36298 4.22773 -0.10055
v 0.36966 4.24524 -0.10556
v 0.36171 4.26274 -0.10812
v 0.34377 4.26999 -0.10673
v 0.32636 4.26274 -0.10220
v 0.34254 4.27565 0.03928
v 0.35048 4.25814 0.04191
v 0.36843 4.25089 0.04065
v 0.38587 4.25814 0.03626
v 0.39260 4.27565 0.03130
v 0.38466 4.29315 0.02868
v 0.36672 4.30040 0.02993
v 0.34927 4.29315 0.03432
v 0.37202 4.31845 0.23086
v 0.37979 4.30094 0.23390
v 0.39778 4.29369 0.23364
v 0.41545 4.30094 0.23025
v 0.42244 4.31845 0.22569
v 0.41467 4.33596 0.22265
v 0.39668 4.34321 0.22291
v 0.37902 4.33596 0.22631
v 0.38023 4.35675 0.40344
v 0.38733 4.33920 0.40769
v 0.40507 4.33194 0.41065
v 0.42306 4.33920 0.41059
v 0.43075 4.35675 0.40755
v 0.42365 4.37429 0.40330
v 0.40591 4.38155 0.40033
v 0.38793 4.37429 0.40039
v 0.34687 4.38603 0.54326
v 0.35290 4.36841 0.54870
v 0.36950 4.36112 0.55558
v 0.38695 4.36841 0.55988
v 0.39503 4.38603 0.55907
v 0.38900 4.40365 0.55364
v 0.37240 4.41095 0.54676
v 0.35495 4.40365 0.54246
v 0.29184 4.41081 0.67080
v 0.29738 4.39316 0.67661
v 0.31325 4.38584 0.68504
v 0.33014 4.39316 0.69114
v 0.33817 4.41081 0.69135
v 0.33263 4.42847 0.68554
v 0.31677 4.43578 0.67711
v 0.29987 4.42847 0.67101
v 0.28330 4.45116 0.77043
v 0.26565 4.45036 0.76243
v 0.25272 4.43629 0.75911
v 0.25208 4.41719 0.76243
v 0.26411 4.40425 0.77043
v 0.28176 4.40505 0.77844
v 0.29469 4.41912 0.78176
v 0.29533 4.43822 0.77844
v 0.34467 4.24524 -0.10137
v 0.27371 4.42771 0.77043
f 10049 10050 10058
f 10049 10058 10057
f 10050 10051 10059
f 10050 10059 10058
f 10051 10052 10060
f 10051 10060 10059
f 10052 10053 10061
f 10052 10061 10060
f 10053 10054 10062
f 10053 10062 10061
f 10054 10055 10063
f 10054 10063 10062
f 10055 10056 10064
f 10055 10064 10063
f 10056 10049 10057
f 10056 10057 10064
f 10057 10058 10066
f 10057 10066 10065
f 10058 10059 10067
f 10058 10067 10066
f 10059 10060 10068
f 10059 10068 10067
f 10060 10061 10069
f 10060 10069 10068
f 10061 10062 10070
f 10061 10070 10069
f 10062 10063 10071
f 10062 10071 10070
f 10063 10064 10072
f 10063 10072 10071
f 10064 10057 10065
f 10064 10065 10072
f 10065 10066 10074
f 10065 10074 10073
f 10066 10067 10075
f 10066 10075 10074
f 10067 10068 10076
f 10067 10076 10075
f 10068 10069 10077
f 10068 10077 10076
f 10069 10070 10078
f 10069 10078 10077
f 10070 10071 10079
f 10070 10079 10078
f 10071 10072 10080
f 10071 10080 10079
f 10072 10065 10073
f 10072 10073 10080
f 10073 10074 10082
f 10073 10082 10081
f 10074 10075 10083
f 10074 10083 10082
f 10075 10076 10084
f 10075 10084 10083
f 10076 10077 10085
f 10076 10085 10084
f 10077 10078 10086
f 10077 10086 10085
f 10078 10079 10087
f 10078 10087 10086
f 10079 10080 10088
f 10079 10088 10087
f 10080 10073 10081
f 10080 10081 10088
f 10081 10082 10090
f 10081 10090 10089
f 10082 10083 10091
f 10082 10091 10090
f 10083 10084 10092
f 10083 10092 10091
f 10084 10085 10093
f 10084 10093 10092
f 10085 10086 10094
f 10085 10094 10093
f 10086 10087 10095
f 10086 10095 10094
f 10087 10088 10096
f 10087 10096 10095
f 10088 10081 10089
f 10088 10089 10096
f 10089 10090 10098
f 10089 10098 10097
f 10090 10091 10099
f 10090 10099 10098
f 10091 10092 10100
f 10091 10100 10099
f 10092 10093 10101
f 10092 10101 10100
f 10093 10094 10102
f 10093 10102 10101
f 10094 10095 10103
f 10094 10103 10102
f 10095 10096 10104
f 10095 10104 10103
f 10096 10089 10097
f 10096 10097 10104
f 10105 10050 10049
f 10105 10051 10050
f 10105 10052 10051
f 10105 10053 10052
f 10105 10054 10053
f 10105 10055 10054
f 10105 10056 10055
f 10105 10049 10056
f 10106 10097 10098
f 10106 10098 10099
f 10106 10099 10100
f 10106 10100 10101
f 10106 10101 10102
f 10106 10102 10103
f 10106 10103 10104
f 10106 10104 10097
o Waycaster_Archive_R
usemtl ceramic
s 1
v 0.45973 4.25544 -0.55755
v 0.45946 4.25544 -0.55920
v 0.45869 4.25544 -0.56060
v 0.45754 4.25544 -0.56153
v 0.45618 4.25544 -0.56186
v 0.45482 4.25544 -0.56153
v 0.45367 4.25544 -0.56060
v 0.45290 4.25544 -0.55920
v 0.45263 4.25544 -0.55755
v 0.45290 4.25544 -0.55590
v 0.45367 4.25544 -0.55450
v 0.45482 4.25544 -0.55357
v 0.45618 4.25544 -0.55324
v 0.45754 4.25544 -0.55357
v 0.45869 4.25544 -0.55450
v 0.45946 4.25544 -0.55590
v 0.47383 4.25879 -0.55755
v 0.47249 4.25879 -0.56575
v 0.46866 4.25879 -0.57271
v 0.46293 4.25879 -0.57736
v 0.45618 4.25879 -0.57899
v 0.44942 4.25879 -0.57736
v 0.44369 4.25879 -0.57271
v 0.43987 4.25879 -0.56575
v 0.43852 4.25879 -0.55755
v 0.43987 4.25879 -0.54935
v 0.44369 4.25879 -0.54239
v 0.44942 4.25879 -0.53775
v 0.45618 4.25879 -0.53611
v 0.46293 4.25879 -0.53775
v 0.46866 4.25879 -0.54239
v 0.47249 4.25879 -0.54935
v 0.49385 4.26402 -0.55755
v 0.49098 4.26402 -0.57506
v 0.48282 4.26402 -0.58990
v 0.47059 4.26402 -0.59981
v 0.45618 4.26402 -0.60330
v 0.44176 4.26402 -0.59981
v 0.42954 4.26402 -0.58990
v 0.42137 4.26402 -0.57506
v 0.41851 4.26402 -0.55755
v 0.42137 4.26402 -0.54005
v 0.42954 4.26402 -0.52520
v 0.44176 4.26402 -0.51529
v 0.45618 4.26402 -0.51181
v 0.47059 4.26402 -0.51529
v 0.48282 4.26402 -0.52520
v 0.49098 4.26402 -0.54005
v 0.51294 4.27229 -0.55755
v 0.50862 4.27229 -0.58393
v 0.49631 4.27229 -0.60629
v 0.47790 4.27229 -0.62123
v 0.45618 4.27229 -0.62647
v 0.43446 4.27229 -0.62123
v 0.41604 4.27229 -0.60629
v 0.40374 4.27229 -0.58393
v 0.39942 4.27229 -0.55755
v 0.40374 4.27229 -0.53118
v 0.41604 4.27229 -0.50881
v 0.43446 4.27229 -0.49387
v 0.45618 4.27229 -0.48863
v 0.47790 4.27229 -0.49387
v 0.49631 4.27229 -0.50881
v 0.50862 4.27229 -0.53118
v 0.52906 4.28425 -0.55755
v 0.52351 4.28425 -0.59142
v 0.50771 4.28425 -0.62013
v 0.48407 4.28425 -0.63931
v 0.45618 4.28425 -0.64605
v 0.42829 4.28425 -0.63931
v 0.40464 4.28425 -0.62013
v 0.38884 4.28425 -0.59142
v 0.38330 4.28425 -0.55755
v 0.38884 4.28425 -0.52368
v 0.40464 4.28425 -0.49497
v 0.42829 4.28425 -0.47579
v 0.45618 4.28425 -0.46905
v 0.48407 4.28425 -0.47579
v 0.50771 4.28425 -0.49497
v 0.52351 4.28425 -0.52368
v 0.54425 4.29924 -0.55755
v 0.53755 4.29924 -0.59848
v 0.51846 4.29924 -0.63317
v 0.48988 4.29924 -0.65636
v 0.45618 4.29924 -0.66450
v 0.42247 4.29924 -0.65636
v 0.39390 4.29924 -0.63317
v 0.37481 4.29924 -0.59848
v 0.36810 4.29924 -0.55755
v 0.37481 4.29924 -0.51662
v 0.39390 4.29924 -0.48193
v 0.42247 4.29924 -0.45874
v 0.45618 4.29924 -0.45060
v 0.48988 4.29924 -0.45874
v 0.51846 4.29924 -0.48193
v 0.53755 4.29924 -0.51662
v 0.55778 4.31656 -0.55755
v 0.55004 4.31656 -0.60476
v 0.52802 4.31656 -0.64479
v 0.49506 4.31656 -0.67153
v 0.45618 4.31656 -0.68092
v 0.41730 4.31656 -0.67153
v 0.38434 4.31656 -0.64479
v 0.36231 4.31656 -0.60476
v 0.35458 4.31656 -0.55755
v 0.36231 4.31656 -0.51034
v 0.38434 4.31656 -0.47031
v 0.41730 4.31656 -0.44357
v 0.45618 4.31656 -0.43418
v 0.49506 4.31656 -0.44357
v 0.52802 4.31656 -0.47031
v 0.55004 4.31656 -0.51034
v 0.56956 4.33631 -0.55755
v 0.56093 4.33631 -0.61024
v 0.53635 4.33631 -0.65490
v 0.49957 4.33631 -0.68475
v 0.45618 4.33631 -0.69523
v 0.41279 4.33631 -0.68475
v 0.37601 4.33631 -0.65490
v 0.35143 4.33631 -0.61024
v 0.34280 4.33631 -0.55755
v 0.35143 4.33631 -0.50486
v 0.37601 4.33631 -0.46020
v 0.41279 4.33631 -0.43035
v 0.45618 4.33631 -0.41987
v 0.49957 4.33631 -0.43035
v 0.53635 4.33631 -0.46020
v 0.56093 4.33631 -0.50486
v 0.57967 4.35838 -0.55755
v 0.57027 4.35838 -0.61494
v 0.54350 4.35838 -0.66359
v 0.50344 4.35838 -0.69609
v 0.45618 4.35838 -0.70751
v 0.40892 4.35838 -0.69609
v 0.36885 4.35838 -0.66359
v 0.34208 4.35838 -0.61494
v 0.33268 4.35838 -0.55755
v 0.34208 4.35838 -0.50016
v 0.36885 4.35838 -0.45151
v 0.40892 4.35838 -0.41901
v 0.45618 4.35838 -0.40759
v 0.50344 4.35838 -0.41901
v 0.54350 4.35838 -0.45151
v 0.57027 4.35838 -0.50016
v 0.58763 4.38170 -0.55755
v 0.57763 4.38170 -0.61864
v 0.54913 4.38170 -0.67042
v 0.50648 4.38170 -0.70502
v 0.45618 4.38170 -0.71718
v 0.40587 4.38170 -0.70502
v 0.36322 4.38170 -0.67042
v 0.33473 4.38170 -0.61864
v 0.32472 4.38170 -0.55755
v 0.33473 4.38170 -0.49647
v 0.36322 4.38170 -0.44468
v 0.40587 4.38170 -0.41008
v 0.45618 4.38170 -0.39793
v 0.50648 4.38170 -0.41008
v 0.54913 4.38170 -0.44468
v 0.57763 4.38170 -0.49647
v 0.59333 4.40634 -0.55755
v 0.58289 4.40634 -0.62129
v 0.55316 4.40634 -0.67532
v 0.50867 4.40634 -0.71142
v 0.45618 4.40634 -0.72410
v 0.40369 4.40634 -0.71142
v 0.35919 4.40634 -0.67532
v 0.32946 4.40634 -0.62129
v 0.31902 4.40634 -0.55755
v 0.32946 4.40634 -0.49382
v 0.35919 4.40634 -0.43978
v 0.40369 4.40634 -0.40368
v 0.45618 4.40634 -0.39100
v 0.50867 4.40634 -0.40368
v 0.55316 4.40634 -0.43978
v 0.58289 4.40634 -0.49382
v 0.59688 4.43223 -0.55755
v 0.58617 4.43223 -0.62293
v 0.55567 4.43223 -0.67836
v 0.51002 4.43223 -0.71540
v 0.45618 4.43223 -0.72840
v 0.40233 4.43223 -0.71540
v 0.35669 4.43223 -0.67836
v 0.32619 4.43223 -0.62293
v 0.31548 4.43223 -0.55755
v 0.32619 4.43223 -0.49217
v 0.35669 4.43223 -0.43674
v 0.40233 4.43223 -0.39970
v 0.45618 4.43223 -0.38670
v 0.51002 4.43223 -0.39970
v 0.55567 4.43223 -0.43674
v 0.58617 4.43223 -0.49217
v 0.59810 4.45812 -0.55755
v 0.58730 4.45812 -0.62350
v 0.55653 4.45812 -0.67941
v 0.51049 4.45812 -0.71677
v 0.45618 4.45812 -0.72988
v 0.40187 4.45812 -0.71677
v 0.35582 4.45812 -0.67941
v 0.32506 4.45812 -0.62350
v 0.31426 4.45812 -0.55755
v 0.32506 4.45812 -0.49160
v 0.35582 4.45812 -0.43569
v 0.40187 4.45812 -0.39834
v 0.45618 4.45812 -0.38522
v 0.51049 4.45812 -0.39834
v 0.55653 4.45812 -0.43569
v 0.58730 4.45812 -0.49160
v 0.59688 4.48401 -0.55755
v 0.58617 4.48401 -0.62293
v 0.55567 4.48401 -0.67836
v 0.51002 4.48401 -0.71540
v 0.45618 4.48401 -0.72840
v 0.40233 4.48401 -0.71540
v 0.35669 4.48401 -0.67836
v 0.32619 4.48401 -0.62293
v 0.31548 4.48401 -0.55755
v 0.32619 4.48401 -0.49217
v 0.35669 4.48401 -0.43674
v 0.40233 4.48401 -0.39970
v 0.45618 4.48401 -0.38670
v 0.51002 4.48401 -0.39970
v 0.55567 4.48401 -0.43674
v 0.58617 4.48401 -0.49217
v 0.59333 4.50990 -0.55755
v 0.58289 4.50990 -0.62129
v 0.55316 4.50990 -0.67532
v 0.50867 4.50990 -0.71142
v 0.45618 4.50990 -0.72410
v 0.40369 4.50990 -0.71142
v 0.35919 4.50990 -0.67532
v 0.32946 4.50990 -0.62129
v 0.31902 4.50990 -0.55755
v 0.32946 4.50990 -0.49382
v 0.35919 4.50990 -0.43978
v 0.40369 4.50990 -0.40368
v 0.45618 4.50990 -0.39100
v 0.50867 4.50990 -0.40368
v 0.55316 4.50990 -0.43978
v 0.58289 4.50990 -0.49382
v 0.58763 4.53453 -0.55755
v 0.57763 4.53453 -0.61864
v 0.54913 4.53453 -0.67042
v 0.50648 4.53453 -0.70502
v 0.45618 4.53453 -0.71718
v 0.40587 4.53453 -0.70502
v 0.36322 4.53453 -0.67042
v 0.33473 4.53453 -0.61864
v 0.32472 4.53453 -0.55755
v 0.33473 4.53453 -0.49647
v 0.36322 4.53453 -0.44468
v 0.40587 4.53453 -0.41008
v 0.45618 4.53453 -0.39793
v 0.50648 4.53453 -0.41008
v 0.54913 4.53453 -0.44468
v 0.57763 4.53453 -0.49647
v 0.57967 4.55786 -0.55755
v 0.57027 4.55786 -0.61494
v 0.54350 4.55786 -0.66359
v 0.50344 4.55786 -0.69609
v 0.45618 4.55786 -0.70751
v 0.40892 4.55786 -0.69609
v 0.36885 4.55786 -0.66359
v 0.34208 4.55786 -0.61494
v 0.33268 4.55786 -0.55755
v 0.34208 4.55786 -0.50016
v 0.36885 4.55786 -0.45151
v 0.40892 4.55786 -0.41901
v 0.45618 4.55786 -0.40759
v 0.50344 4.55786 -0.41901
v 0.54350 4.55786 -0.45151
v 0.57027 4.55786 -0.50016
v 0.56956 4.57993 -0.55755
v 0.56093 4.57993 -0.61024
v 0.53635 4.57993 -0.65490
v 0.49957 4.57993 -0.68475
v 0.45618 4.57993 -0.69523
v 0.41279 4.57993 -0.68475
v 0.37601 4.57993 -0.65490
v 0.35143 4.57993 -0.61024
v 0.34280 4.57993 -0.55755
v 0.35143 4.57993 -0.50486
v 0.37601 4.57993 -0.46020
v 0.41279 4.57993 -0.43035
v 0.45618 4.57993 -0.41987
v 0.49957 4.57993 -0.43035
v 0.53635 4.57993 -0.46020
v 0.56093 4.57993 -0.50486
v 0.55778 4.59968 -0.55755
v 0.55004 4.59968 -0.60476
v 0.52802 4.59968 -0.64479
v 0.49506 4.59968 -0.67153
v 0.45618 4.59968 -0.68092
v 0.41730 4.59968 -0.67153
v 0.38434 4.59968 -0.64479
v 0.36231 4.59968 -0.60476
v 0.35458 4.59968 -0.55755
v 0.36231 4.59968 -0.51034
v 0.38434 4.59968 -0.47031
v 0.41730 4.59968 -0.44357
v 0.45618 4.59968 -0.43418
v 0.49506 4.59968 -0.44357
v 0.52802 4.59968 -0.47031
v 0.55004 4.59968 -0.51034
v 0.54425 4.61700 -0.55755
v 0.53755 4.61700 -0.59848
v 0.51846 4.61700 -0.63317
v 0.48988 4.61700 -0.65636
v 0.45618 4.61700 -0.66450
v 0.42247 4.61700 -0.65636
v 0.39390 4.61700 -0.63317
v 0.37481 4.61700 -0.59848
v 0.36810 4.61700 -0.55755
v 0.37481 4.61700 -0.51662
v 0.39390 4.61700 -0.48193
v 0.42247 4.61700 -0.45874
v 0.45618 4.61700 -0.45060
v 0.48988 4.61700 -0.45874
v 0.51846 4.61700 -0.48193
v 0.53755 4.61700 -0.51662
v 0.52906 4.63199 -0.55755
v 0.52351 4.63199 -0.59142
v 0.50771 4.63199 -0.62013
v 0.48407 4.63199 -0.63931
v 0.45618 4.63199 -0.64605
v 0.42829 4.63199 -0.63931
v 0.40464 4.63199 -0.62013
v 0.38884 4.63199 -0.59142
v 0.38330 4.63199 -0.55755
v 0.38884 4.63199 -0.52368
v 0.40464 4.63199 -0.49497
v 0.42829 4.63199 -0.47579
v 0.45618 4.63199 -0.46905
v 0.48407 4.63199 -0.47579
v 0.50771 4.63199 -0.49497
v 0.52351 4.63199 -0.52368
v 0.51294 4.64394 -0.55755
v 0.50862 4.64394 -0.58393
v 0.49631 4.64394 -0.60629
v 0.47790 4.64394 -0.62123
v 0.45618 4.64394 -0.62647
v 0.43446 4.64394 -0.62123
v 0.41604 4.64394 -0.60629
v 0.40374 4.64394 -0.58393
v 0.39942 4.64394 -0.55755
v 0.40374 4.64394 -0.53118
v 0.41604 4.64394 -0.50881
v 0.43446 4.64394 -0.49387
v 0.45618 4.64394 -0.48863
v 0.47790 4.64394 -0.49387
v 0.49631 4.64394 -0.50881
v 0.50862 4.64394 -0.53118
v 0.49385 4.65222 -0.55755
v 0.49098 4.65222 -0.57506
v 0.48282 4.65222 -0.58990
v 0.47059 4.65222 -0.59981
v 0.45618 4.65222 -0.60330
v 0.44176 4.65222 -0.59981
v 0.42954 4.65222 -0.58990
v 0.42137 4.65222 -0.57506
v 0.41851 4.65222 -0.55755
v 0.42137 4.65222 -0.54005
v 0.42954 4.65222 -0.52520
v 0.44176 4.65222 -0.51529
v 0.45618 4.65222 -0.51181
v 0.47059 4.65222 -0.51529
v 0.48282 4.65222 -0.52520
v 0.49098 4.65222 -0.54005
v 0.47383 4.65745 -0.55755
v 0.47249 4.65745 -0.56575
v 0.46866 4.65745 -0.57271
v 0.46293 4.65745 -0.57736
v 0.45618 4.65745 -0.57899
v 0.44942 4.65745 -0.57736
v 0.44369 4.65745 -0.57271
v 0.43987 4.65745 -0.56575
v 0.43852 4.65745 -0.55755
v 0.43987 4.65745 -0.54935
v 0.44369 4.65745 -0.54239
v 0.44942 4.65745 -0.53775
v 0.45618 4.65745 -0.53611
v 0.46293 4.65745 -0.53775
v 0.46866 4.65745 -0.54239
v 0.47249 4.65745 -0.54935
v 0.45973 4.66080 -0.55755
v 0.45946 4.66080 -0.55920
v 0.45869 4.66080 -0.56060
v 0.45754 4.66080 -0.56153
v 0.45618 4.66080 -0.56186
v 0.45482 4.66080 -0.56153
v 0.45367 4.66080 -0.56060
v 0.45290 4.66080 -0.55920
v 0.45263 4.66080 -0.55755
v 0.45290 4.66080 -0.55590
v 0.45367 4.66080 -0.55450
v 0.45482 4.66080 -0.55357
v 0.45618 4.66080 -0.55324
v 0.45754 4.66080 -0.55357
v 0.45869 4.66080 -0.55450
v 0.45946 4.66080 -0.55590
v 0.45618 4.25544 -0.55755
v 0.45618 4.66080 -0.55755
f 10107 10108 10124
f 10107 10124 10123
f 10108 10109 10125
f 10108 10125 10124
f 10109 10110 10126
f 10109 10126 10125
f 10110 10111 10127
f 10110 10127 10126
f 10111 10112 10128
f 10111 10128 10127
f 10112 10113 10129
f 10112 10129 10128
f 10113 10114 10130
f 10113 10130 10129
f 10114 10115 10131
f 10114 10131 10130
f 10115 10116 10132
f 10115 10132 10131
f 10116 10117 10133
f 10116 10133 10132
f 10117 10118 10134
f 10117 10134 10133
f 10118 10119 10135
f 10118 10135 10134
f 10119 10120 10136
f 10119 10136 10135
f 10120 10121 10137
f 10120 10137 10136
f 10121 10122 10138
f 10121 10138 10137
f 10122 10107 10123
f 10122 10123 10138
f 10123 10124 10140
f 10123 10140 10139
f 10124 10125 10141
f 10124 10141 10140
f 10125 10126 10142
f 10125 10142 10141
f 10126 10127 10143
f 10126 10143 10142
f 10127 10128 10144
f 10127 10144 10143
f 10128 10129 10145
f 10128 10145 10144
f 10129 10130 10146
f 10129 10146 10145
f 10130 10131 10147
f 10130 10147 10146
f 10131 10132 10148
f 10131 10148 10147
f 10132 10133 10149
f 10132 10149 10148
f 10133 10134 10150
f 10133 10150 10149
f 10134 10135 10151
f 10134 10151 10150
f 10135 10136 10152
f 10135 10152 10151
f 10136 10137 10153
f 10136 10153 10152
f 10137 10138 10154
f 10137 10154 10153
f 10138 10123 10139
f 10138 10139 10154
f 10139 10140 10156
f 10139 10156 10155
f 10140 10141 10157
f 10140 10157 10156
f 10141 10142 10158
f 10141 10158 10157
f 10142 10143 10159
f 10142 10159 10158
f 10143 10144 10160
f 10143 10160 10159
f 10144 10145 10161
f 10144 10161 10160
f 10145 10146 10162
f 10145 10162 10161
f 10146 10147 10163
f 10146 10163 10162
f 10147 10148 10164
f 10147 10164 10163
f 10148 10149 10165
f 10148 10165 10164
f 10149 10150 10166
f 10149 10166 10165
f 10150 10151 10167
f 10150 10167 10166
f 10151 10152 10168
f 10151 10168 10167
f 10152 10153 10169
f 10152 10169 10168
f 10153 10154 10170
f 10153 10170 10169
f 10154 10139 10155
f 10154 10155 10170
f 10155 10156 10172
f 10155 10172 10171
f 10156 10157 10173
f 10156 10173 10172
f 10157 10158 10174
f 10157 10174 10173
f 10158 10159 10175
f 10158 10175 10174
f 10159 10160 10176
f 10159 10176 10175
f 10160 10161 10177
f 10160 10177 10176
f 10161 10162 10178
f 10161 10178 10177
f 10162 10163 10179
f 10162 10179 10178
f 10163 10164 10180
f 10163 10180 10179
f 10164 10165 10181
f 10164 10181 10180
f 10165 10166 10182
f 10165 10182 10181
f 10166 10167 10183
f 10166 10183 10182
f 10167 10168 10184
f 10167 10184 10183
f 10168 10169 10185
f 10168 10185 10184
f 10169 10170 10186
f 10169 10186 10185
f 10170 10155 10171
f 10170 10171 10186
f 10171 10172 10188
f 10171 10188 10187
f 10172 10173 10189
f 10172 10189 10188
f 10173 10174 10190
f 10173 10190 10189
f 10174 10175 10191
f 10174 10191 10190
f 10175 10176 10192
f 10175 10192 10191
f 10176 10177 10193
f 10176 10193 10192
f 10177 10178 10194
f 10177 10194 10193
f 10178 10179 10195
f 10178 10195 10194
f 10179 10180 10196
f 10179 10196 10195
f 10180 10181 10197
f 10180 10197 10196
f 10181 10182 10198
f 10181 10198 10197
f 10182 10183 10199
f 10182 10199 10198
f 10183 10184 10200
f 10183 10200 10199
f 10184 10185 10201
f 10184 10201 10200
f 10185 10186 10202
f 10185 10202 10201
f 10186 10171 10187
f 10186 10187 10202
f 10187 10188 10204
f 10187 10204 10203
f 10188 10189 10205
f 10188 10205 10204
f 10189 10190 10206
f 10189 10206 10205
f 10190 10191 10207
f 10190 10207 10206
f 10191 10192 10208
f 10191 10208 10207
f 10192 10193 10209
f 10192 10209 10208
f 10193 10194 10210
f 10193 10210 10209
f 10194 10195 10211
f 10194 10211 10210
f 10195 10196 10212
f 10195 10212 10211
f 10196 10197 10213
f 10196 10213 10212
f 10197 10198 10214
f 10197 10214 10213
f 10198 10199 10215
f 10198 10215 10214
f 10199 10200 10216
f 10199 10216 10215
f 10200 10201 10217
f 10200 10217 10216
f 10201 10202 10218
f 10201 10218 10217
f 10202 10187 10203
f 10202 10203 10218
f 10203 10204 10220
f 10203 10220 10219
f 10204 10205 10221
f 10204 10221 10220
f 10205 10206 10222
f 10205 10222 10221
f 10206 10207 10223
f 10206 10223 10222
f 10207 10208 10224
f 10207 10224 10223
f 10208 10209 10225
f 10208 10225 10224
f 10209 10210 10226
f 10209 10226 10225
f 10210 10211 10227
f 10210 10227 10226
f 10211 10212 10228
f 10211 10228 10227
f 10212 10213 10229
f 10212 10229 10228
f 10213 10214 10230
f 10213 10230 10229
f 10214 10215 10231
f 10214 10231 10230
f 10215 10216 10232
f 10215 10232 10231
f 10216 10217 10233
f 10216 10233 10232
f 10217 10218 10234
f 10217 10234 10233
f 10218 10203 10219
f 10218 10219 10234
f 10219 10220 10236
f 10219 10236 10235
f 10220 10221 10237
f 10220 10237 10236
f 10221 10222 10238
f 10221 10238 10237
f 10222 10223 10239
f 10222 10239 10238
f 10223 10224 10240
f 10223 10240 10239
f 10224 10225 10241
f 10224 10241 10240
f 10225 10226 10242
f 10225 10242 10241
f 10226 10227 10243
f 10226 10243 10242
f 10227 10228 10244
f 10227 10244 10243
f 10228 10229 10245
f 10228 10245 10244
f 10229 10230 10246
f 10229 10246 10245
f 10230 10231 10247
f 10230 10247 10246
f 10231 10232 10248
f 10231 10248 10247
f 10232 10233 10249
f 10232 10249 10248
f 10233 10234 10250
f 10233 10250 10249
f 10234 10219 10235
f 10234 10235 10250
f 10235 10236 10252
f 10235 10252 10251
f 10236 10237 10253
f 10236 10253 10252
f 10237 10238 10254
f 10237 10254 10253
f 10238 10239 10255
f 10238 10255 10254
f 10239 10240 10256
f 10239 10256 10255
f 10240 10241 10257
f 10240 10257 10256
f 10241 10242 10258
f 10241 10258 10257
f 10242 10243 10259
f 10242 10259 10258
f 10243 10244 10260
f 10243 10260 10259
f 10244 10245 10261
f 10244 10261 10260
f 10245 10246 10262
f 10245 10262 10261
f 10246 10247 10263
f 10246 10263 10262
f 10247 10248 10264
f 10247 10264 10263
f 10248 10249 10265
f 10248 10265 10264
f 10249 10250 10266
f 10249 10266 10265
f 10250 10235 10251
f 10250 10251 10266
f 10251 10252 10268
f 10251 10268 10267
f 10252 10253 10269
f 10252 10269 10268
f 10253 10254 10270
f 10253 10270 10269
f 10254 10255 10271
f 10254 10271 10270
f 10255 10256 10272
f 10255 10272 10271
f 10256 10257 10273
f 10256 10273 10272
f 10257 10258 10274
f 10257 10274 10273
f 10258 10259 10275
f 10258 10275 10274
f 10259 10260 10276
f 10259 10276 10275
f 10260 10261 10277
f 10260 10277 10276
f 10261 10262 10278
f 10261 10278 10277
f 10262 10263 10279
f 10262 10279 10278
f 10263 10264 10280
f 10263 10280 10279
f 10264 10265 10281
f 10264 10281 10280
f 10265 10266 10282
f 10265 10282 10281
f 10266 10251 10267
f 10266 10267 10282
f 10267 10268 10284
f 10267 10284 10283
f 10268 10269 10285
f 10268 10285 10284
f 10269 10270 10286
f 10269 10286 10285
f 10270 10271 10287
f 10270 10287 10286
f 10271 10272 10288
f 10271 10288 10287
f 10272 10273 10289
f 10272 10289 10288
f 10273 10274 10290
f 10273 10290 10289
f 10274 10275 10291
f 10274 10291 10290
f 10275 10276 10292
f 10275 10292 10291
f 10276 10277 10293
f 10276 10293 10292
f 10277 10278 10294
f 10277 10294 10293
f 10278 10279 10295
f 10278 10295 10294
f 10279 10280 10296
f 10279 10296 10295
f 10280 10281 10297
f 10280 10297 10296
f 10281 10282 10298
f 10281 10298 10297
f 10282 10267 10283
f 10282 10283 10298
f 10283 10284 10300
f 10283 10300 10299
f 10284 10285 10301
f 10284 10301 10300
f 10285 10286 10302
f 10285 10302 10301
f 10286 10287 10303
f 10286 10303 10302
f 10287 10288 10304
f 10287 10304 10303
f 10288 10289 10305
f 10288 10305 10304
f 10289 10290 10306
f 10289 10306 10305
f 10290 10291 10307
f 10290 10307 10306
f 10291 10292 10308
f 10291 10308 10307
f 10292 10293 10309
f 10292 10309 10308
f 10293 10294 10310
f 10293 10310 10309
f 10294 10295 10311
f 10294 10311 10310
f 10295 10296 10312
f 10295 10312 10311
f 10296 10297 10313
f 10296 10313 10312
f 10297 10298 10314
f 10297 10314 10313
f 10298 10283 10299
f 10298 10299 10314
f 10299 10300 10316
f 10299 10316 10315
f 10300 10301 10317
f 10300 10317 10316
f 10301 10302 10318
f 10301 10318 10317
f 10302 10303 10319
f 10302 10319 10318
f 10303 10304 10320
f 10303 10320 10319
f 10304 10305 10321
f 10304 10321 10320
f 10305 10306 10322
f 10305 10322 10321
f 10306 10307 10323
f 10306 10323 10322
f 10307 10308 10324
f 10307 10324 10323
f 10308 10309 10325
f 10308 10325 10324
f 10309 10310 10326
f 10309 10326 10325
f 10310 10311 10327
f 10310 10327 10326
f 10311 10312 10328
f 10311 10328 10327
f 10312 10313 10329
f 10312 10329 10328
f 10313 10314 10330
f 10313 10330 10329
f 10314 10299 10315
f 10314 10315 10330
f 10315 10316 10332
f 10315 10332 10331
f 10316 10317 10333
f 10316 10333 10332
f 10317 10318 10334
f 10317 10334 10333
f 10318 10319 10335
f 10318 10335 10334
f 10319 10320 10336
f 10319 10336 10335
f 10320 10321 10337
f 10320 10337 10336
f 10321 10322 10338
f 10321 10338 10337
f 10322 10323 10339
f 10322 10339 10338
f 10323 10324 10340
f 10323 10340 10339
f 10324 10325 10341
f 10324 10341 10340
f 10325 10326 10342
f 10325 10342 10341
f 10326 10327 10343
f 10326 10343 10342
f 10327 10328 10344
f 10327 10344 10343
f 10328 10329 10345
f 10328 10345 10344
f 10329 10330 10346
f 10329 10346 10345
f 10330 10315 10331
f 10330 10331 10346
f 10331 10332 10348
f 10331 10348 10347
f 10332 10333 10349
f 10332 10349 10348
f 10333 10334 10350
f 10333 10350 10349
f 10334 10335 10351
f 10334 10351 10350
f 10335 10336 10352
f 10335 10352 10351
f 10336 10337 10353
f 10336 10353 10352
f 10337 10338 10354
f 10337 10354 10353
f 10338 10339 10355
f 10338 10355 10354
f 10339 10340 10356
f 10339 10356 10355
f 10340 10341 10357
f 10340 10357 10356
f 10341 10342 10358
f 10341 10358 10357
f 10342 10343 10359
f 10342 10359 10358
f 10343 10344 10360
f 10343 10360 10359
f 10344 10345 10361
f 10344 10361 10360
f 10345 10346 10362
f 10345 10362 10361
f 10346 10331 10347
f 10346 10347 10362
f 10347 10348 10364
f 10347 10364 10363
f 10348 10349 10365
f 10348 10365 10364
f 10349 10350 10366
f 10349 10366 10365
f 10350 10351 10367
f 10350 10367 10366
f 10351 10352 10368
f 10351 10368 10367
f 10352 10353 10369
f 10352 10369 10368
f 10353 10354 10370
f 10353 10370 10369
f 10354 10355 10371
f 10354 10371 10370
f 10355 10356 10372
f 10355 10372 10371
f 10356 10357 10373
f 10356 10373 10372
f 10357 10358 10374
f 10357 10374 10373
f 10358 10359 10375
f 10358 10375 10374
f 10359 10360 10376
f 10359 10376 10375
f 10360 10361 10377
f 10360 10377 10376
f 10361 10362 10378
f 10361 10378 10377
f 10362 10347 10363
f 10362 10363 10378
f 10363 10364 10380
f 10363 10380 10379
f 10364 10365 10381
f 10364 10381 10380
f 10365 10366 10382
f 10365 10382 10381
f 10366 10367 10383
f 10366 10383 10382
f 10367 10368 10384
f 10367 10384 10383
f 10368 10369 10385
f 10368 10385 10384
f 10369 10370 10386
f 10369 10386 10385
f 10370 10371 10387
f 10370 10387 10386
f 10371 10372 10388
f 10371 10388 10387
f 10372 10373 10389
f 10372 10389 10388
f 10373 10374 10390
f 10373 10390 10389
f 10374 10375 10391
f 10374 10391 10390
f 10375 10376 10392
f 10375 10392 10391
f 10376 10377 10393
f 10376 10393 10392
f 10377 10378 10394
f 10377 10394 10393
f 10378 10363 10379
f 10378 10379 10394
f 10379 10380 10396
f 10379 10396 10395
f 10380 10381 10397
f 10380 10397 10396
f 10381 10382 10398
f 10381 10398 10397
f 10382 10383 10399
f 10382 10399 10398
f 10383 10384 10400
f 10383 10400 10399
f 10384 10385 10401
f 10384 10401 10400
f 10385 10386 10402
f 10385 10402 10401
f 10386 10387 10403
f 10386 10403 10402
f 10387 10388 10404
f 10387 10404 10403
f 10388 10389 10405
f 10388 10405 10404
f 10389 10390 10406
f 10389 10406 10405
f 10390 10391 10407
f 10390 10407 10406
f 10391 10392 10408
f 10391 10408 10407
f 10392 10393 10409
f 10392 10409 10408
f 10393 10394 10410
f 10393 10410 10409
f 10394 10379 10395
f 10394 10395 10410
f 10395 10396 10412
f 10395 10412 10411
f 10396 10397 10413
f 10396 10413 10412
f 10397 10398 10414
f 10397 10414 10413
f 10398 10399 10415
f 10398 10415 10414
f 10399 10400 10416
f 10399 10416 10415
f 10400 10401 10417
f 10400 10417 10416
f 10401 10402 10418
f 10401 10418 10417
f 10402 10403 10419
f 10402 10419 10418
f 10403 10404 10420
f 10403 10420 10419
f 10404 10405 10421
f 10404 10421 10420
f 10405 10406 10422
f 10405 10422 10421
f 10406 10407 10423
f 10406 10423 10422
f 10407 10408 10424
f 10407 10424 10423
f 10408 10409 10425
f 10408 10425 10424
f 10409 10410 10426
f 10409 10426 10425
f 10410 10395 10411
f 10410 10411 10426
f 10411 10412 10428
f 10411 10428 10427
f 10412 10413 10429
f 10412 10429 10428
f 10413 10414 10430
f 10413 10430 10429
f 10414 10415 10431
f 10414 10431 10430
f 10415 10416 10432
f 10415 10432 10431
f 10416 10417 10433
f 10416 10433 10432
f 10417 10418 10434
f 10417 10434 10433
f 10418 10419 10435
f 10418 10435 10434
f 10419 10420 10436
f 10419 10436 10435
f 10420 10421 10437
f 10420 10437 10436
f 10421 10422 10438
f 10421 10438 10437
f 10422 10423 10439
f 10422 10439 10438
f 10423 10424 10440
f 10423 10440 10439
f 10424 10425 10441
f 10424 10441 10440
f 10425 10426 10442
f 10425 10442 10441
f 10426 10411 10427
f 10426 10427 10442
f 10427 10428 10444
f 10427 10444 10443
f 10428 10429 10445
f 10428 10445 10444
f 10429 10430 10446
f 10429 10446 10445
f 10430 10431 10447
f 10430 10447 10446
f 10431 10432 10448
f 10431 10448 10447
f 10432 10433 10449
f 10432 10449 10448
f 10433 10434 10450
f 10433 10450 10449
f 10434 10435 10451
f 10434 10451 10450
f 10435 10436 10452
f 10435 10452 10451
f 10436 10437 10453
f 10436 10453 10452
f 10437 10438 10454
f 10437 10454 10453
f 10438 10439 10455
f 10438 10455 10454
f 10439 10440 10456
f 10439 10456 10455
f 10440 10441 10457
f 10440 10457 10456
f 10441 10442 10458
f 10441 10458 10457
f 10442 10427 10443
f 10442 10443 10458
f 10443 10444 10460
f 10443 10460 10459
f 10444 10445 10461
f 10444 10461 10460
f 10445 10446 10462
f 10445 10462 10461
f 10446 10447 10463
f 10446 10463 10462
f 10447 10448 10464
f 10447 10464 10463
f 10448 10449 10465
f 10448 10465 10464
f 10449 10450 10466
f 10449 10466 10465
f 10450 10451 10467
f 10450 10467 10466
f 10451 10452 10468
f 10451 10468 10467
f 10452 10453 10469
f 10452 10469 10468
f 10453 10454 10470
f 10453 10470 10469
f 10454 10455 10471
f 10454 10471 10470
f 10455 10456 10472
f 10455 10472 10471
f 10456 10457 10473
f 10456 10473 10472
f 10457 10458 10474
f 10457 10474 10473
f 10458 10443 10459
f 10458 10459 10474
f 10459 10460 10476
f 10459 10476 10475
f 10460 10461 10477
f 10460 10477 10476
f 10461 10462 10478
f 10461 10478 10477
f 10462 10463 10479
f 10462 10479 10478
f 10463 10464 10480
f 10463 10480 10479
f 10464 10465 10481
f 10464 10481 10480
f 10465 10466 10482
f 10465 10482 10481
f 10466 10467 10483
f 10466 10483 10482
f 10467 10468 10484
f 10467 10484 10483
f 10468 10469 10485
f 10468 10485 10484
f 10469 10470 10486
f 10469 10486 10485
f 10470 10471 10487
f 10470 10487 10486
f 10471 10472 10488
f 10471 10488 10487
f 10472 10473 10489
f 10472 10489 10488
f 10473 10474 10490
f 10473 10490 10489
f 10474 10459 10475
f 10474 10475 10490
f 10475 10476 10492
f 10475 10492 10491
f 10476 10477 10493
f 10476 10493 10492
f 10477 10478 10494
f 10477 10494 10493
f 10478 10479 10495
f 10478 10495 10494
f 10479 10480 10496
f 10479 10496 10495
f 10480 10481 10497
f 10480 10497 10496
f 10481 10482 10498
f 10481 10498 10497
f 10482 10483 10499
f 10482 10499 10498
f 10483 10484 10500
f 10483 10500 10499
f 10484 10485 10501
f 10484 10501 10500
f 10485 10486 10502
f 10485 10502 10501
f 10486 10487 10503
f 10486 10503 10502
f 10487 10488 10504
f 10487 10504 10503
f 10488 10489 10505
f 10488 10505 10504
f 10489 10490 10506
f 10489 10506 10505
f 10490 10475 10491
f 10490 10491 10506
f 10507 10108 10107
f 10507 10109 10108
f 10507 10110 10109
f 10507 10111 10110
f 10507 10112 10111
f 10507 10113 10112
f 10507 10114 10113
f 10507 10115 10114
f 10507 10116 10115
f 10507 10117 10116
f 10507 10118 10117
f 10507 10119 10118
f 10507 10120 10119
f 10507 10121 10120
f 10507 10122 10121
f 10507 10107 10122
f 10508 10491 10492
f 10508 10492 10493
f 10508 10493 10494
f 10508 10494 10495
f 10508 10495 10496
f 10508 10496 10497
f 10508 10497 10498
f 10508 10498 10499
f 10508 10499 10500
f 10508 10500 10501
f 10508 10501 10502
f 10508 10502 10503
f 10508 10503 10504
f 10508 10504 10505
f 10508 10505 10506
f 10508 10506 10491
o Waycaster_Routing_R
usemtl soft_charcoal
s 1
v 0.40752 4.50881 -0.51719
v 0.41287 4.49591 -0.51746
v 0.42577 4.49056 -0.51746
v 0.43867 4.49591 -0.51719
v 0.44401 4.50881 -0.51681
v 0.43866 4.52170 -0.51654
v 0.42576 4.52705 -0.51654
v 0.41286 4.52170 -0.51681
v 0.40564 4.50430 -0.33741
v 0.41099 4.49140 -0.33767
v 0.42390 4.48606 -0.33763
v 0.43679 4.49140 -0.33731
v 0.44213 4.50430 -0.33691
v 0.43679 4.51720 -0.33665
v 0.42388 4.52254 -0.33669
v 0.41098 4.51720 -0.33700
v 0.40152 4.49754 -0.08366
v 0.40688 4.48465 -0.08388
v 0.41978 4.47930 -0.08356
v 0.43267 4.48465 -0.08291
v 0.43799 4.49754 -0.08229
v 0.43264 4.51044 -0.08208
v 0.41974 4.51578 -0.08239
v 0.40685 4.51044 -0.08305
v 0.38736 4.48853 0.15001
v 0.39275 4.47565 0.14995
v 0.40560 4.47031 0.15112
v 0.41839 4.47565 0.15284
v 0.42362 4.48853 0.15411
v 0.41824 4.50142 0.15417
v 0.40539 4.50675 0.15300
v 0.39260 4.50142 0.15127
v 0.35310 4.47501 0.34502
v 0.35853 4.46215 0.34516
v 0.37124 4.45682 0.34744
v 0.38378 4.46215 0.35051
v 0.38880 4.47501 0.35258
v 0.38337 4.48788 0.35243
v 0.37066 4.49321 0.35016
v 0.35812 4.48788 0.34709
v 0.30860 4.45924 0.52185
v 0.31405 4.44639 0.52209
v 0.32666 4.44107 0.52485
v 0.33905 4.44639 0.52851
v 0.34395 4.45924 0.53092
v 0.33849 4.47210 0.53068
v 0.32588 4.47742 0.52792
v 0.31349 4.47210 0.52427
v 0.27634 4.44798 0.64413
v 0.28180 4.43513 0.64439
v 0.29439 4.42981 0.64722
v 0.30675 4.43513 0.65097
v 0.31162 4.44798 0.65344
v 0.30617 4.46083 0.65318
v 0.29357 4.46616 0.65035
v 0.28121 4.46083 0.64660
v 0.42577 4.50881 -0.51700
v 0.29398 4.44798 0.64879
f 10509 10510 10518
f 10509 10518 10517
f 10510 10511 10519
f 10510 10519 10518
f 10511 10512 10520
f 10511 10520 10519
f 10512 10513 10521
f 10512 10521 10520
f 10513 10514 10522
f 10513 10522 10521
f 10514 10515 10523
f 10514 10523 10522
f 10515 10516 10524
f 10515 10524 10523
f 10516 10509 10517
f 10516 10517 10524
f 10517 10518 10526
f 10517 10526 10525
f 10518 10519 10527
f 10518 10527 10526
f 10519 10520 10528
f 10519 10528 10527
f 10520 10521 10529
f 10520 10529 10528
f 10521 10522 10530
f 10521 10530 10529
f 10522 10523 10531
f 10522 10531 10530
f 10523 10524 10532
f 10523 10532 10531
f 10524 10517 10525
f 10524 10525 10532
f 10525 10526 10534
f 10525 10534 10533
f 10526 10527 10535
f 10526 10535 10534
f 10527 10528 10536
f 10527 10536 10535
f 10528 10529 10537
f 10528 10537 10536
f 10529 10530 10538
f 10529 10538 10537
f 10530 10531 10539
f 10530 10539 10538
f 10531 10532 10540
f 10531 10540 10539
f 10532 10525 10533
f 10532 10533 10540
f 10533 10534 10542
f 10533 10542 10541
f 10534 10535 10543
f 10534 10543 10542
f 10535 10536 10544
f 10535 10544 10543
f 10536 10537 10545
f 10536 10545 10544
f 10537 10538 10546
f 10537 10546 10545
f 10538 10539 10547
f 10538 10547 10546
f 10539 10540 10548
f 10539 10548 10547
f 10540 10533 10541
f 10540 10541 10548
f 10541 10542 10550
f 10541 10550 10549
f 10542 10543 10551
f 10542 10551 10550
f 10543 10544 10552
f 10543 10552 10551
f 10544 10545 10553
f 10544 10553 10552
f 10545 10546 10554
f 10545 10554 10553
f 10546 10547 10555
f 10546 10555 10554
f 10547 10548 10556
f 10547 10556 10555
f 10548 10541 10549
f 10548 10549 10556
f 10549 10550 10558
f 10549 10558 10557
f 10550 10551 10559
f 10550 10559 10558
f 10551 10552 10560
f 10551 10560 10559
f 10552 10553 10561
f 10552 10561 10560
f 10553 10554 10562
f 10553 10562 10561
f 10554 10555 10563
f 10554 10563 10562
f 10555 10556 10564
f 10555 10564 10563
f 10556 10549 10557
f 10556 10557 10564
f 10565 10510 10509
f 10565 10511 10510
f 10565 10512 10511
f 10565 10513 10512
f 10565 10514 10513
f 10565 10515 10514
f 10565 10516 10515
f 10565 10509 10516
f 10566 10557 10558
f 10566 10558 10559
f 10566 10559 10560
f 10566 10560 10561
f 10566 10561 10562
f 10566 10562 10563
f 10566 10563 10564
f 10566 10564 10557
o Cradle_Floor
usemtl continuance_frame
s 1
v -0.33453 3.88029 -0.28384
v -0.28971 3.86002 -0.28419
v -0.16727 3.84518 -0.28445
v -0.00000 3.83975 -0.28454
v 0.16727 3.84518 -0.28445
v 0.28971 3.86002 -0.28419
v 0.33453 3.88029 -0.28384
v 0.28971 3.90056 -0.28350
v 0.16727 3.91540 -0.28324
v 0.00000 3.92084 -0.28315
v -0.16727 3.91540 -0.28324
v -0.28971 3.90056 -0.28350
v -0.35330 3.87804 -0.15281
v -0.30597 3.85608 -0.15312
v -0.17665 3.84000 -0.15335
v -0.00000 3.83412 -0.15344
v 0.17665 3.84000 -0.15335
v 0.30597 3.85608 -0.15312
v 0.35330 3.87804 -0.15281
v 0.30597 3.90000 -0.15250
v 0.17665 3.91608 -0.15227
v 0.00000 3.92196 -0.15218
v -0.17665 3.91608 -0.15227
v -0.30597 3.90000 -0.15250
v -0.37771 3.87579 0.03229
v -0.32710 3.85157 0.03244
v -0.18885 3.83384 0.03255
v -0.00000 3.82736 0.03260
v 0.18885 3.83384 0.03255
v 0.32710 3.85157 0.03244
v 0.37771 3.87579 0.03229
v 0.32710 3.90000 0.03214
v 0.18885 3.91773 0.03202
v 0.00000 3.92422 0.03198
v -0.18885 3.91773 0.03202
v -0.32710 3.90000 0.03214
v -0.38522 3.88029 0.20275
v -0.33361 3.85502 0.20457
v -0.19261 3.83651 0.20591
v -0.00000 3.82974 0.20640
v 0.19261 3.83651 0.20591
v 0.33361 3.85502 0.20457
v 0.38522 3.88029 0.20275
v 0.33361 3.90557 0.20092
v 0.19261 3.92407 0.19958
v 0.00000 3.93085 0.19909
v -0.19261 3.92407 0.19958
v -0.33361 3.90557 0.20092
v -0.35894 3.89832 0.34392
v -0.31085 3.87440 0.34774
v -0.17947 3.85690 0.35054
v -0.00000 3.85049 0.35156
v 0.17947 3.85690 0.35054
v 0.31085 3.87440 0.34774
v 0.35894 3.89832 0.34392
v 0.31085 3.92223 0.34009
v 0.17947 3.93973 0.33729
v 0.00000 3.94614 0.33627
v -0.17947 3.93973 0.33729
v -0.31085 3.92223 0.34009
v -0.31576 3.92310 0.47045
v -0.27345 3.90156 0.47476
v -0.15788 3.88579 0.47792
v -0.00000 3.88002 0.47907
v 0.15788 3.88579 0.47792
v 0.27345 3.90156 0.47476
v 0.31576 3.92310 0.47045
v 0.27345 3.94463 0.46613
v 0.15788 3.96040 0.46297
v 0.00000 3.96617 0.46182
v -0.15788 3.96040 0.46297
v -0.27345 3.94463 0.46613
v -0.28384 3.94112 0.55755
v -0.24582 3.92126 0.56166
v -0.14192 3.90673 0.56467
v -0.00000 3.90141 0.56577
v 0.14192 3.90673 0.56467
v 0.24582 3.92126 0.56166
v 0.28384 3.94112 0.55755
v 0.24582 3.96097 0.55344
v 0.14192 3.97551 0.55044
v 0.00000 3.98083 0.54934
v -0.14192 3.97551 0.55044
v -0.24582 3.96097 0.55344
v 0.00000 3.88029 -0.28384
v 0.00000 3.94112 0.55755
f 10567 10568 10580
f 10567 10580 10579
f 10568 10569 10581
f 10568 10581 10580
f 10569 10570 10582
f 10569 10582 10581
f 10570 10571 10583
f 10570 10583 10582
f 10571 10572 10584
f 10571 10584 10583
f 10572 10573 10585
f 10572 10585 10584
f 10573 10574 10586
f 10573 10586 10585
f 10574 10575 10587
f 10574 10587 10586
f 10575 10576 10588
f 10575 10588 10587
f 10576 10577 10589
f 10576 10589 10588
f 10577 10578 10590
f 10577 10590 10589
f 10578 10567 10579
f 10578 10579 10590
f 10579 10580 10592
f 10579 10592 10591
f 10580 10581 10593
f 10580 10593 10592
f 10581 10582 10594
f 10581 10594 10593
f 10582 10583 10595
f 10582 10595 10594
f 10583 10584 10596
f 10583 10596 10595
f 10584 10585 10597
f 10584 10597 10596
f 10585 10586 10598
f 10585 10598 10597
f 10586 10587 10599
f 10586 10599 10598
f 10587 10588 10600
f 10587 10600 10599
f 10588 10589 10601
f 10588 10601 10600
f 10589 10590 10602
f 10589 10602 10601
f 10590 10579 10591
f 10590 10591 10602
f 10591 10592 10604
f 10591 10604 10603
f 10592 10593 10605
f 10592 10605 10604
f 10593 10594 10606
f 10593 10606 10605
f 10594 10595 10607
f 10594 10607 10606
f 10595 10596 10608
f 10595 10608 10607
f 10596 10597 10609
f 10596 10609 10608
f 10597 10598 10610
f 10597 10610 10609
f 10598 10599 10611
f 10598 10611 10610
f 10599 10600 10612
f 10599 10612 10611
f 10600 10601 10613
f 10600 10613 10612
f 10601 10602 10614
f 10601 10614 10613
f 10602 10591 10603
f 10602 10603 10614
f 10603 10604 10616
f 10603 10616 10615
f 10604 10605 10617
f 10604 10617 10616
f 10605 10606 10618
f 10605 10618 10617
f 10606 10607 10619
f 10606 10619 10618
f 10607 10608 10620
f 10607 10620 10619
f 10608 10609 10621
f 10608 10621 10620
f 10609 10610 10622
f 10609 10622 10621
f 10610 10611 10623
f 10610 10623 10622
f 10611 10612 10624
f 10611 10624 10623
f 10612 10613 10625
f 10612 10625 10624
f 10613 10614 10626
f 10613 10626 10625
f 10614 10603 10615
f 10614 10615 10626
f 10615 10616 10628
f 10615 10628 10627
f 10616 10617 10629
f 10616 10629 10628
f 10617 10618 10630
f 10617 10630 10629
f 10618 10619 10631
f 10618 10631 10630
f 10619 10620 10632
f 10619 10632 10631
f 10620 10621 10633
f 10620 10633 10632
f 10621 10622 10634
f 10621 10634 10633
f 10622 10623 10635
f 10622 10635 10634
f 10623 10624 10636
f 10623 10636 10635
f 10624 10625 10637
f 10624 10637 10636
f 10625 10626 10638
f 10625 10638 10637
f 10626 10615 10627
f 10626 10627 10638
f 10627 10628 10640
f 10627 10640 10639
f 10628 10629 10641
f 10628 10641 10640
f 10629 10630 10642
f 10629 10642 10641
f 10630 10631 10643
f 10630 10643 10642
f 10631 10632 10644
f 10631 10644 10643
f 10632 10633 10645
f 10632 10645 10644
f 10633 10634 10646
f 10633 10646 10645
f 10634 10635 10647
f 10634 10647 10646
f 10635 10636 10648
f 10635 10648 10647
f 10636 10637 10649
f 10636 10649 10648
f 10637 10638 10650
f 10637 10650 10649
f 10638 10627 10639
f 10638 10639 10650
f 10651 10568 10567
f 10651 10569 10568
f 10651 10570 10569
f 10651 10571 10570
f 10651 10572 10571
f 10651 10573 10572
f 10651 10574 10573
f 10651 10575 10574
f 10651 10576 10575
f 10651 10577 10576
f 10651 10578 10577
f 10651 10567 10578
f 10652 10639 10640
f 10652 10640 10641
f 10652 10641 10642
f 10652 10642 10643
f 10652 10643 10644
f 10652 10644 10645
f 10652 10645 10646
f 10652 10646 10647
f 10652 10647 10648
f 10652 10648 10649
f 10652 10649 10650
f 10652 10650 10639
o Waycaster_Console
usemtl ceramic
s 1
v 0.00634 4.30609 0.60824
v 0.00585 4.30609 0.60649
v 0.00448 4.30609 0.60501
v 0.00242 4.30609 0.60402
v 0.00000 4.30609 0.60368
v -0.00242 4.30609 0.60402
v -0.00448 4.30609 0.60501
v -0.00585 4.30609 0.60649
v -0.00634 4.30609 0.60824
v -0.00585 4.30609 0.60998
v -0.00448 4.30609 0.61146
v -0.00242 4.30609 0.61245
v -0.00000 4.30609 0.61280
v 0.00242 4.30609 0.61245
v 0.00448 4.30609 0.61146
v 0.00585 4.30609 0.60998
v 0.03152 4.30760 0.60824
v 0.02912 4.30760 0.59955
v 0.02229 4.30760 0.59219
v 0.01206 4.30760 0.58727
v 0.00000 4.30760 0.58554
v -0.01206 4.30760 0.58727
v -0.02229 4.30760 0.59219
v -0.02912 4.30760 0.59955
v -0.03152 4.30760 0.60824
v -0.02912 4.30760 0.61692
v -0.02229 4.30760 0.62429
v -0.01206 4.30760 0.62921
v -0.00000 4.30760 0.63093
v 0.01206 4.30760 0.62921
v 0.02229 4.30760 0.62429
v 0.02912 4.30760 0.61692
v 0.06727 4.30995 0.60824
v 0.06215 4.30995 0.58970
v 0.04757 4.30995 0.57399
v 0.02574 4.30995 0.56349
v 0.00000 4.30995 0.55980
v -0.02574 4.30995 0.56349
v -0.04757 4.30995 0.57399
v -0.06215 4.30995 0.58970
v -0.06727 4.30995 0.60824
v -0.06215 4.30995 0.62677
v -0.04757 4.30995 0.64249
v -0.02574 4.30995 0.65299
v -0.00000 4.30995 0.65667
v 0.02574 4.30995 0.65299
v 0.04757 4.30995 0.64249
v 0.06215 4.30995 0.62677
v 0.10136 4.31367 0.60824
v 0.09364 4.31367 0.58031
v 0.07167 4.31367 0.55663
v 0.03879 4.31367 0.54082
v 0.00000 4.31367 0.53526
v -0.03879 4.31367 0.54082
v -0.07167 4.31367 0.55663
v -0.09364 4.31367 0.58031
v -0.10136 4.31367 0.60824
v -0.09364 4.31367 0.63616
v -0.07167 4.31367 0.65984
v -0.03879 4.31367 0.67566
v -0.00000 4.31367 0.68121
v 0.03879 4.31367 0.67566
v 0.07167 4.31367 0.65984
v 0.09364 4.31367 0.63616
v 0.13015 4.31905 0.60824
v 0.12024 4.31905 0.57238
v 0.09203 4.31905 0.54198
v 0.04980 4.31905 0.52166
v 0.00000 4.31905 0.51453
v -0.04980 4.31905 0.52166
v -0.09203 4.31905 0.54198
v -0.12024 4.31905 0.57238
v -0.13015 4.31905 0.60824
v -0.12024 4.31905 0.64410
v -0.09203 4.31905 0.67450
v -0.04980 4.31905 0.69481
v -0.00000 4.31905 0.70194
v 0.04980 4.31905 0.69481
v 0.09203 4.31905 0.67450
v 0.12024 4.31905 0.64410
v 0.15727 4.32580 0.60824
v 0.14530 4.32580 0.56490
v 0.11121 4.32580 0.52817
v 0.06019 4.32580 0.50362
v 0.00000 4.32580 0.49500
v -0.06019 4.32580 0.50362
v -0.11121 4.32580 0.52817
v -0.14530 4.32580 0.56490
v -0.15727 4.32580 0.60824
v -0.14530 4.32580 0.65157
v -0.11121 4.32580 0.68831
v -0.06019 4.32580 0.71286
v -0.00000 4.32580 0.72147
v 0.06019 4.32580 0.71286
v 0.11121 4.32580 0.68831
v 0.14530 4.32580 0.65157
v 0.18143 4.33359 0.60824
v 0.16762 4.33359 0.55825
v 0.12829 4.33359 0.51587
v 0.06943 4.33359 0.48755
v 0.00000 4.33359 0.47761
v -0.06943 4.33359 0.48755
v -0.12829 4.33359 0.51587
v -0.16762 4.33359 0.55825
v -0.18143 4.33359 0.60824
v -0.16762 4.33359 0.65823
v -0.12829 4.33359 0.70061
v -0.06943 4.33359 0.72892
v -0.00000 4.33359 0.73887
v 0.06943 4.33359 0.72892
v 0.12829 4.33359 0.70061
v 0.16762 4.33359 0.65823
v 0.20247 4.34248 0.60824
v 0.18705 4.34248 0.55245
v 0.14316 4.34248 0.50516
v 0.07748 4.34248 0.47356
v 0.00000 4.34248 0.46246
v -0.07748 4.34248 0.47356
v -0.14316 4.34248 0.50516
v -0.18705 4.34248 0.55245
v -0.20247 4.34248 0.60824
v -0.18705 4.34248 0.66402
v -0.14316 4.34248 0.71132
v -0.07748 4.34248 0.74292
v -0.00000 4.34248 0.75401
v 0.07748 4.34248 0.74292
v 0.14316 4.34248 0.71132
v 0.18705 4.34248 0.66402
v 0.22053 4.35241 0.60824
v 0.20374 4.35241 0.54747
v 0.15594 4.35241 0.49596
v 0.08439 4.35241 0.46154
v 0.00000 4.35241 0.44946
v -0.08439 4.35241 0.46154
v -0.15594 4.35241 0.49596
v -0.20374 4.35241 0.54747
v -0.22053 4.35241 0.60824
v -0.20374 4.35241 0.66900
v -0.15594 4.35241 0.72051
v -0.08439 4.35241 0.75493
v -0.00000 4.35241 0.76702
v 0.08439 4.35241 0.75493
v 0.15594 4.35241 0.72051
v 0.20374 4.35241 0.66900
v 0.23474 4.36291 0.60824
v 0.21687 4.36291 0.54356
v 0.16599 4.36291 0.48873
v 0.08983 4.36291 0.45209
v 0.00000 4.36291 0.43922
v -0.08983 4.36291 0.45209
v -0.16599 4.36291 0.48873
v -0.21687 4.36291 0.54356
v -0.23474 4.36291 0.60824
v -0.21687 4.36291 0.67292
v -0.16599 4.36291 0.72775
v -0.08983 4.36291 0.76439
v -0.00000 4.36291 0.77725
v 0.08983 4.36291 0.76439
v 0.16599 4.36291 0.72775
v 0.21687 4.36291 0.67292
v 0.24492 4.37399 0.60824
v 0.22628 4.37399 0.54075
v 0.17319 4.37399 0.48354
v 0.09373 4.37399 0.44532
v 0.00000 4.37399 0.43189
v -0.09373 4.37399 0.44532
v -0.17319 4.37399 0.48354
v -0.22628 4.37399 0.54075
v -0.24492 4.37399 0.60824
v -0.22628 4.37399 0.67572
v -0.17319 4.37399 0.73293
v -0.09373 4.37399 0.77116
v -0.00000 4.37399 0.78458
v 0.09373 4.37399 0.77116
v 0.17319 4.37399 0.73293
v 0.22628 4.37399 0.67572
v 0.25125 4.38564 0.60824
v 0.23213 4.38564 0.53901
v 0.17766 4.38564 0.48032
v 0.09615 4.38564 0.44111
v 0.00000 4.38564 0.42733
v -0.09615 4.38564 0.44111
v -0.17766 4.38564 0.48032
v -0.23213 4.38564 0.53901
v -0.25125 4.38564 0.60824
v -0.23213 4.38564 0.67747
v -0.17766 4.38564 0.73615
v -0.09615 4.38564 0.77537
v -0.00000 4.38564 0.78914
v 0.09615 4.38564 0.77537
v 0.17766 4.38564 0.73615
v 0.23213 4.38564 0.67747
v 0.25343 4.39729 0.60824
v 0.23414 4.39729 0.53841
v 0.17920 4.39729 0.47921
v 0.09698 4.39729 0.43966
v 0.00000 4.39729 0.42577
v -0.09698 4.39729 0.43966
v -0.17920 4.39729 0.47921
v -0.23414 4.39729 0.53841
v -0.25343 4.39729 0.60824
v -0.23414 4.39729 0.67807
v -0.17920 4.39729 0.73726
v -0.09698 4.39729 0.77682
v -0.00000 4.39729 0.79071
v 0.09698 4.39729 0.77682
v 0.17920 4.39729 0.73726
v 0.23414 4.39729 0.67807
v 0.25125 4.40895 0.60824
v 0.23213 4.40895 0.53901
v 0.17766 4.40895 0.48032
v 0.09615 4.40895 0.44111
v 0.00000 4.40895 0.42733
v -0.09615 4.40895 0.44111
v -0.17766 4.40895 0.48032
v -0.23213 4.40895 0.53901
v -0.25125 4.40895 0.60824
v -0.23213 4.40895 0.67747
v -0.17766 4.40895 0.73615
v -0.09615 4.40895 0.77537
v -0.00000 4.40895 0.78914
v 0.09615 4.40895 0.77537
v 0.17766 4.40895 0.73615
v 0.23213 4.40895 0.67747
v 0.24492 4.42060 0.60824
v 0.22628 4.42060 0.54075
v 0.17319 4.42060 0.48354
v 0.09373 4.42060 0.44532
v 0.00000 4.42060 0.43189
v -0.09373 4.42060 0.44532
v -0.17319 4.42060 0.48354
v -0.22628 4.42060 0.54075
v -0.24492 4.42060 0.60824
v -0.22628 4.42060 0.67572
v -0.17319 4.42060 0.73293
v -0.09373 4.42060 0.77116
v -0.00000 4.42060 0.78458
v 0.09373 4.42060 0.77116
v 0.17319 4.42060 0.73293
v 0.22628 4.42060 0.67572
v 0.23474 4.43168 0.60824
v 0.21687 4.43168 0.54356
v 0.16599 4.43168 0.48873
v 0.08983 4.43168 0.45209
v 0.00000 4.43168 0.43922
v -0.08983 4.43168 0.45209
v -0.16599 4.43168 0.48873
v -0.21687 4.43168 0.54356
v -0.23474 4.43168 0.60824
v -0.21687 4.43168 0.67292
v -0.16599 4.43168 0.72775
v -0.08983 4.43168 0.76439
v -0.00000 4.43168 0.77725
v 0.08983 4.43168 0.76439
v 0.16599 4.43168 0.72775
v 0.21687 4.43168 0.67292
v 0.22053 4.44218 0.60824
v 0.20374 4.44218 0.54747
v 0.15594 4.44218 0.49596
v 0.08439 4.44218 0.46154
v 0.00000 4.44218 0.44946
v -0.08439 4.44218 0.46154
v -0.15594 4.44218 0.49596
v -0.20374 4.44218 0.54747
v -0.22053 4.44218 0.60824
v -0.20374 4.44218 0.66900
v -0.15594 4.44218 0.72051
v -0.08439 4.44218 0.75493
v -0.00000 4.44218 0.76702
v 0.08439 4.44218 0.75493
v 0.15594 4.44218 0.72051
v 0.20374 4.44218 0.66900
v 0.20247 4.45211 0.60824
v 0.18705 4.45211 0.55245
v 0.14316 4.45211 0.50516
v 0.07748 4.45211 0.47356
v 0.00000 4.45211 0.46246
v -0.07748 4.45211 0.47356
v -0.14316 4.45211 0.50516
v -0.18705 4.45211 0.55245
v -0.20247 4.45211 0.60824
v -0.18705 4.45211 0.66402
v -0.14316 4.45211 0.71132
v -0.07748 4.45211 0.74292
v -0.00000 4.45211 0.75401
v 0.07748 4.45211 0.74292
v 0.14316 4.45211 0.71132
v 0.18705 4.45211 0.66402
v 0.18143 4.46100 0.60824
v 0.16762 4.46100 0.55825
v 0.12829 4.46100 0.51587
v 0.06943 4.46100 0.48755
v 0.00000 4.46100 0.47761
v -0.06943 4.46100 0.48755
v -0.12829 4.46100 0.51587
v -0.16762 4.46100 0.55825
v -0.18143 4.46100 0.60824
v -0.16762 4.46100 0.65823
v -0.12829 4.46100 0.70061
v -0.06943 4.46100 0.72892
v -0.00000 4.46100 0.73887
v 0.06943 4.46100 0.72892
v 0.12829 4.46100 0.70061
v 0.16762 4.46100 0.65823
v 0.15727 4.46879 0.60824
v 0.14530 4.46879 0.56490
v 0.11121 4.46879 0.52817
v 0.06019 4.46879 0.50362
v 0.00000 4.46879 0.49500
v -0.06019 4.46879 0.50362
v -0.11121 4.46879 0.52817
v -0.14530 4.46879 0.56490
v -0.15727 4.46879 0.60824
v -0.14530 4.46879 0.65157
v -0.11121 4.46879 0.68831
v -0.06019 4.46879 0.71286
v -0.00000 4.46879 0.72147
v 0.06019 4.46879 0.71286
v 0.11121 4.46879 0.68831
v 0.14530 4.46879 0.65157
v 0.13015 4.47554 0.60824
v 0.12024 4.47554 0.57238
v 0.09203 4.47554 0.54198
v 0.04980 4.47554 0.52166
v 0.00000 4.47554 0.51453
v -0.04980 4.47554 0.52166
v -0.09203 4.47554 0.54198
v -0.12024 4.47554 0.57238
v -0.13015 4.47554 0.60824
v -0.12024 4.47554 0.64410
v -0.09203 4.47554 0.67450
v -0.04980 4.47554 0.69481
v -0.00000 4.47554 0.70194
v 0.04980 4.47554 0.69481
v 0.09203 4.47554 0.67450
v 0.12024 4.47554 0.64410
v 0.10136 4.48092 0.60824
v 0.09364 4.48092 0.58031
v 0.07167 4.48092 0.55663
v 0.03879 4.48092 0.54082
v 0.00000 4.48092 0.53526
v -0.03879 4.48092 0.54082
v -0.07167 4.48092 0.55663
v -0.09364 4.48092 0.58031
v -0.10136 4.48092 0.60824
v -0.09364 4.48092 0.63616
v -0.07167 4.48092 0.65984
v -0.03879 4.48092 0.67566
v -0.00000 4.48092 0.68121
v 0.03879 4.48092 0.67566
v 0.07167 4.48092 0.65984
v 0.09364 4.48092 0.63616
v 0.06727 4.48464 0.60824
v 0.06215 4.48464 0.58970
v 0.04757 4.48464 0.57399
v 0.02574 4.48464 0.56349
v 0.00000 4.48464 0.55980
v -0.02574 4.48464 0.56349
v -0.04757 4.48464 0.57399
v -0.06215 4.48464 0.58970
v -0.06727 4.48464 0.60824
v -0.06215 4.48464 0.62677
v -0.04757 4.48464 0.64249
v -0.02574 4.48464 0.65299
v -0.00000 4.48464 0.65667
v 0.02574 4.48464 0.65299
v 0.04757 4.48464 0.64249
v 0.06215 4.48464 0.62677
v 0.03152 4.48699 0.60824
v 0.02912 4.48699 0.59955
v 0.02229 4.48699 0.59219
v 0.01206 4.48699 0.58727
v 0.00000 4.48699 0.58554
v -0.01206 4.48699 0.58727
v -0.02229 4.48699 0.59219
v -0.02912 4.48699 0.59955
v -0.03152 4.48699 0.60824
v -0.02912 4.48699 0.61692
v -0.02229 4.48699 0.62429
v -0.01206 4.48699 0.62921
v -0.00000 4.48699 0.63093
v 0.01206 4.48699 0.62921
v 0.02229 4.48699 0.62429
v 0.02912 4.48699 0.61692
v 0.00634 4.48850 0.60824
v 0.00585 4.48850 0.60649
v 0.00448 4.48850 0.60501
v 0.00242 4.48850 0.60402
v 0.00000 4.48850 0.60368
v -0.00242 4.48850 0.60402
v -0.00448 4.48850 0.60501
v -0.00585 4.48850 0.60649
v -0.00634 4.48850 0.60824
v -0.00585 4.48850 0.60998
v -0.00448 4.48850 0.61146
v -0.00242 4.48850 0.61245
v -0.00000 4.48850 0.61280
v 0.00242 4.48850 0.61245
v 0.00448 4.48850 0.61146
v 0.00585 4.48850 0.60998
v 0.00000 4.30609 0.60824
v 0.00000 4.48850 0.60824
f 10653 10654 10670
f 10653 10670 10669
f 10654 10655 10671
f 10654 10671 10670
f 10655 10656 10672
f 10655 10672 10671
f 10656 10657 10673
f 10656 10673 10672
f 10657 10658 10674
f 10657 10674 10673
f 10658 10659 10675
f 10658 10675 10674
f 10659 10660 10676
f 10659 10676 10675
f 10660 10661 10677
f 10660 10677 10676
f 10661 10662 10678
f 10661 10678 10677
f 10662 10663 10679
f 10662 10679 10678
f 10663 10664 10680
f 10663 10680 10679
f 10664 10665 10681
f 10664 10681 10680
f 10665 10666 10682
f 10665 10682 10681
f 10666 10667 10683
f 10666 10683 10682
f 10667 10668 10684
f 10667 10684 10683
f 10668 10653 10669
f 10668 10669 10684
f 10669 10670 10686
f 10669 10686 10685
f 10670 10671 10687
f 10670 10687 10686
f 10671 10672 10688
f 10671 10688 10687
f 10672 10673 10689
f 10672 10689 10688
f 10673 10674 10690
f 10673 10690 10689
f 10674 10675 10691
f 10674 10691 10690
f 10675 10676 10692
f 10675 10692 10691
f 10676 10677 10693
f 10676 10693 10692
f 10677 10678 10694
f 10677 10694 10693
f 10678 10679 10695
f 10678 10695 10694
f 10679 10680 10696
f 10679 10696 10695
f 10680 10681 10697
f 10680 10697 10696
f 10681 10682 10698
f 10681 10698 10697
f 10682 10683 10699
f 10682 10699 10698
f 10683 10684 10700
f 10683 10700 10699
f 10684 10669 10685
f 10684 10685 10700
f 10685 10686 10702
f 10685 10702 10701
f 10686 10687 10703
f 10686 10703 10702
f 10687 10688 10704
f 10687 10704 10703
f 10688 10689 10705
f 10688 10705 10704
f 10689 10690 10706
f 10689 10706 10705
f 10690 10691 10707
f 10690 10707 10706
f 10691 10692 10708
f 10691 10708 10707
f 10692 10693 10709
f 10692 10709 10708
f 10693 10694 10710
f 10693 10710 10709
f 10694 10695 10711
f 10694 10711 10710
f 10695 10696 10712
f 10695 10712 10711
f 10696 10697 10713
f 10696 10713 10712
f 10697 10698 10714
f 10697 10714 10713
f 10698 10699 10715
f 10698 10715 10714
f 10699 10700 10716
f 10699 10716 10715
f 10700 10685 10701
f 10700 10701 10716
f 10701 10702 10718
f 10701 10718 10717
f 10702 10703 10719
f 10702 10719 10718
f 10703 10704 10720
f 10703 10720 10719
f 10704 10705 10721
f 10704 10721 10720
f 10705 10706 10722
f 10705 10722 10721
f 10706 10707 10723
f 10706 10723 10722
f 10707 10708 10724
f 10707 10724 10723
f 10708 10709 10725
f 10708 10725 10724
f 10709 10710 10726
f 10709 10726 10725
f 10710 10711 10727
f 10710 10727 10726
f 10711 10712 10728
f 10711 10728 10727
f 10712 10713 10729
f 10712 10729 10728
f 10713 10714 10730
f 10713 10730 10729
f 10714 10715 10731
f 10714 10731 10730
f 10715 10716 10732
f 10715 10732 10731
f 10716 10701 10717
f 10716 10717 10732
f 10717 10718 10734
f 10717 10734 10733
f 10718 10719 10735
f 10718 10735 10734
f 10719 10720 10736
f 10719 10736 10735
f 10720 10721 10737
f 10720 10737 10736
f 10721 10722 10738
f 10721 10738 10737
f 10722 10723 10739
f 10722 10739 10738
f 10723 10724 10740
f 10723 10740 10739
f 10724 10725 10741
f 10724 10741 10740
f 10725 10726 10742
f 10725 10742 10741
f 10726 10727 10743
f 10726 10743 10742
f 10727 10728 10744
f 10727 10744 10743
f 10728 10729 10745
f 10728 10745 10744
f 10729 10730 10746
f 10729 10746 10745
f 10730 10731 10747
f 10730 10747 10746
f 10731 10732 10748
f 10731 10748 10747
f 10732 10717 10733
f 10732 10733 10748
f 10733 10734 10750
f 10733 10750 10749
f 10734 10735 10751
f 10734 10751 10750
f 10735 10736 10752
f 10735 10752 10751
f 10736 10737 10753
f 10736 10753 10752
f 10737 10738 10754
f 10737 10754 10753
f 10738 10739 10755
f 10738 10755 10754
f 10739 10740 10756
f 10739 10756 10755
f 10740 10741 10757
f 10740 10757 10756
f 10741 10742 10758
f 10741 10758 10757
f 10742 10743 10759
f 10742 10759 10758
f 10743 10744 10760
f 10743 10760 10759
f 10744 10745 10761
f 10744 10761 10760
f 10745 10746 10762
f 10745 10762 10761
f 10746 10747 10763
f 10746 10763 10762
f 10747 10748 10764
f 10747 10764 10763
f 10748 10733 10749
f 10748 10749 10764
f 10749 10750 10766
f 10749 10766 10765
f 10750 10751 10767
f 10750 10767 10766
f 10751 10752 10768
f 10751 10768 10767
f 10752 10753 10769
f 10752 10769 10768
f 10753 10754 10770
f 10753 10770 10769
f 10754 10755 10771
f 10754 10771 10770
f 10755 10756 10772
f 10755 10772 10771
f 10756 10757 10773
f 10756 10773 10772
f 10757 10758 10774
f 10757 10774 10773
f 10758 10759 10775
f 10758 10775 10774
f 10759 10760 10776
f 10759 10776 10775
f 10760 10761 10777
f 10760 10777 10776
f 10761 10762 10778
f 10761 10778 10777
f 10762 10763 10779
f 10762 10779 10778
f 10763 10764 10780
f 10763 10780 10779
f 10764 10749 10765
f 10764 10765 10780
f 10765 10766 10782
f 10765 10782 10781
f 10766 10767 10783
f 10766 10783 10782
f 10767 10768 10784
f 10767 10784 10783
f 10768 10769 10785
f 10768 10785 10784
f 10769 10770 10786
f 10769 10786 10785
f 10770 10771 10787
f 10770 10787 10786
f 10771 10772 10788
f 10771 10788 10787
f 10772 10773 10789
f 10772 10789 10788
f 10773 10774 10790
f 10773 10790 10789
f 10774 10775 10791
f 10774 10791 10790
f 10775 10776 10792
f 10775 10792 10791
f 10776 10777 10793
f 10776 10793 10792
f 10777 10778 10794
f 10777 10794 10793
f 10778 10779 10795
f 10778 10795 10794
f 10779 10780 10796
f 10779 10796 10795
f 10780 10765 10781
f 10780 10781 10796
f 10781 10782 10798
f 10781 10798 10797
f 10782 10783 10799
f 10782 10799 10798
f 10783 10784 10800
f 10783 10800 10799
f 10784 10785 10801
f 10784 10801 10800
f 10785 10786 10802
f 10785 10802 10801
f 10786 10787 10803
f 10786 10803 10802
f 10787 10788 10804
f 10787 10804 10803
f 10788 10789 10805
f 10788 10805 10804
f 10789 10790 10806
f 10789 10806 10805
f 10790 10791 10807
f 10790 10807 10806
f 10791 10792 10808
f 10791 10808 10807
f 10792 10793 10809
f 10792 10809 10808
f 10793 10794 10810
f 10793 10810 10809
f 10794 10795 10811
f 10794 10811 10810
f 10795 10796 10812
f 10795 10812 10811
f 10796 10781 10797
f 10796 10797 10812
f 10797 10798 10814
f 10797 10814 10813
f 10798 10799 10815
f 10798 10815 10814
f 10799 10800 10816
f 10799 10816 10815
f 10800 10801 10817
f 10800 10817 10816
f 10801 10802 10818
f 10801 10818 10817
f 10802 10803 10819
f 10802 10819 10818
f 10803 10804 10820
f 10803 10820 10819
f 10804 10805 10821
f 10804 10821 10820
f 10805 10806 10822
f 10805 10822 10821
f 10806 10807 10823
f 10806 10823 10822
f 10807 10808 10824
f 10807 10824 10823
f 10808 10809 10825
f 10808 10825 10824
f 10809 10810 10826
f 10809 10826 10825
f 10810 10811 10827
f 10810 10827 10826
f 10811 10812 10828
f 10811 10828 10827
f 10812 10797 10813
f 10812 10813 10828
f 10813 10814 10830
f 10813 10830 10829
f 10814 10815 10831
f 10814 10831 10830
f 10815 10816 10832
f 10815 10832 10831
f 10816 10817 10833
f 10816 10833 10832
f 10817 10818 10834
f 10817 10834 10833
f 10818 10819 10835
f 10818 10835 10834
f 10819 10820 10836
f 10819 10836 10835
f 10820 10821 10837
f 10820 10837 10836
f 10821 10822 10838
f 10821 10838 10837
f 10822 10823 10839
f 10822 10839 10838
f 10823 10824 10840
f 10823 10840 10839
f 10824 10825 10841
f 10824 10841 10840
f 10825 10826 10842
f 10825 10842 10841
f 10826 10827 10843
f 10826 10843 10842
f 10827 10828 10844
f 10827 10844 10843
f 10828 10813 10829
f 10828 10829 10844
f 10829 10830 10846
f 10829 10846 10845
f 10830 10831 10847
f 10830 10847 10846
f 10831 10832 10848
f 10831 10848 10847
f 10832 10833 10849
f 10832 10849 10848
f 10833 10834 10850
f 10833 10850 10849
f 10834 10835 10851
f 10834 10851 10850
f 10835 10836 10852
f 10835 10852 10851
f 10836 10837 10853
f 10836 10853 10852
f 10837 10838 10854
f 10837 10854 10853
f 10838 10839 10855
f 10838 10855 10854
f 10839 10840 10856
f 10839 10856 10855
f 10840 10841 10857
f 10840 10857 10856
f 10841 10842 10858
f 10841 10858 10857
f 10842 10843 10859
f 10842 10859 10858
f 10843 10844 10860
f 10843 10860 10859
f 10844 10829 10845
f 10844 10845 10860
f 10845 10846 10862
f 10845 10862 10861
f 10846 10847 10863
f 10846 10863 10862
f 10847 10848 10864
f 10847 10864 10863
f 10848 10849 10865
f 10848 10865 10864
f 10849 10850 10866
f 10849 10866 10865
f 10850 10851 10867
f 10850 10867 10866
f 10851 10852 10868
f 10851 10868 10867
f 10852 10853 10869
f 10852 10869 10868
f 10853 10854 10870
f 10853 10870 10869
f 10854 10855 10871
f 10854 10871 10870
f 10855 10856 10872
f 10855 10872 10871
f 10856 10857 10873
f 10856 10873 10872
f 10857 10858 10874
f 10857 10874 10873
f 10858 10859 10875
f 10858 10875 10874
f 10859 10860 10876
f 10859 10876 10875
f 10860 10845 10861
f 10860 10861 10876
f 10861 10862 10878
f 10861 10878 10877
f 10862 10863 10879
f 10862 10879 10878
f 10863 10864 10880
f 10863 10880 10879
f 10864 10865 10881
f 10864 10881 10880
f 10865 10866 10882
f 10865 10882 10881
f 10866 10867 10883
f 10866 10883 10882
f 10867 10868 10884
f 10867 10884 10883
f 10868 10869 10885
f 10868 10885 10884
f 10869 10870 10886
f 10869 10886 10885
f 10870 10871 10887
f 10870 10887 10886
f 10871 10872 10888
f 10871 10888 10887
f 10872 10873 10889
f 10872 10889 10888
f 10873 10874 10890
f 10873 10890 10889
f 10874 10875 10891
f 10874 10891 10890
f 10875 10876 10892
f 10875 10892 10891
f 10876 10861 10877
f 10876 10877 10892
f 10877 10878 10894
f 10877 10894 10893
f 10878 10879 10895
f 10878 10895 10894
f 10879 10880 10896
f 10879 10896 10895
f 10880 10881 10897
f 10880 10897 10896
f 10881 10882 10898
f 10881 10898 10897
f 10882 10883 10899
f 10882 10899 10898
f 10883 10884 10900
f 10883 10900 10899
f 10884 10885 10901
f 10884 10901 10900
f 10885 10886 10902
f 10885 10902 10901
f 10886 10887 10903
f 10886 10903 10902
f 10887 10888 10904
f 10887 10904 10903
f 10888 10889 10905
f 10888 10905 10904
f 10889 10890 10906
f 10889 10906 10905
f 10890 10891 10907
f 10890 10907 10906
f 10891 10892 10908
f 10891 10908 10907
f 10892 10877 10893
f 10892 10893 10908
f 10893 10894 10910
f 10893 10910 10909
f 10894 10895 10911
f 10894 10911 10910
f 10895 10896 10912
f 10895 10912 10911
f 10896 10897 10913
f 10896 10913 10912
f 10897 10898 10914
f 10897 10914 10913
f 10898 10899 10915
f 10898 10915 10914
f 10899 10900 10916
f 10899 10916 10915
f 10900 10901 10917
f 10900 10917 10916
f 10901 10902 10918
f 10901 10918 10917
f 10902 10903 10919
f 10902 10919 10918
f 10903 10904 10920
f 10903 10920 10919
f 10904 10905 10921
f 10904 10921 10920
f 10905 10906 10922
f 10905 10922 10921
f 10906 10907 10923
f 10906 10923 10922
f 10907 10908 10924
f 10907 10924 10923
f 10908 10893 10909
f 10908 10909 10924
f 10909 10910 10926
f 10909 10926 10925
f 10910 10911 10927
f 10910 10927 10926
f 10911 10912 10928
f 10911 10928 10927
f 10912 10913 10929
f 10912 10929 10928
f 10913 10914 10930
f 10913 10930 10929
f 10914 10915 10931
f 10914 10931 10930
f 10915 10916 10932
f 10915 10932 10931
f 10916 10917 10933
f 10916 10933 10932
f 10917 10918 10934
f 10917 10934 10933
f 10918 10919 10935
f 10918 10935 10934
f 10919 10920 10936
f 10919 10936 10935
f 10920 10921 10937
f 10920 10937 10936
f 10921 10922 10938
f 10921 10938 10937
f 10922 10923 10939
f 10922 10939 10938
f 10923 10924 10940
f 10923 10940 10939
f 10924 10909 10925
f 10924 10925 10940
f 10925 10926 10942
f 10925 10942 10941
f 10926 10927 10943
f 10926 10943 10942
f 10927 10928 10944
f 10927 10944 10943
f 10928 10929 10945
f 10928 10945 10944
f 10929 10930 10946
f 10929 10946 10945
f 10930 10931 10947
f 10930 10947 10946
f 10931 10932 10948
f 10931 10948 10947
f 10932 10933 10949
f 10932 10949 10948
f 10933 10934 10950
f 10933 10950 10949
f 10934 10935 10951
f 10934 10951 10950
f 10935 10936 10952
f 10935 10952 10951
f 10936 10937 10953
f 10936 10953 10952
f 10937 10938 10954
f 10937 10954 10953
f 10938 10939 10955
f 10938 10955 10954
f 10939 10940 10956
f 10939 10956 10955
f 10940 10925 10941
f 10940 10941 10956
f 10941 10942 10958
f 10941 10958 10957
f 10942 10943 10959
f 10942 10959 10958
f 10943 10944 10960
f 10943 10960 10959
f 10944 10945 10961
f 10944 10961 10960
f 10945 10946 10962
f 10945 10962 10961
f 10946 10947 10963
f 10946 10963 10962
f 10947 10948 10964
f 10947 10964 10963
f 10948 10949 10965
f 10948 10965 10964
f 10949 10950 10966
f 10949 10966 10965
f 10950 10951 10967
f 10950 10967 10966
f 10951 10952 10968
f 10951 10968 10967
f 10952 10953 10969
f 10952 10969 10968
f 10953 10954 10970
f 10953 10970 10969
f 10954 10955 10971
f 10954 10971 10970
f 10955 10956 10972
f 10955 10972 10971
f 10956 10941 10957
f 10956 10957 10972
f 10957 10958 10974
f 10957 10974 10973
f 10958 10959 10975
f 10958 10975 10974
f 10959 10960 10976
f 10959 10976 10975
f 10960 10961 10977
f 10960 10977 10976
f 10961 10962 10978
f 10961 10978 10977
f 10962 10963 10979
f 10962 10979 10978
f 10963 10964 10980
f 10963 10980 10979
f 10964 10965 10981
f 10964 10981 10980
f 10965 10966 10982
f 10965 10982 10981
f 10966 10967 10983
f 10966 10983 10982
f 10967 10968 10984
f 10967 10984 10983
f 10968 10969 10985
f 10968 10985 10984
f 10969 10970 10986
f 10969 10986 10985
f 10970 10971 10987
f 10970 10987 10986
f 10971 10972 10988
f 10971 10988 10987
f 10972 10957 10973
f 10972 10973 10988
f 10973 10974 10990
f 10973 10990 10989
f 10974 10975 10991
f 10974 10991 10990
f 10975 10976 10992
f 10975 10992 10991
f 10976 10977 10993
f 10976 10993 10992
f 10977 10978 10994
f 10977 10994 10993
f 10978 10979 10995
f 10978 10995 10994
f 10979 10980 10996
f 10979 10996 10995
f 10980 10981 10997
f 10980 10997 10996
f 10981 10982 10998
f 10981 10998 10997
f 10982 10983 10999
f 10982 10999 10998
f 10983 10984 11000
f 10983 11000 10999
f 10984 10985 11001
f 10984 11001 11000
f 10985 10986 11002
f 10985 11002 11001
f 10986 10987 11003
f 10986 11003 11002
f 10987 10988 11004
f 10987 11004 11003
f 10988 10973 10989
f 10988 10989 11004
f 10989 10990 11006
f 10989 11006 11005
f 10990 10991 11007
f 10990 11007 11006
f 10991 10992 11008
f 10991 11008 11007
f 10992 10993 11009
f 10992 11009 11008
f 10993 10994 11010
f 10993 11010 11009
f 10994 10995 11011
f 10994 11011 11010
f 10995 10996 11012
f 10995 11012 11011
f 10996 10997 11013
f 10996 11013 11012
f 10997 10998 11014
f 10997 11014 11013
f 10998 10999 11015
f 10998 11015 11014
f 10999 11000 11016
f 10999 11016 11015
f 11000 11001 11017
f 11000 11017 11016
f 11001 11002 11018
f 11001 11018 11017
f 11002 11003 11019
f 11002 11019 11018
f 11003 11004 11020
f 11003 11020 11019
f 11004 10989 11005
f 11004 11005 11020
f 11005 11006 11022
f 11005 11022 11021
f 11006 11007 11023
f 11006 11023 11022
f 11007 11008 11024
f 11007 11024 11023
f 11008 11009 11025
f 11008 11025 11024
f 11009 11010 11026
f 11009 11026 11025
f 11010 11011 11027
f 11010 11027 11026
f 11011 11012 11028
f 11011 11028 11027
f 11012 11013 11029
f 11012 11029 11028
f 11013 11014 11030
f 11013 11030 11029
f 11014 11015 11031
f 11014 11031 11030
f 11015 11016 11032
f 11015 11032 11031
f 11016 11017 11033
f 11016 11033 11032
f 11017 11018 11034
f 11017 11034 11033
f 11018 11019 11035
f 11018 11035 11034
f 11019 11020 11036
f 11019 11036 11035
f 11020 11005 11021
f 11020 11021 11036
f 11021 11022 11038
f 11021 11038 11037
f 11022 11023 11039
f 11022 11039 11038
f 11023 11024 11040
f 11023 11040 11039
f 11024 11025 11041
f 11024 11041 11040
f 11025 11026 11042
f 11025 11042 11041
f 11026 11027 11043
f 11026 11043 11042
f 11027 11028 11044
f 11027 11044 11043
f 11028 11029 11045
f 11028 11045 11044
f 11029 11030 11046
f 11029 11046 11045
f 11030 11031 11047
f 11030 11047 11046
f 11031 11032 11048
f 11031 11048 11047
f 11032 11033 11049
f 11032 11049 11048
f 11033 11034 11050
f 11033 11050 11049
f 11034 11035 11051
f 11034 11051 11050
f 11035 11036 11052
f 11035 11052 11051
f 11036 11021 11037
f 11036 11037 11052
f 11053 10654 10653
f 11053 10655 10654
f 11053 10656 10655
f 11053 10657 10656
f 11053 10658 10657
f 11053 10659 10658
f 11053 10660 10659
f 11053 10661 10660
f 11053 10662 10661
f 11053 10663 10662
f 11053 10664 10663
f 11053 10665 10664
f 11053 10666 10665
f 11053 10667 10666
f 11053 10668 10667
f 11053 10653 10668
f 11054 11037 11038
f 11054 11038 11039
f 11054 11039 11040
f 11054 11040 11041
f 11054 11041 11042
f 11054 11042 11043
f 11054 11043 11044
f 11054 11044 11045
f 11054 11045 11046
f 11054 11046 11047
f 11054 11047 11048
f 11054 11048 11049
f 11054 11049 11050
f 11054 11050 11051
f 11054 11051 11052
f 11054 11052 11037
o Waycaster_Feedback
usemtl survey_light
s 1
v 0.00291 4.46623 0.61837
v 0.00269 4.46623 0.61760
v 0.00206 4.46623 0.61694
v 0.00112 4.46623 0.61650
v 0.00000 4.46623 0.61635
v -0.00112 4.46623 0.61650
v -0.00206 4.46623 0.61694
v -0.00269 4.46623 0.61760
v -0.00291 4.46623 0.61837
v -0.00269 4.46623 0.61915
v -0.00206 4.46623 0.61981
v -0.00112 4.46623 0.62025
v -0.00000 4.46623 0.62040
v 0.00112 4.46623 0.62025
v 0.00206 4.46623 0.61981
v 0.00269 4.46623 0.61915
v 0.01450 4.46643 0.61837
v 0.01340 4.46643 0.61500
v 0.01025 4.46643 0.61213
v 0.00555 4.46643 0.61022
v 0.00000 4.46643 0.60955
v -0.00555 4.46643 0.61022
v -0.01025 4.46643 0.61213
v -0.01340 4.46643 0.61500
v -0.01450 4.46643 0.61837
v -0.01340 4.46643 0.62175
v -0.01025 4.46643 0.62462
v -0.00555 4.46643 0.62653
v -0.00000 4.46643 0.62720
v 0.00555 4.46643 0.62653
v 0.01025 4.46643 0.62462
v 0.01340 4.46643 0.62175
v 0.03094 4.46675 0.61837
v 0.02859 4.46675 0.61117
v 0.02188 4.46675 0.60506
v 0.01184 4.46675 0.60097
v 0.00000 4.46675 0.59954
v -0.01184 4.46675 0.60097
v -0.02188 4.46675 0.60506
v -0.02859 4.46675 0.61117
v -0.03094 4.46675 0.61837
v -0.02859 4.46675 0.62558
v -0.02188 4.46675 0.63169
v -0.01184 4.46675 0.63578
v -0.00000 4.46675 0.63721
v 0.01184 4.46675 0.63578
v 0.02188 4.46675 0.63169
v 0.02859 4.46675 0.62558
v 0.04662 4.46724 0.61837
v 0.04308 4.46724 0.60751
v 0.03297 4.46724 0.59831
v 0.01784 4.46724 0.59215
v 0.00000 4.46724 0.58999
v -0.01784 4.46724 0.59215
v -0.03297 4.46724 0.59831
v -0.04308 4.46724 0.60751
v -0.04662 4.46724 0.61837
v -0.04308 4.46724 0.62924
v -0.03297 4.46724 0.63844
v -0.01784 4.46724 0.64459
v -0.00000 4.46724 0.64675
v 0.01784 4.46724 0.64459
v 0.03297 4.46724 0.63844
v 0.04308 4.46724 0.62924
v 0.05987 4.46796 0.61837
v 0.05531 4.46796 0.60443
v 0.04233 4.46796 0.59261
v 0.02291 4.46796 0.58471
v 0.00000 4.46796 0.58193
v -0.02291 4.46796 0.58471
v -0.04233 4.46796 0.59261
v -0.05531 4.46796 0.60443
v -0.05987 4.46796 0.61837
v -0.05531 4.46796 0.63232
v -0.04233 4.46796 0.64414
v -0.02291 4.46796 0.65204
v -0.00000 4.46796 0.65482
v 0.02291 4.46796 0.65204
v 0.04233 4.46796 0.64414
v 0.05531 4.46796 0.63232
v 0.07235 4.46886 0.61837
v 0.06684 4.46886 0.60152
v 0.05116 4.46886 0.58724
v 0.02769 4.46886 0.57769
v 0.00000 4.46886 0.57434
v -0.02769 4.46886 0.57769
v -0.05116 4.46886 0.58724
v -0.06684 4.46886 0.60152
v -0.07235 4.46886 0.61837
v -0.06684 4.46886 0.63523
v -0.05116 4.46886 0.64951
v -0.02769 4.46886 0.65906
v -0.00000 4.46886 0.66241
v 0.02769 4.46886 0.65906
v 0.05116 4.46886 0.64951
v 0.06684 4.46886 0.63523
v 0.08346 4.46990 0.61837
v 0.07710 4.46990 0.59893
v 0.05901 4.46990 0.58245
v 0.03194 4.46990 0.57144
v 0.00000 4.46990 0.56757
v -0.03194 4.46990 0.57144
v -0.05901 4.46990 0.58245
v -0.07710 4.46990 0.59893
v -0.08346 4.46990 0.61837
v -0.07710 4.46990 0.63781
v -0.05901 4.46990 0.65430
v -0.03194 4.46990 0.66531
v -0.00000 4.46990 0.66917
v 0.03194 4.46990 0.66531
v 0.05901 4.46990 0.65430
v 0.07710 4.46990 0.63781
v 0.09313 4.47108 0.61837
v 0.08604 4.47108 0.59668
v 0.06586 4.47108 0.57829
v 0.03564 4.47108 0.56600
v 0.00000 4.47108 0.56168
v -0.03564 4.47108 0.56600
v -0.06586 4.47108 0.57829
v -0.08604 4.47108 0.59668
v -0.09313 4.47108 0.61837
v -0.08604 4.47108 0.64007
v -0.06586 4.47108 0.65846
v -0.03564 4.47108 0.67075
v -0.00000 4.47108 0.67506
v 0.03564 4.47108 0.67075
v 0.06586 4.47108 0.65846
v 0.08604 4.47108 0.64007
v 0.10144 4.47241 0.61837
v 0.09372 4.47241 0.59474
v 0.07173 4.47241 0.57471
v 0.03882 4.47241 0.56133
v 0.00000 4.47241 0.55663
v -0.03882 4.47241 0.56133
v -0.07173 4.47241 0.57471
v -0.09372 4.47241 0.59474
v -0.10144 4.47241 0.61837
v -0.09372 4.47241 0.64200
v -0.07173 4.47241 0.66204
v -0.03882 4.47241 0.67542
v -0.00000 4.47241 0.68012
v 0.03882 4.47241 0.67542
v 0.07173 4.47241 0.66204
v 0.09372 4.47241 0.64200
v 0.10798 4.47381 0.61837
v 0.09976 4.47381 0.59322
v 0.07635 4.47381 0.57190
v 0.04132 4.47381 0.55765
v 0.00000 4.47381 0.55265
v -0.04132 4.47381 0.55765
v -0.07635 4.47381 0.57190
v -0.09976 4.47381 0.59322
v -0.10798 4.47381 0.61837
v -0.09976 4.47381 0.64353
v -0.07635 4.47381 0.66485
v -0.04132 4.47381 0.67910
v -0.00000 4.47381 0.68410
v 0.04132 4.47381 0.67910
v 0.07635 4.47381 0.66485
v 0.09976 4.47381 0.64353
v 0.11266 4.47529 0.61837
v 0.10409 4.47529 0.59213
v 0.07967 4.47529 0.56988
v 0.04311 4.47529 0.55502
v 0.00000 4.47529 0.54980
v -0.04311 4.47529 0.55502
v -0.07967 4.47529 0.56988
v -0.10409 4.47529 0.59213
v -0.11266 4.47529 0.61837
v -0.10409 4.47529 0.64462
v -0.07967 4.47529 0.66687
v -0.04311 4.47529 0.68173
v -0.00000 4.47529 0.68695
v 0.04311 4.47529 0.68173
v 0.07967 4.47529 0.66687
v 0.10409 4.47529 0.64462
v 0.11558 4.47684 0.61837
v 0.10678 4.47684 0.59145
v 0.08172 4.47684 0.56863
v 0.04423 4.47684 0.55338
v 0.00000 4.47684 0.54802
v -0.04423 4.47684 0.55338
v -0.08172 4.47684 0.56863
v -0.10678 4.47684 0.59145
v -0.11558 4.47684 0.61837
v -0.10678 4.47684 0.64530
v -0.08172 4.47684 0.66812
v -0.04423 4.47684 0.68337
v -0.00000 4.47684 0.68873
v 0.04423 4.47684 0.68337
v 0.08172 4.47684 0.66812
v 0.10678 4.47684 0.64530
v 0.11658 4.47839 0.61837
v 0.10770 4.47839 0.59122
v 0.08243 4.47839 0.56820
v 0.04461 4.47839 0.55282
v 0.00000 4.47839 0.54741
v -0.04461 4.47839 0.55282
v -0.08243 4.47839 0.56820
v -0.10770 4.47839 0.59122
v -0.11658 4.47839 0.61837
v -0.10770 4.47839 0.64553
v -0.08243 4.47839 0.66855
v -0.04461 4.47839 0.68393
v -0.00000 4.47839 0.68934
v 0.04461 4.47839 0.68393
v 0.08243 4.47839 0.66855
v 0.10770 4.47839 0.64553
v 0.11558 4.47995 0.61837
v 0.10678 4.47995 0.59145
v 0.08172 4.47995 0.56863
v 0.04423 4.47995 0.55338
v 0.00000 4.47995 0.54802
v -0.04423 4.47995 0.55338
v -0.08172 4.47995 0.56863
v -0.10678 4.47995 0.59145
v -0.11558 4.47995 0.61837
v -0.10678 4.47995 0.64530
v -0.08172 4.47995 0.66812
v -0.04423 4.47995 0.68337
v -0.00000 4.47995 0.68873
v 0.04423 4.47995 0.68337
v 0.08172 4.47995 0.66812
v 0.10678 4.47995 0.64530
v 0.11266 4.48150 0.61837
v 0.10409 4.48150 0.59213
v 0.07967 4.48150 0.56988
v 0.04311 4.48150 0.55502
v 0.00000 4.48150 0.54980
v -0.04311 4.48150 0.55502
v -0.07967 4.48150 0.56988
v -0.10409 4.48150 0.59213
v -0.11266 4.48150 0.61837
v -0.10409 4.48150 0.64462
v -0.07967 4.48150 0.66687
v -0.04311 4.48150 0.68173
v -0.00000 4.48150 0.68695
v 0.04311 4.48150 0.68173
v 0.07967 4.48150 0.66687
v 0.10409 4.48150 0.64462
v 0.10798 4.48298 0.61837
v 0.09976 4.48298 0.59322
v 0.07635 4.48298 0.57190
v 0.04132 4.48298 0.55765
v 0.00000 4.48298 0.55265
v -0.04132 4.48298 0.55765
v -0.07635 4.48298 0.57190
v -0.09976 4.48298 0.59322
v -0.10798 4.48298 0.61837
v -0.09976 4.48298 0.64353
v -0.07635 4.48298 0.66485
v -0.04132 4.48298 0.67910
v -0.00000 4.48298 0.68410
v 0.04132 4.48298 0.67910
v 0.07635 4.48298 0.66485
v 0.09976 4.48298 0.64353
v 0.10144 4.48438 0.61837
v 0.09372 4.48438 0.59474
v 0.07173 4.48438 0.57471
v 0.03882 4.48438 0.56133
v 0.00000 4.48438 0.55663
v -0.03882 4.48438 0.56133
v -0.07173 4.48438 0.57471
v -0.09372 4.48438 0.59474
v -0.10144 4.48438 0.61837
v -0.09372 4.48438 0.64200
v -0.07173 4.48438 0.66204
v -0.03882 4.48438 0.67542
v -0.00000 4.48438 0.68012
v 0.03882 4.48438 0.67542
v 0.07173 4.48438 0.66204
v 0.09372 4.48438 0.64200
v 0.09313 4.48570 0.61837
v 0.08604 4.48570 0.59668
v 0.06586 4.48570 0.57829
v 0.03564 4.48570 0.56600
v 0.00000 4.48570 0.56168
v -0.03564 4.48570 0.56600
v -0.06586 4.48570 0.57829
v -0.08604 4.48570 0.59668
v -0.09313 4.48570 0.61837
v -0.08604 4.48570 0.64007
v -0.06586 4.48570 0.65846
v -0.03564 4.48570 0.67075
v -0.00000 4.48570 0.67506
v 0.03564 4.48570 0.67075
v 0.06586 4.48570 0.65846
v 0.08604 4.48570 0.64007
v 0.08346 4.48689 0.61837
v 0.07710 4.48689 0.59893
v 0.05901 4.48689 0.58245
v 0.03194 4.48689 0.57144
v 0.00000 4.48689 0.56757
v -0.03194 4.48689 0.57144
v -0.05901 4.48689 0.58245
v -0.07710 4.48689 0.59893
v -0.08346 4.48689 0.61837
v -0.07710 4.48689 0.63781
v -0.05901 4.48689 0.65430
v -0.03194 4.48689 0.66531
v -0.00000 4.48689 0.66917
v 0.03194 4.48689 0.66531
v 0.05901 4.48689 0.65430
v 0.07710 4.48689 0.63781
v 0.07235 4.48793 0.61837
v 0.06684 4.48793 0.60152
v 0.05116 4.48793 0.58724
v 0.02769 4.48793 0.57769
v 0.00000 4.48793 0.57434
v -0.02769 4.48793 0.57769
v -0.05116 4.48793 0.58724
v -0.06684 4.48793 0.60152
v -0.07235 4.48793 0.61837
v -0.06684 4.48793 0.63523
v -0.05116 4.48793 0.64951
v -0.02769 4.48793 0.65906
v -0.00000 4.48793 0.66241
v 0.02769 4.48793 0.65906
v 0.05116 4.48793 0.64951
v 0.06684 4.48793 0.63523
v 0.05987 4.48883 0.61837
v 0.05531 4.48883 0.60443
v 0.04233 4.48883 0.59261
v 0.02291 4.48883 0.58471
v 0.00000 4.48883 0.58193
v -0.02291 4.48883 0.58471
v -0.04233 4.48883 0.59261
v -0.05531 4.48883 0.60443
v -0.05987 4.48883 0.61837
v -0.05531 4.48883 0.63232
v -0.04233 4.48883 0.64414
v -0.02291 4.48883 0.65204
v -0.00000 4.48883 0.65482
v 0.02291 4.48883 0.65204
v 0.04233 4.48883 0.64414
v 0.05531 4.48883 0.63232
v 0.04662 4.48954 0.61837
v 0.04308 4.48954 0.60751
v 0.03297 4.48954 0.59831
v 0.01784 4.48954 0.59215
v 0.00000 4.48954 0.58999
v -0.01784 4.48954 0.59215
v -0.03297 4.48954 0.59831
v -0.04308 4.48954 0.60751
v -0.04662 4.48954 0.61837
v -0.04308 4.48954 0.62924
v -0.03297 4.48954 0.63844
v -0.01784 4.48954 0.64459
v -0.00000 4.48954 0.64675
v 0.01784 4.48954 0.64459
v 0.03297 4.48954 0.63844
v 0.04308 4.48954 0.62924
v 0.03094 4.49004 0.61837
v 0.02859 4.49004 0.61117
v 0.02188 4.49004 0.60506
v 0.01184 4.49004 0.60097
v 0.00000 4.49004 0.59954
v -0.01184 4.49004 0.60097
v -0.02188 4.49004 0.60506
v -0.02859 4.49004 0.61117
v -0.03094 4.49004 0.61837
v -0.02859 4.49004 0.62558
v -0.02188 4.49004 0.63169
v -0.01184 4.49004 0.63578
v -0.00000 4.49004 0.63721
v 0.01184 4.49004 0.63578
v 0.02188 4.49004 0.63169
v 0.02859 4.49004 0.62558
v 0.01450 4.49035 0.61837
v 0.01340 4.49035 0.61500
v 0.01025 4.49035 0.61213
v 0.00555 4.49035 0.61022
v 0.00000 4.49035 0.60955
v -0.00555 4.49035 0.61022
v -0.01025 4.49035 0.61213
v -0.01340 4.49035 0.61500
v -0.01450 4.49035 0.61837
v -0.01340 4.49035 0.62175
v -0.01025 4.49035 0.62462
v -0.00555 4.49035 0.62653
v -0.00000 4.49035 0.62720
v 0.00555 4.49035 0.62653
v 0.01025 4.49035 0.62462
v 0.01340 4.49035 0.62175
v 0.00291 4.49055 0.61837
v 0.00269 4.49055 0.61770
v 0.00206 4.49055 0.61712
v 0.00112 4.49055 0.61674
v 0.00000 4.49055 0.61660
v -0.00112 4.49055 0.61674
v -0.00206 4.49055 0.61712
v -0.00269 4.49055 0.61770
v -0.00291 4.49055 0.61837
v -0.00269 4.49055 0.61905
v -0.00206 4.49055 0.61963
v -0.00112 4.49055 0.62001
v -0.00000 4.49055 0.62015
v 0.00112 4.49055 0.62001
v 0.00206 4.49055 0.61963
v 0.00269 4.49055 0.61905
v 0.00000 4.46623 0.61837
v 0.00000 4.49055 0.61837
f 11055 11056 11072
f 11055 11072 11071
f 11056 11057 11073
f 11056 11073 11072
f 11057 11058 11074
f 11057 11074 11073
f 11058 11059 11075
f 11058 11075 11074
f 11059 11060 11076
f 11059 11076 11075
f 11060 11061 11077
f 11060 11077 11076
f 11061 11062 11078
f 11061 11078 11077
f 11062 11063 11079
f 11062 11079 11078
f 11063 11064 11080
f 11063 11080 11079
f 11064 11065 11081
f 11064 11081 11080
f 11065 11066 11082
f 11065 11082 11081
f 11066 11067 11083
f 11066 11083 11082
f 11067 11068 11084
f 11067 11084 11083
f 11068 11069 11085
f 11068 11085 11084
f 11069 11070 11086
f 11069 11086 11085
f 11070 11055 11071
f 11070 11071 11086
f 11071 11072 11088
f 11071 11088 11087
f 11072 11073 11089
f 11072 11089 11088
f 11073 11074 11090
f 11073 11090 11089
f 11074 11075 11091
f 11074 11091 11090
f 11075 11076 11092
f 11075 11092 11091
f 11076 11077 11093
f 11076 11093 11092
f 11077 11078 11094
f 11077 11094 11093
f 11078 11079 11095
f 11078 11095 11094
f 11079 11080 11096
f 11079 11096 11095
f 11080 11081 11097
f 11080 11097 11096
f 11081 11082 11098
f 11081 11098 11097
f 11082 11083 11099
f 11082 11099 11098
f 11083 11084 11100
f 11083 11100 11099
f 11084 11085 11101
f 11084 11101 11100
f 11085 11086 11102
f 11085 11102 11101
f 11086 11071 11087
f 11086 11087 11102
f 11087 11088 11104
f 11087 11104 11103
f 11088 11089 11105
f 11088 11105 11104
f 11089 11090 11106
f 11089 11106 11105
f 11090 11091 11107
f 11090 11107 11106
f 11091 11092 11108
f 11091 11108 11107
f 11092 11093 11109
f 11092 11109 11108
f 11093 11094 11110
f 11093 11110 11109
f 11094 11095 11111
f 11094 11111 11110
f 11095 11096 11112
f 11095 11112 11111
f 11096 11097 11113
f 11096 11113 11112
f 11097 11098 11114
f 11097 11114 11113
f 11098 11099 11115
f 11098 11115 11114
f 11099 11100 11116
f 11099 11116 11115
f 11100 11101 11117
f 11100 11117 11116
f 11101 11102 11118
f 11101 11118 11117
f 11102 11087 11103
f 11102 11103 11118
f 11103 11104 11120
f 11103 11120 11119
f 11104 11105 11121
f 11104 11121 11120
f 11105 11106 11122
f 11105 11122 11121
f 11106 11107 11123
f 11106 11123 11122
f 11107 11108 11124
f 11107 11124 11123
f 11108 11109 11125
f 11108 11125 11124
f 11109 11110 11126
f 11109 11126 11125
f 11110 11111 11127
f 11110 11127 11126
f 11111 11112 11128
f 11111 11128 11127
f 11112 11113 11129
f 11112 11129 11128
f 11113 11114 11130
f 11113 11130 11129
f 11114 11115 11131
f 11114 11131 11130
f 11115 11116 11132
f 11115 11132 11131
f 11116 11117 11133
f 11116 11133 11132
f 11117 11118 11134
f 11117 11134 11133
f 11118 11103 11119
f 11118 11119 11134
f 11119 11120 11136
f 11119 11136 11135
f 11120 11121 11137
f 11120 11137 11136
f 11121 11122 11138
f 11121 11138 11137
f 11122 11123 11139
f 11122 11139 11138
f 11123 11124 11140
f 11123 11140 11139
f 11124 11125 11141
f 11124 11141 11140
f 11125 11126 11142
f 11125 11142 11141
f 11126 11127 11143
f 11126 11143 11142
f 11127 11128 11144
f 11127 11144 11143
f 11128 11129 11145
f 11128 11145 11144
f 11129 11130 11146
f 11129 11146 11145
f 11130 11131 11147
f 11130 11147 11146
f 11131 11132 11148
f 11131 11148 11147
f 11132 11133 11149
f 11132 11149 11148
f 11133 11134 11150
f 11133 11150 11149
f 11134 11119 11135
f 11134 11135 11150
f 11135 11136 11152
f 11135 11152 11151
f 11136 11137 11153
f 11136 11153 11152
f 11137 11138 11154
f 11137 11154 11153
f 11138 11139 11155
f 11138 11155 11154
f 11139 11140 11156
f 11139 11156 11155
f 11140 11141 11157
f 11140 11157 11156
f 11141 11142 11158
f 11141 11158 11157
f 11142 11143 11159
f 11142 11159 11158
f 11143 11144 11160
f 11143 11160 11159
f 11144 11145 11161
f 11144 11161 11160
f 11145 11146 11162
f 11145 11162 11161
f 11146 11147 11163
f 11146 11163 11162
f 11147 11148 11164
f 11147 11164 11163
f 11148 11149 11165
f 11148 11165 11164
f 11149 11150 11166
f 11149 11166 11165
f 11150 11135 11151
f 11150 11151 11166
f 11151 11152 11168
f 11151 11168 11167
f 11152 11153 11169
f 11152 11169 11168
f 11153 11154 11170
f 11153 11170 11169
f 11154 11155 11171
f 11154 11171 11170
f 11155 11156 11172
f 11155 11172 11171
f 11156 11157 11173
f 11156 11173 11172
f 11157 11158 11174
f 11157 11174 11173
f 11158 11159 11175
f 11158 11175 11174
f 11159 11160 11176
f 11159 11176 11175
f 11160 11161 11177
f 11160 11177 11176
f 11161 11162 11178
f 11161 11178 11177
f 11162 11163 11179
f 11162 11179 11178
f 11163 11164 11180
f 11163 11180 11179
f 11164 11165 11181
f 11164 11181 11180
f 11165 11166 11182
f 11165 11182 11181
f 11166 11151 11167
f 11166 11167 11182
f 11167 11168 11184
f 11167 11184 11183
f 11168 11169 11185
f 11168 11185 11184
f 11169 11170 11186
f 11169 11186 11185
f 11170 11171 11187
f 11170 11187 11186
f 11171 11172 11188
f 11171 11188 11187
f 11172 11173 11189
f 11172 11189 11188
f 11173 11174 11190
f 11173 11190 11189
f 11174 11175 11191
f 11174 11191 11190
f 11175 11176 11192
f 11175 11192 11191
f 11176 11177 11193
f 11176 11193 11192
f 11177 11178 11194
f 11177 11194 11193
f 11178 11179 11195
f 11178 11195 11194
f 11179 11180 11196
f 11179 11196 11195
f 11180 11181 11197
f 11180 11197 11196
f 11181 11182 11198
f 11181 11198 11197
f 11182 11167 11183
f 11182 11183 11198
f 11183 11184 11200
f 11183 11200 11199
f 11184 11185 11201
f 11184 11201 11200
f 11185 11186 11202
f 11185 11202 11201
f 11186 11187 11203
f 11186 11203 11202
f 11187 11188 11204
f 11187 11204 11203
f 11188 11189 11205
f 11188 11205 11204
f 11189 11190 11206
f 11189 11206 11205
f 11190 11191 11207
f 11190 11207 11206
f 11191 11192 11208
f 11191 11208 11207
f 11192 11193 11209
f 11192 11209 11208
f 11193 11194 11210
f 11193 11210 11209
f 11194 11195 11211
f 11194 11211 11210
f 11195 11196 11212
f 11195 11212 11211
f 11196 11197 11213
f 11196 11213 11212
f 11197 11198 11214
f 11197 11214 11213
f 11198 11183 11199
f 11198 11199 11214
f 11199 11200 11216
f 11199 11216 11215
f 11200 11201 11217
f 11200 11217 11216
f 11201 11202 11218
f 11201 11218 11217
f 11202 11203 11219
f 11202 11219 11218
f 11203 11204 11220
f 11203 11220 11219
f 11204 11205 11221
f 11204 11221 11220
f 11205 11206 11222
f 11205 11222 11221
f 11206 11207 11223
f 11206 11223 11222
f 11207 11208 11224
f 11207 11224 11223
f 11208 11209 11225
f 11208 11225 11224
f 11209 11210 11226
f 11209 11226 11225
f 11210 11211 11227
f 11210 11227 11226
f 11211 11212 11228
f 11211 11228 11227
f 11212 11213 11229
f 11212 11229 11228
f 11213 11214 11230
f 11213 11230 11229
f 11214 11199 11215
f 11214 11215 11230
f 11215 11216 11232
f 11215 11232 11231
f 11216 11217 11233
f 11216 11233 11232
f 11217 11218 11234
f 11217 11234 11233
f 11218 11219 11235
f 11218 11235 11234
f 11219 11220 11236
f 11219 11236 11235
f 11220 11221 11237
f 11220 11237 11236
f 11221 11222 11238
f 11221 11238 11237
f 11222 11223 11239
f 11222 11239 11238
f 11223 11224 11240
f 11223 11240 11239
f 11224 11225 11241
f 11224 11241 11240
f 11225 11226 11242
f 11225 11242 11241
f 11226 11227 11243
f 11226 11243 11242
f 11227 11228 11244
f 11227 11244 11243
f 11228 11229 11245
f 11228 11245 11244
f 11229 11230 11246
f 11229 11246 11245
f 11230 11215 11231
f 11230 11231 11246
f 11231 11232 11248
f 11231 11248 11247
f 11232 11233 11249
f 11232 11249 11248
f 11233 11234 11250
f 11233 11250 11249
f 11234 11235 11251
f 11234 11251 11250
f 11235 11236 11252
f 11235 11252 11251
f 11236 11237 11253
f 11236 11253 11252
f 11237 11238 11254
f 11237 11254 11253
f 11238 11239 11255
f 11238 11255 11254
f 11239 11240 11256
f 11239 11256 11255
f 11240 11241 11257
f 11240 11257 11256
f 11241 11242 11258
f 11241 11258 11257
f 11242 11243 11259
f 11242 11259 11258
f 11243 11244 11260
f 11243 11260 11259
f 11244 11245 11261
f 11244 11261 11260
f 11245 11246 11262
f 11245 11262 11261
f 11246 11231 11247
f 11246 11247 11262
f 11247 11248 11264
f 11247 11264 11263
f 11248 11249 11265
f 11248 11265 11264
f 11249 11250 11266
f 11249 11266 11265
f 11250 11251 11267
f 11250 11267 11266
f 11251 11252 11268
f 11251 11268 11267
f 11252 11253 11269
f 11252 11269 11268
f 11253 11254 11270
f 11253 11270 11269
f 11254 11255 11271
f 11254 11271 11270
f 11255 11256 11272
f 11255 11272 11271
f 11256 11257 11273
f 11256 11273 11272
f 11257 11258 11274
f 11257 11274 11273
f 11258 11259 11275
f 11258 11275 11274
f 11259 11260 11276
f 11259 11276 11275
f 11260 11261 11277
f 11260 11277 11276
f 11261 11262 11278
f 11261 11278 11277
f 11262 11247 11263
f 11262 11263 11278
f 11263 11264 11280
f 11263 11280 11279
f 11264 11265 11281
f 11264 11281 11280
f 11265 11266 11282
f 11265 11282 11281
f 11266 11267 11283
f 11266 11283 11282
f 11267 11268 11284
f 11267 11284 11283
f 11268 11269 11285
f 11268 11285 11284
f 11269 11270 11286
f 11269 11286 11285
f 11270 11271 11287
f 11270 11287 11286
f 11271 11272 11288
f 11271 11288 11287
f 11272 11273 11289
f 11272 11289 11288
f 11273 11274 11290
f 11273 11290 11289
f 11274 11275 11291
f 11274 11291 11290
f 11275 11276 11292
f 11275 11292 11291
f 11276 11277 11293
f 11276 11293 11292
f 11277 11278 11294
f 11277 11294 11293
f 11278 11263 11279
f 11278 11279 11294
f 11279 11280 11296
f 11279 11296 11295
f 11280 11281 11297
f 11280 11297 11296
f 11281 11282 11298
f 11281 11298 11297
f 11282 11283 11299
f 11282 11299 11298
f 11283 11284 11300
f 11283 11300 11299
f 11284 11285 11301
f 11284 11301 11300
f 11285 11286 11302
f 11285 11302 11301
f 11286 11287 11303
f 11286 11303 11302
f 11287 11288 11304
f 11287 11304 11303
f 11288 11289 11305
f 11288 11305 11304
f 11289 11290 11306
f 11289 11306 11305
f 11290 11291 11307
f 11290 11307 11306
f 11291 11292 11308
f 11291 11308 11307
f 11292 11293 11309
f 11292 11309 11308
f 11293 11294 11310
f 11293 11310 11309
f 11294 11279 11295
f 11294 11295 11310
f 11295 11296 11312
f 11295 11312 11311
f 11296 11297 11313
f 11296 11313 11312
f 11297 11298 11314
f 11297 11314 11313
f 11298 11299 11315
f 11298 11315 11314
f 11299 11300 11316
f 11299 11316 11315
f 11300 11301 11317
f 11300 11317 11316
f 11301 11302 11318
f 11301 11318 11317
f 11302 11303 11319
f 11302 11319 11318
f 11303 11304 11320
f 11303 11320 11319
f 11304 11305 11321
f 11304 11321 11320
f 11305 11306 11322
f 11305 11322 11321
f 11306 11307 11323
f 11306 11323 11322
f 11307 11308 11324
f 11307 11324 11323
f 11308 11309 11325
f 11308 11325 11324
f 11309 11310 11326
f 11309 11326 11325
f 11310 11295 11311
f 11310 11311 11326
f 11311 11312 11328
f 11311 11328 11327
f 11312 11313 11329
f 11312 11329 11328
f 11313 11314 11330
f 11313 11330 11329
f 11314 11315 11331
f 11314 11331 11330
f 11315 11316 11332
f 11315 11332 11331
f 11316 11317 11333
f 11316 11333 11332
f 11317 11318 11334
f 11317 11334 11333
f 11318 11319 11335
f 11318 11335 11334
f 11319 11320 11336
f 11319 11336 11335
f 11320 11321 11337
f 11320 11337 11336
f 11321 11322 11338
f 11321 11338 11337
f 11322 11323 11339
f 11322 11339 11338
f 11323 11324 11340
f 11323 11340 11339
f 11324 11325 11341
f 11324 11341 11340
f 11325 11326 11342
f 11325 11342 11341
f 11326 11311 11327
f 11326 11327 11342
f 11327 11328 11344
f 11327 11344 11343
f 11328 11329 11345
f 11328 11345 11344
f 11329 11330 11346
f 11329 11346 11345
f 11330 11331 11347
f 11330 11347 11346
f 11331 11332 11348
f 11331 11348 11347
f 11332 11333 11349
f 11332 11349 11348
f 11333 11334 11350
f 11333 11350 11349
f 11334 11335 11351
f 11334 11351 11350
f 11335 11336 11352
f 11335 11352 11351
f 11336 11337 11353
f 11336 11353 11352
f 11337 11338 11354
f 11337 11354 11353
f 11338 11339 11355
f 11338 11355 11354
f 11339 11340 11356
f 11339 11356 11355
f 11340 11341 11357
f 11340 11357 11356
f 11341 11342 11358
f 11341 11358 11357
f 11342 11327 11343
f 11342 11343 11358
f 11343 11344 11360
f 11343 11360 11359
f 11344 11345 11361
f 11344 11361 11360
f 11345 11346 11362
f 11345 11362 11361
f 11346 11347 11363
f 11346 11363 11362
f 11347 11348 11364
f 11347 11364 11363
f 11348 11349 11365
f 11348 11365 11364
f 11349 11350 11366
f 11349 11366 11365
f 11350 11351 11367
f 11350 11367 11366
f 11351 11352 11368
f 11351 11368 11367
f 11352 11353 11369
f 11352 11369 11368
f 11353 11354 11370
f 11353 11370 11369
f 11354 11355 11371
f 11354 11371 11370
f 11355 11356 11372
f 11355 11372 11371
f 11356 11357 11373
f 11356 11373 11372
f 11357 11358 11374
f 11357 11374 11373
f 11358 11343 11359
f 11358 11359 11374
f 11359 11360 11376
f 11359 11376 11375
f 11360 11361 11377
f 11360 11377 11376
f 11361 11362 11378
f 11361 11378 11377
f 11362 11363 11379
f 11362 11379 11378
f 11363 11364 11380
f 11363 11380 11379
f 11364 11365 11381
f 11364 11381 11380
f 11365 11366 11382
f 11365 11382 11381
f 11366 11367 11383
f 11366 11383 11382
f 11367 11368 11384
f 11367 11384 11383
f 11368 11369 11385
f 11368 11385 11384
f 11369 11370 11386
f 11369 11386 11385
f 11370 11371 11387
f 11370 11387 11386
f 11371 11372 11388
f 11371 11388 11387
f 11372 11373 11389
f 11372 11389 11388
f 11373 11374 11390
f 11373 11390 11389
f 11374 11359 11375
f 11374 11375 11390
f 11375 11376 11392
f 11375 11392 11391
f 11376 11377 11393
f 11376 11393 11392
f 11377 11378 11394
f 11377 11394 11393
f 11378 11379 11395
f 11378 11395 11394
f 11379 11380 11396
f 11379 11396 11395
f 11380 11381 11397
f 11380 11397 11396
f 11381 11382 11398
f 11381 11398 11397
f 11382 11383 11399
f 11382 11399 11398
f 11383 11384 11400
f 11383 11400 11399
f 11384 11385 11401
f 11384 11401 11400
f 11385 11386 11402
f 11385 11402 11401
f 11386 11387 11403
f 11386 11403 11402
f 11387 11388 11404
f 11387 11404 11403
f 11388 11389 11405
f 11388 11405 11404
f 11389 11390 11406
f 11389 11406 11405
f 11390 11375 11391
f 11390 11391 11406
f 11391 11392 11408
f 11391 11408 11407
f 11392 11393 11409
f 11392 11409 11408
f 11393 11394 11410
f 11393 11410 11409
f 11394 11395 11411
f 11394 11411 11410
f 11395 11396 11412
f 11395 11412 11411
f 11396 11397 11413
f 11396 11413 11412
f 11397 11398 11414
f 11397 11414 11413
f 11398 11399 11415
f 11398 11415 11414
f 11399 11400 11416
f 11399 11416 11415
f 11400 11401 11417
f 11400 11417 11416
f 11401 11402 11418
f 11401 11418 11417
f 11402 11403 11419
f 11402 11419 11418
f 11403 11404 11420
f 11403 11420 11419
f 11404 11405 11421
f 11404 11421 11420
f 11405 11406 11422
f 11405 11422 11421
f 11406 11391 11407
f 11406 11407 11422
f 11407 11408 11424
f 11407 11424 11423
f 11408 11409 11425
f 11408 11425 11424
f 11409 11410 11426
f 11409 11426 11425
f 11410 11411 11427
f 11410 11427 11426
f 11411 11412 11428
f 11411 11428 11427
f 11412 11413 11429
f 11412 11429 11428
f 11413 11414 11430
f 11413 11430 11429
f 11414 11415 11431
f 11414 11431 11430
f 11415 11416 11432
f 11415 11432 11431
f 11416 11417 11433
f 11416 11433 11432
f 11417 11418 11434
f 11417 11434 11433
f 11418 11419 11435
f 11418 11435 11434
f 11419 11420 11436
f 11419 11436 11435
f 11420 11421 11437
f 11420 11437 11436
f 11421 11422 11438
f 11421 11438 11437
f 11422 11407 11423
f 11422 11423 11438
f 11423 11424 11440
f 11423 11440 11439
f 11424 11425 11441
f 11424 11441 11440
f 11425 11426 11442
f 11425 11442 11441
f 11426 11427 11443
f 11426 11443 11442
f 11427 11428 11444
f 11427 11444 11443
f 11428 11429 11445
f 11428 11445 11444
f 11429 11430 11446
f 11429 11446 11445
f 11430 11431 11447
f 11430 11447 11446
f 11431 11432 11448
f 11431 11448 11447
f 11432 11433 11449
f 11432 11449 11448
f 11433 11434 11450
f 11433 11450 11449
f 11434 11435 11451
f 11434 11451 11450
f 11435 11436 11452
f 11435 11452 11451
f 11436 11437 11453
f 11436 11453 11452
f 11437 11438 11454
f 11437 11454 11453
f 11438 11423 11439
f 11438 11439 11454
f 11455 11056 11055
f 11455 11057 11056
f 11455 11058 11057
f 11455 11059 11058
f 11455 11060 11059
f 11455 11061 11060
f 11455 11062 11061
f 11455 11063 11062
f 11455 11064 11063
f 11455 11065 11064
f 11455 11066 11065
f 11455 11067 11066
f 11455 11068 11067
f 11455 11069 11068
f 11455 11070 11069
f 11455 11055 11070
f 11456 11439 11440
f 11456 11440 11441
f 11456 11441 11442
f 11456 11442 11443
f 11456 11443 11444
f 11456 11444 11445
f 11456 11445 11446
f 11456 11446 11447
f 11456 11447 11448
f 11456 11448 11449
f 11456 11449 11450
f 11456 11450 11451
f 11456 11451 11452
f 11456 11452 11453
f 11456 11453 11454
f 11456 11454 11439
o Avarin_Torso
usemtl cloth
s 1
v 0.18247 4.14386 -0.14192
v 0.15802 4.13182 -0.20670
v 0.09124 4.12300 -0.25413
v 0.00000 4.11978 -0.27149
v -0.09124 4.12300 -0.25413
v -0.15802 4.13182 -0.20670
v -0.18247 4.14386 -0.14192
v -0.15802 4.15591 -0.07714
v -0.09124 4.16472 -0.02972
v -0.00000 4.16795 -0.01236
v 0.09124 4.16472 -0.02972
v 0.15802 4.15591 -0.07714
v 0.19073 4.20243 -0.15281
v 0.16518 4.19026 -0.21909
v 0.09537 4.18134 -0.26762
v 0.00000 4.17808 -0.28538
v -0.09537 4.18134 -0.26762
v -0.16518 4.19026 -0.21909
v -0.19073 4.20243 -0.15281
v -0.16518 4.21461 -0.08653
v -0.09537 4.22353 -0.03800
v -0.00000 4.22679 -0.02024
v 0.09537 4.22353 -0.03800
v 0.16518 4.21461 -0.08653
v 0.20237 4.28691 -0.16820
v 0.17526 4.27528 -0.23668
v 0.10119 4.26676 -0.28681
v 0.00000 4.26364 -0.30516
v -0.10119 4.26676 -0.28681
v -0.17526 4.27528 -0.23668
v -0.20237 4.28691 -0.16820
v -0.17526 4.29854 -0.09973
v -0.10119 4.30706 -0.04960
v -0.00000 4.31018 -0.03125
v 0.10119 4.30706 -0.04960
v 0.17526 4.29854 -0.09973
v 0.21288 4.37702 -0.18247
v 0.18436 4.36714 -0.25274
v 0.10644 4.35991 -0.30418
v 0.00000 4.35726 -0.32301
v -0.10644 4.35991 -0.30418
v -0.18436 4.36714 -0.25274
v -0.21288 4.37702 -0.18247
v -0.18436 4.38690 -0.11220
v -0.10644 4.39413 -0.06076
v -0.00000 4.39678 -0.04193
v 0.10644 4.39413 -0.06076
v 0.18436 4.38690 -0.11220
v 0.22415 4.47652 -0.19486
v 0.19412 4.46828 -0.26610
v 0.11207 4.46225 -0.31825
v 0.00000 4.46005 -0.33734
v -0.11207 4.46225 -0.31825
v -0.19412 4.46828 -0.26610
v -0.22415 4.47652 -0.19486
v -0.19412 4.48475 -0.12362
v -0.11207 4.49078 -0.07147
v -0.00000 4.49299 -0.05239
v 0.11207 4.49078 -0.07147
v 0.19412 4.48475 -0.12362
v 0.23428 4.58164 -0.20612
v 0.20290 4.57465 -0.27768
v 0.11714 4.56953 -0.33007
v 0.00000 4.56765 -0.34924
v -0.11714 4.56953 -0.33007
v -0.20290 4.57465 -0.27768
v -0.23428 4.58164 -0.20612
v -0.20290 4.58864 -0.13457
v -0.11714 4.59376 -0.08218
v -0.00000 4.59563 -0.06301
v 0.11714 4.59376 -0.08218
v 0.20290 4.58864 -0.13457
v 0.23316 4.66086 -0.21288
v 0.20192 4.65717 -0.28375
v 0.11658 4.65447 -0.33562
v 0.00000 4.65348 -0.35461
v -0.11658 4.65447 -0.33562
v -0.20192 4.65717 -0.28375
v -0.23316 4.66086 -0.21288
v -0.20192 4.66456 -0.14202
v -0.11658 4.66726 -0.09014
v -0.00000 4.66825 -0.07115
v 0.11658 4.66726 -0.09014
v 0.20192 4.66456 -0.14202
v 0.21063 4.69691 -0.21213
v 0.18241 4.70567 -0.27952
v 0.10532 4.71209 -0.32885
v 0.00000 4.71444 -0.34691
v -0.10532 4.71209 -0.32885
v -0.18241 4.70567 -0.27952
v -0.21063 4.69691 -0.21213
v -0.18241 4.68814 -0.14474
v -0.10532 4.68172 -0.09541
v -0.00000 4.67938 -0.07735
v 0.10532 4.68172 -0.09541
v 0.18241 4.68814 -0.14474
v 0.17684 4.70705 -0.20688
v 0.15315 4.74149 -0.26061
v 0.08842 4.76671 -0.29995
v 0.00000 4.77594 -0.31435
v -0.08842 4.76671 -0.29995
v -0.15315 4.74149 -0.26061
v -0.17684 4.70705 -0.20688
v -0.15315 4.67260 -0.15314
v -0.08842 4.64738 -0.11380
v -0.00000 4.63815 -0.09941
v 0.08842 4.64738 -0.11380
v 0.15315 4.67260 -0.15314
v 0.15206 4.71155 -0.20275
v 0.13169 4.75265 -0.24758
v 0.07603 4.78274 -0.28040
v 0.00000 4.79375 -0.29242
v -0.07603 4.78274 -0.28040
v -0.13169 4.75265 -0.24758
v -0.15206 4.71155 -0.20275
v -0.13169 4.67045 -0.15791
v -0.07603 4.64036 -0.12509
v -0.00000 4.62935 -0.11307
v 0.07603 4.64036 -0.12509
v 0.13169 4.67045 -0.15791
v 0.00000 4.14386 -0.14192
v 0.00000 4.71155 -0.20275
f 11457 11458 11470
f 11457 11470 11469
f 11458 11459 11471
f 11458 11471 11470
f 11459 11460 11472
f 11459 11472 11471
f 11460 11461 11473
f 11460 11473 11472
f 11461 11462 11474
f 11461 11474 11473
f 11462 11463 11475
f 11462 11475 11474
f 11463 11464 11476
f 11463 11476 11475
f 11464 11465 11477
f 11464 11477 11476
f 11465 11466 11478
f 11465 11478 11477
f 11466 11467 11479
f 11466 11479 11478
f 11467 11468 11480
f 11467 11480 11479
f 11468 11457 11469
f 11468 11469 11480
f 11469 11470 11482
f 11469 11482 11481
f 11470 11471 11483
f 11470 11483 11482
f 11471 11472 11484
f 11471 11484 11483
f 11472 11473 11485
f 11472 11485 11484
f 11473 11474 11486
f 11473 11486 11485
f 11474 11475 11487
f 11474 11487 11486
f 11475 11476 11488
f 11475 11488 11487
f 11476 11477 11489
f 11476 11489 11488
f 11477 11478 11490
f 11477 11490 11489
f 11478 11479 11491
f 11478 11491 11490
f 11479 11480 11492
f 11479 11492 11491
f 11480 11469 11481
f 11480 11481 11492
f 11481 11482 11494
f 11481 11494 11493
f 11482 11483 11495
f 11482 11495 11494
f 11483 11484 11496
f 11483 11496 11495
f 11484 11485 11497
f 11484 11497 11496
f 11485 11486 11498
f 11485 11498 11497
f 11486 11487 11499
f 11486 11499 11498
f 11487 11488 11500
f 11487 11500 11499
f 11488 11489 11501
f 11488 11501 11500
f 11489 11490 11502
f 11489 11502 11501
f 11490 11491 11503
f 11490 11503 11502
f 11491 11492 11504
f 11491 11504 11503
f 11492 11481 11493
f 11492 11493 11504
f 11493 11494 11506
f 11493 11506 11505
f 11494 11495 11507
f 11494 11507 11506
f 11495 11496 11508
f 11495 11508 11507
f 11496 11497 11509
f 11496 11509 11508
f 11497 11498 11510
f 11497 11510 11509
f 11498 11499 11511
f 11498 11511 11510
f 11499 11500 11512
f 11499 11512 11511
f 11500 11501 11513
f 11500 11513 11512
f 11501 11502 11514
f 11501 11514 11513
f 11502 11503 11515
f 11502 11515 11514
f 11503 11504 11516
f 11503 11516 11515
f 11504 11493 11505
f 11504 11505 11516
f 11505 11506 11518
f 11505 11518 11517
f 11506 11507 11519
f 11506 11519 11518
f 11507 11508 11520
f 11507 11520 11519
f 11508 11509 11521
f 11508 11521 11520
f 11509 11510 11522
f 11509 11522 11521
f 11510 11511 11523
f 11510 11523 11522
f 11511 11512 11524
f 11511 11524 11523
f 11512 11513 11525
f 11512 11525 11524
f 11513 11514 11526
f 11513 11526 11525
f 11514 11515 11527
f 11514 11527 11526
f 11515 11516 11528
f 11515 11528 11527
f 11516 11505 11517
f 11516 11517 11528
f 11517 11518 11530
f 11517 11530 11529
f 11518 11519 11531
f 11518 11531 11530
f 11519 11520 11532
f 11519 11532 11531
f 11520 11521 11533
f 11520 11533 11532
f 11521 11522 11534
f 11521 11534 11533
f 11522 11523 11535
f 11522 11535 11534
f 11523 11524 11536
f 11523 11536 11535
f 11524 11525 11537
f 11524 11537 11536
f 11525 11526 11538
f 11525 11538 11537
f 11526 11527 11539
f 11526 11539 11538
f 11527 11528 11540
f 11527 11540 11539
f 11528 11517 11529
f 11528 11529 11540
f 11529 11530 11542
f 11529 11542 11541
f 11530 11531 11543
f 11530 11543 11542
f 11531 11532 11544
f 11531 11544 11543
f 11532 11533 11545
f 11532 11545 11544
f 11533 11534 11546
f 11533 11546 11545
f 11534 11535 11547
f 11534 11547 11546
f 11535 11536 11548
f 11535 11548 11547
f 11536 11537 11549
f 11536 11549 11548
f 11537 11538 11550
f 11537 11550 11549
f 11538 11539 11551
f 11538 11551 11550
f 11539 11540 11552
f 11539 11552 11551
f 11540 11529 11541
f 11540 11541 11552
f 11541 11542 11554
f 11541 11554 11553
f 11542 11543 11555
f 11542 11555 11554
f 11543 11544 11556
f 11543 11556 11555
f 11544 11545 11557
f 11544 11557 11556
f 11545 11546 11558
f 11545 11558 11557
f 11546 11547 11559
f 11546 11559 11558
f 11547 11548 11560
f 11547 11560 11559
f 11548 11549 11561
f 11548 11561 11560
f 11549 11550 11562
f 11549 11562 11561
f 11550 11551 11563
f 11550 11563 11562
f 11551 11552 11564
f 11551 11564 11563
f 11552 11541 11553
f 11552 11553 11564
f 11553 11554 11566
f 11553 11566 11565
f 11554 11555 11567
f 11554 11567 11566
f 11555 11556 11568
f 11555 11568 11567
f 11556 11557 11569
f 11556 11569 11568
f 11557 11558 11570
f 11557 11570 11569
f 11558 11559 11571
f 11558 11571 11570
f 11559 11560 11572
f 11559 11572 11571
f 11560 11561 11573
f 11560 11573 11572
f 11561 11562 11574
f 11561 11574 11573
f 11562 11563 11575
f 11562 11575 11574
f 11563 11564 11576
f 11563 11576 11575
f 11564 11553 11565
f 11564 11565 11576
f 11577 11458 11457
f 11577 11459 11458
f 11577 11460 11459
f 11577 11461 11460
f 11577 11462 11461
f 11577 11463 11462
f 11577 11464 11463
f 11577 11465 11464
f 11577 11466 11465
f 11577 11467 11466
f 11577 11468 11467
f 11577 11457 11468
f 11578 11565 11566
f 11578 11566 11567
f 11578 11567 11568
f 11578 11568 11569
f 11578 11569 11570
f 11578 11570 11571
f 11578 11571 11572
f 11578 11572 11573
f 11578 11573 11574
f 11578 11574 11575
f 11578 11575 11576
f 11578 11576 11565
o Avarin_Neck
usemtl avar_skin
s 1
v 0.07299 4.70141 -0.18247
v 0.05905 4.70141 -0.22120
v 0.02255 4.70141 -0.24514
v -0.02255 4.70141 -0.24514
v -0.05905 4.70141 -0.22120
v -0.07299 4.70141 -0.18247
v -0.05905 4.70141 -0.14374
v -0.02255 4.70141 -0.11980
v 0.02255 4.70141 -0.11980
v 0.05905 4.70141 -0.14374
v 0.07089 4.74046 -0.18247
v 0.05735 4.74046 -0.22103
v 0.02190 4.74046 -0.24485
v -0.02190 4.74046 -0.24485
v -0.05735 4.74046 -0.22103
v -0.07089 4.74046 -0.18247
v -0.05735 4.74046 -0.14392
v -0.02190 4.74046 -0.12009
v 0.02190 4.74046 -0.12009
v 0.05735 4.74046 -0.14392
v 0.06799 4.79415 -0.18247
v 0.05501 4.79415 -0.22078
v 0.02101 4.79415 -0.24446
v -0.02101 4.79415 -0.24446
v -0.05501 4.79415 -0.22078
v -0.06799 4.79415 -0.18247
v -0.05501 4.79415 -0.14416
v -0.02101 4.79415 -0.12048
v 0.02101 4.79415 -0.12048
v 0.05501 4.79415 -0.14416
v 0.06589 4.83320 -0.18247
v 0.05331 4.83320 -0.22061
v 0.02036 4.83320 -0.24417
v -0.02036 4.83320 -0.24417
v -0.05331 4.83320 -0.22061
v -0.06589 4.83320 -0.18247
v -0.05331 4.83320 -0.14434
v -0.02036 4.83320 -0.12077
v 0.02036 4.83320 -0.12077
v 0.05331 4.83320 -0.14434
v 0.00000 4.70141 -0.18247
v 0.00000 4.83320 -0.18247
f 11579 11580 11590
f 11579 11590 11589
f 11580 11581 11591
f 11580 11591 11590
f 11581 11582 11592
f 11581 11592 11591
f 11582 11583 11593
f 11582 11593 11592
f 11583 11584 11594
f 11583 11594 11593
f 11584 11585 11595
f 11584 11595 11594
f 11585 11586 11596
f 11585 11596 11595
f 11586 11587 11597
f 11586 11597 11596
f 11587 11588 11598
f 11587 11598 11597
f 11588 11579 11589
f 11588 11589 11598
f 11589 11590 11600
f 11589 11600 11599
f 11590 11591 11601
f 11590 11601 11600
f 11591 11592 11602
f 11591 11602 11601
f 11592 11593 11603
f 11592 11603 11602
f 11593 11594 11604
f 11593 11604 11603
f 11594 11595 11605
f 11594 11605 11604
f 11595 11596 11606
f 11595 11606 11605
f 11596 11597 11607
f 11596 11607 11606
f 11597 11598 11608
f 11597 11608 11607
f 11598 11589 11599
f 11598 11599 11608
f 11599 11600 11610
f 11599 11610 11609
f 11600 11601 11611
f 11600 11611 11610
f 11601 11602 11612
f 11601 11612 11611
f 11602 11603 11613
f 11602 11613 11612
f 11603 11604 11614
f 11603 11614 11613
f 11604 11605 11615
f 11604 11615 11614
f 11605 11606 11616
f 11605 11616 11615
f 11606 11607 11617
f 11606 11617 11616
f 11607 11608 11618
f 11607 11618 11617
f 11608 11599 11609
f 11608 11609 11618
f 11619 11580 11579
f 11619 11581 11580
f 11619 11582 11581
f 11619 11583 11582
f 11619 11584 11583
f 11619 11585 11584
f 11619 11586 11585
f 11619 11587 11586
f 11619 11588 11587
f 11619 11579 11588
f 11620 11609 11610
f 11620 11610 11611
f 11620 11611 11612
f 11620 11612 11613
f 11620 11613 11614
f 11620 11614 11615
f 11620 11615 11616
f 11620 11616 11617
f 11620 11617 11618
f 11620 11618 11609
o Avarin_Head
usemtl avar_skin
s 1
v 0.00279 4.78256 -0.17233
v 0.00258 4.78256 -0.17340
v 0.00197 4.78256 -0.17430
v 0.00107 4.78256 -0.17491
v 0.00000 4.78256 -0.17512
v -0.00107 4.78256 -0.17491
v -0.00197 4.78256 -0.17430
v -0.00258 4.78256 -0.17340
v -0.00279 4.78256 -0.17233
v -0.00258 4.78256 -0.17127
v -0.00197 4.78256 -0.17036
v -0.00107 4.78256 -0.16976
v -0.00000 4.78256 -0.16955
v 0.00107 4.78256 -0.16976
v 0.00197 4.78256 -0.17036
v 0.00258 4.78256 -0.17127
v 0.01387 4.78525 -0.17233
v 0.01281 4.78525 -0.17764
v 0.00981 4.78525 -0.18214
v 0.00531 4.78525 -0.18515
v 0.00000 4.78525 -0.18620
v -0.00531 4.78525 -0.18515
v -0.00981 4.78525 -0.18214
v -0.01281 4.78525 -0.17764
v -0.01387 4.78525 -0.17233
v -0.01281 4.78525 -0.16703
v -0.00981 4.78525 -0.16253
v -0.00531 4.78525 -0.15952
v -0.00000 4.78525 -0.15846
v 0.00531 4.78525 -0.15952
v 0.00981 4.78525 -0.16253
v 0.01281 4.78525 -0.16703
v 0.02960 4.78943 -0.17233
v 0.02735 4.78943 -0.18366
v 0.02093 4.78943 -0.19326
v 0.01133 4.78943 -0.19968
v 0.00000 4.78943 -0.20193
v -0.01133 4.78943 -0.19968
v -0.02093 4.78943 -0.19326
v -0.02735 4.78943 -0.18366
v -0.02960 4.78943 -0.17233
v -0.02735 4.78943 -0.16101
v -0.02093 4.78943 -0.15140
v -0.01133 4.78943 -0.14499
v -0.00000 4.78943 -0.14273
v 0.01133 4.78943 -0.14499
v 0.02093 4.78943 -0.15140
v 0.02735 4.78943 -0.16101
v 0.04460 4.79605 -0.17233
v 0.04120 4.79605 -0.18940
v 0.03153 4.79605 -0.20387
v 0.01707 4.79605 -0.21354
v 0.00000 4.79605 -0.21693
v -0.01707 4.79605 -0.21354
v -0.03153 4.79605 -0.20387
v -0.04120 4.79605 -0.18940
v -0.04460 4.79605 -0.17233
v -0.04120 4.79605 -0.15527
v -0.03153 4.79605 -0.14080
v -0.01707 4.79605 -0.13113
v -0.00000 4.79605 -0.12774
v 0.01707 4.79605 -0.13113
v 0.03153 4.79605 -0.14080
v 0.04120 4.79605 -0.15527
v 0.05726 4.80561 -0.17233
v 0.05291 4.80561 -0.19425
v 0.04049 4.80561 -0.21283
v 0.02191 4.80561 -0.22524
v 0.00000 4.80561 -0.22960
v -0.02191 4.80561 -0.22524
v -0.04049 4.80561 -0.21283
v -0.05291 4.80561 -0.19425
v -0.05726 4.80561 -0.17233
v -0.05291 4.80561 -0.15042
v -0.04049 4.80561 -0.13184
v -0.02191 4.80561 -0.11943
v -0.00000 4.80561 -0.11507
v 0.02191 4.80561 -0.11943
v 0.04049 4.80561 -0.13184
v 0.05291 4.80561 -0.15042
v 0.06920 4.81761 -0.17233
v 0.06393 4.81761 -0.19882
v 0.04893 4.81761 -0.22127
v 0.02648 4.81761 -0.23627
v 0.00000 4.81761 -0.24153
v -0.02648 4.81761 -0.23627
v -0.04893 4.81761 -0.22127
v -0.06393 4.81761 -0.19882
v -0.06920 4.81761 -0.17233
v -0.06393 4.81761 -0.14585
v -0.04893 4.81761 -0.12340
v -0.02648 4.81761 -0.10840
v -0.00000 4.81761 -0.10313
v 0.02648 4.81761 -0.10840
v 0.04893 4.81761 -0.12340
v 0.06393 4.81761 -0.14585
v 0.07983 4.83146 -0.17233
v 0.07375 4.83146 -0.20288
v 0.05645 4.83146 -0.22878
v 0.03055 4.83146 -0.24609
v 0.00000 4.83146 -0.25216
v -0.03055 4.83146 -0.24609
v -0.05645 4.83146 -0.22878
v -0.07375 4.83146 -0.20288
v -0.07983 4.83146 -0.17233
v -0.07375 4.83146 -0.14178
v -0.05645 4.83146 -0.11589
v -0.03055 4.83146 -0.09858
v -0.00000 4.83146 -0.09250
v 0.03055 4.83146 -0.09858
v 0.05645 4.83146 -0.11589
v 0.07375 4.83146 -0.14178
v 0.08908 4.84726 -0.17233
v 0.08230 4.84726 -0.20643
v 0.06299 4.84726 -0.23533
v 0.03409 4.84726 -0.25464
v 0.00000 4.84726 -0.26142
v -0.03409 4.84726 -0.25464
v -0.06299 4.84726 -0.23533
v -0.08230 4.84726 -0.20643
v -0.08908 4.84726 -0.17233
v -0.08230 4.84726 -0.13824
v -0.06299 4.84726 -0.10934
v -0.03409 4.84726 -0.09003
v -0.00000 4.84726 -0.08325
v 0.03409 4.84726 -0.09003
v 0.06299 4.84726 -0.10934
v 0.08230 4.84726 -0.13824
v 0.09703 4.86492 -0.17233
v 0.08965 4.86492 -0.20947
v 0.06861 4.86492 -0.24095
v 0.03713 4.86492 -0.26198
v 0.00000 4.86492 -0.26937
v -0.03713 4.86492 -0.26198
v -0.06861 4.86492 -0.24095
v -0.08965 4.86492 -0.20947
v -0.09703 4.86492 -0.17233
v -0.08965 4.86492 -0.13520
v -0.06861 4.86492 -0.10372
v -0.03713 4.86492 -0.08269
v -0.00000 4.86492 -0.07530
v 0.03713 4.86492 -0.08269
v 0.06861 4.86492 -0.10372
v 0.08965 4.86492 -0.13520
v 0.10329 4.88358 -0.17233
v 0.09542 4.88358 -0.21186
v 0.07303 4.88358 -0.24537
v 0.03953 4.88358 -0.26776
v 0.00000 4.88358 -0.27562
v -0.03953 4.88358 -0.26776
v -0.07303 4.88358 -0.24537
v -0.09542 4.88358 -0.21186
v -0.10329 4.88358 -0.17233
v -0.09542 4.88358 -0.13281
v -0.07303 4.88358 -0.09930
v -0.03953 4.88358 -0.07691
v -0.00000 4.88358 -0.06905
v 0.03953 4.88358 -0.07691
v 0.07303 4.88358 -0.09930
v 0.09542 4.88358 -0.13281
v 0.10777 4.90329 -0.17233
v 0.09956 4.90329 -0.21357
v 0.07620 4.90329 -0.24854
v 0.04124 4.90329 -0.27190
v 0.00000 4.90329 -0.28010
v -0.04124 4.90329 -0.27190
v -0.07620 4.90329 -0.24854
v -0.09956 4.90329 -0.21357
v -0.10777 4.90329 -0.17233
v -0.09956 4.90329 -0.13109
v -0.07620 4.90329 -0.09613
v -0.04124 4.90329 -0.07277
v -0.00000 4.90329 -0.06457
v 0.04124 4.90329 -0.07277
v 0.07620 4.90329 -0.09613
v 0.09956 4.90329 -0.13109
v 0.11055 4.92400 -0.17233
v 0.10214 4.92400 -0.21464
v 0.07817 4.92400 -0.25051
v 0.04231 4.92400 -0.27447
v 0.00000 4.92400 -0.28289
v -0.04231 4.92400 -0.27447
v -0.07817 4.92400 -0.25051
v -0.10214 4.92400 -0.21464
v -0.11055 4.92400 -0.17233
v -0.10214 4.92400 -0.13003
v -0.07817 4.92400 -0.09416
v -0.04231 4.92400 -0.07020
v -0.00000 4.92400 -0.06178
v 0.04231 4.92400 -0.07020
v 0.07817 4.92400 -0.09416
v 0.10214 4.92400 -0.13003
v 0.11151 4.94471 -0.17233
v 0.10302 4.94471 -0.21501
v 0.07885 4.94471 -0.25118
v 0.04267 4.94471 -0.27536
v 0.00000 4.94471 -0.28384
v -0.04267 4.94471 -0.27536
v -0.07885 4.94471 -0.25118
v -0.10302 4.94471 -0.21501
v -0.11151 4.94471 -0.17233
v -0.10302 4.94471 -0.12966
v -0.07885 4.94471 -0.09348
v -0.04267 4.94471 -0.06931
v -0.00000 4.94471 -0.06082
v 0.04267 4.94471 -0.06931
v 0.07885 4.94471 -0.09348
v 0.10302 4.94471 -0.12966
v 0.11055 4.96542 -0.17233
v 0.10214 4.96542 -0.21464
v 0.07817 4.96542 -0.25051
v 0.04231 4.96542 -0.27447
v 0.00000 4.96542 -0.28289
v -0.04231 4.96542 -0.27447
v -0.07817 4.96542 -0.25051
v -0.10214 4.96542 -0.21464
v -0.11055 4.96542 -0.17233
v -0.10214 4.96542 -0.13003
v -0.07817 4.96542 -0.09416
v -0.04231 4.96542 -0.07020
v -0.00000 4.96542 -0.06178
v 0.04231 4.96542 -0.07020
v 0.07817 4.96542 -0.09416
v 0.10214 4.96542 -0.13003
v 0.10777 4.98613 -0.17233
v 0.09956 4.98613 -0.21357
v 0.07620 4.98613 -0.24854
v 0.04124 4.98613 -0.27190
v 0.00000 4.98613 -0.28010
v -0.04124 4.98613 -0.27190
v -0.07620 4.98613 -0.24854
v -0.09956 4.98613 -0.21357
v -0.10777 4.98613 -0.17233
v -0.09956 4.98613 -0.13109
v -0.07620 4.98613 -0.09613
v -0.04124 4.98613 -0.07277
v -0.00000 4.98613 -0.06457
v 0.04124 4.98613 -0.07277
v 0.07620 4.98613 -0.09613
v 0.09956 4.98613 -0.13109
v 0.10329 5.00584 -0.17233
v 0.09542 5.00584 -0.21186
v 0.07303 5.00584 -0.24537
v 0.03953 5.00584 -0.26776
v 0.00000 5.00584 -0.27562
v -0.03953 5.00584 -0.26776
v -0.07303 5.00584 -0.24537
v -0.09542 5.00584 -0.21186
v -0.10329 5.00584 -0.17233
v -0.09542 5.00584 -0.13281
v -0.07303 5.00584 -0.09930
v -0.03953 5.00584 -0.07691
v -0.00000 5.00584 -0.06905
v 0.03953 5.00584 -0.07691
v 0.07303 5.00584 -0.09930
v 0.09542 5.00584 -0.13281
v 0.09703 5.02450 -0.17233
v 0.08965 5.02450 -0.20947
v 0.06861 5.02450 -0.24095
v 0.03713 5.02450 -0.26198
v 0.00000 5.02450 -0.26937
v -0.03713 5.02450 -0.26198
v -0.06861 5.02450 -0.24095
v -0.08965 5.02450 -0.20947
v -0.09703 5.02450 -0.17233
v -0.08965 5.02450 -0.13520
v -0.06861 5.02450 -0.10372
v -0.03713 5.02450 -0.08269
v -0.00000 5.02450 -0.07530
v 0.03713 5.02450 -0.08269
v 0.06861 5.02450 -0.10372
v 0.08965 5.02450 -0.13520
v 0.08908 5.04216 -0.17233
v 0.08230 5.04216 -0.20643
v 0.06299 5.04216 -0.23533
v 0.03409 5.04216 -0.25464
v 0.00000 5.04216 -0.26142
v -0.03409 5.04216 -0.25464
v -0.06299 5.04216 -0.23533
v -0.08230 5.04216 -0.20643
v -0.08908 5.04216 -0.17233
v -0.08230 5.04216 -0.13824
v -0.06299 5.04216 -0.10934
v -0.03409 5.04216 -0.09003
v -0.00000 5.04216 -0.08325
v 0.03409 5.04216 -0.09003
v 0.06299 5.04216 -0.10934
v 0.08230 5.04216 -0.13824
v 0.07983 5.05796 -0.17233
v 0.07375 5.05796 -0.20288
v 0.05645 5.05796 -0.22878
v 0.03055 5.05796 -0.24609
v 0.00000 5.05796 -0.25216
v -0.03055 5.05796 -0.24609
v -0.05645 5.05796 -0.22878
v -0.07375 5.05796 -0.20288
v -0.07983 5.05796 -0.17233
v -0.07375 5.05796 -0.14178
v -0.05645 5.05796 -0.11589
v -0.03055 5.05796 -0.09858
v -0.00000 5.05796 -0.09250
v 0.03055 5.05796 -0.09858
v 0.05645 5.05796 -0.11589
v 0.07375 5.05796 -0.14178
v 0.06920 5.07181 -0.17233
v 0.06393 5.07181 -0.19882
v 0.04893 5.07181 -0.22127
v 0.02648 5.07181 -0.23627
v 0.00000 5.07181 -0.24153
v -0.02648 5.07181 -0.23627
v -0.04893 5.07181 -0.22127
v -0.06393 5.07181 -0.19882
v -0.06920 5.07181 -0.17233
v -0.06393 5.07181 -0.14585
v -0.04893 5.07181 -0.12340
v -0.02648 5.07181 -0.10840
v -0.00000 5.07181 -0.10313
v 0.02648 5.07181 -0.10840
v 0.04893 5.07181 -0.12340
v 0.06393 5.07181 -0.14585
v 0.05726 5.08381 -0.17233
v 0.05291 5.08381 -0.19425
v 0.04049 5.08381 -0.21283
v 0.02191 5.08381 -0.22524
v 0.00000 5.08381 -0.22960
v -0.02191 5.08381 -0.22524
v -0.04049 5.08381 -0.21283
v -0.05291 5.08381 -0.19425
v -0.05726 5.08381 -0.17233
v -0.05291 5.08381 -0.15042
v -0.04049 5.08381 -0.13184
v -0.02191 5.08381 -0.11943
v -0.00000 5.08381 -0.11507
v 0.02191 5.08381 -0.11943
v 0.04049 5.08381 -0.13184
v 0.05291 5.08381 -0.15042
v 0.04460 5.09337 -0.17233
v 0.04120 5.09337 -0.18940
v 0.03153 5.09337 -0.20387
v 0.01707 5.09337 -0.21354
v 0.00000 5.09337 -0.21693
v -0.01707 5.09337 -0.21354
v -0.03153 5.09337 -0.20387
v -0.04120 5.09337 -0.18940
v -0.04460 5.09337 -0.17233
v -0.04120 5.09337 -0.15527
v -0.03153 5.09337 -0.14080
v -0.01707 5.09337 -0.13113
v -0.00000 5.09337 -0.12774
v 0.01707 5.09337 -0.13113
v 0.03153 5.09337 -0.14080
v 0.04120 5.09337 -0.15527
v 0.02960 5.09999 -0.17233
v 0.02735 5.09999 -0.18366
v 0.02093 5.09999 -0.19326
v 0.01133 5.09999 -0.19968
v 0.00000 5.09999 -0.20193
v -0.01133 5.09999 -0.19968
v -0.02093 5.09999 -0.19326
v -0.02735 5.09999 -0.18366
v -0.02960 5.09999 -0.17233
v -0.02735 5.09999 -0.16101
v -0.02093 5.09999 -0.15140
v -0.01133 5.09999 -0.14499
v -0.00000 5.09999 -0.14273
v 0.01133 5.09999 -0.14499
v 0.02093 5.09999 -0.15140
v 0.02735 5.09999 -0.16101
v 0.01387 5.10417 -0.17233
v 0.01281 5.10417 -0.17764
v 0.00981 5.10417 -0.18214
v 0.00531 5.10417 -0.18515
v 0.00000 5.10417 -0.18620
v -0.00531 5.10417 -0.18515
v -0.00981 5.10417 -0.18214
v -0.01281 5.10417 -0.17764
v -0.01387 5.10417 -0.17233
v -0.01281 5.10417 -0.16703
v -0.00981 5.10417 -0.16253
v -0.00531 5.10417 -0.15952
v -0.00000 5.10417 -0.15846
v 0.00531 5.10417 -0.15952
v 0.00981 5.10417 -0.16253
v 0.01281 5.10417 -0.16703
v 0.00279 5.10685 -0.17233
v 0.00258 5.10685 -0.17340
v 0.00197 5.10685 -0.17430
v 0.00107 5.10685 -0.17491
v 0.00000 5.10685 -0.17512
v -0.00107 5.10685 -0.17491
v -0.00197 5.10685 -0.17430
v -0.00258 5.10685 -0.17340
v -0.00279 5.10685 -0.17233
v -0.00258 5.10685 -0.17127
v -0.00197 5.10685 -0.17036
v -0.00107 5.10685 -0.16976
v -0.00000 5.10685 -0.16955
v 0.00107 5.10685 -0.16976
v 0.00197 5.10685 -0.17036
v 0.00258 5.10685 -0.17127
v 0.00000 4.78256 -0.17233
v 0.00000 5.10685 -0.17233
f 11621 11622 11638
f 11621 11638 11637
f 11622 11623 11639
f 11622 11639 11638
f 11623 11624 11640
f 11623 11640 11639
f 11624 11625 11641
f 11624 11641 11640
f 11625 11626 11642
f 11625 11642 11641
f 11626 11627 11643
f 11626 11643 11642
f 11627 11628 11644
f 11627 11644 11643
f 11628 11629 11645
f 11628 11645 11644
f 11629 11630 11646
f 11629 11646 11645
f 11630 11631 11647
f 11630 11647 11646
f 11631 11632 11648
f 11631 11648 11647
f 11632 11633 11649
f 11632 11649 11648
f 11633 11634 11650
f 11633 11650 11649
f 11634 11635 11651
f 11634 11651 11650
f 11635 11636 11652
f 11635 11652 11651
f 11636 11621 11637
f 11636 11637 11652
f 11637 11638 11654
f 11637 11654 11653
f 11638 11639 11655
f 11638 11655 11654
f 11639 11640 11656
f 11639 11656 11655
f 11640 11641 11657
f 11640 11657 11656
f 11641 11642 11658
f 11641 11658 11657
f 11642 11643 11659
f 11642 11659 11658
f 11643 11644 11660
f 11643 11660 11659
f 11644 11645 11661
f 11644 11661 11660
f 11645 11646 11662
f 11645 11662 11661
f 11646 11647 11663
f 11646 11663 11662
f 11647 11648 11664
f 11647 11664 11663
f 11648 11649 11665
f 11648 11665 11664
f 11649 11650 11666
f 11649 11666 11665
f 11650 11651 11667
f 11650 11667 11666
f 11651 11652 11668
f 11651 11668 11667
f 11652 11637 11653
f 11652 11653 11668
f 11653 11654 11670
f 11653 11670 11669
f 11654 11655 11671
f 11654 11671 11670
f 11655 11656 11672
f 11655 11672 11671
f 11656 11657 11673
f 11656 11673 11672
f 11657 11658 11674
f 11657 11674 11673
f 11658 11659 11675
f 11658 11675 11674
f 11659 11660 11676
f 11659 11676 11675
f 11660 11661 11677
f 11660 11677 11676
f 11661 11662 11678
f 11661 11678 11677
f 11662 11663 11679
f 11662 11679 11678
f 11663 11664 11680
f 11663 11680 11679
f 11664 11665 11681
f 11664 11681 11680
f 11665 11666 11682
f 11665 11682 11681
f 11666 11667 11683
f 11666 11683 11682
f 11667 11668 11684
f 11667 11684 11683
f 11668 11653 11669
f 11668 11669 11684
f 11669 11670 11686
f 11669 11686 11685
f 11670 11671 11687
f 11670 11687 11686
f 11671 11672 11688
f 11671 11688 11687
f 11672 11673 11689
f 11672 11689 11688
f 11673 11674 11690
f 11673 11690 11689
f 11674 11675 11691
f 11674 11691 11690
f 11675 11676 11692
f 11675 11692 11691
f 11676 11677 11693
f 11676 11693 11692
f 11677 11678 11694
f 11677 11694 11693
f 11678 11679 11695
f 11678 11695 11694
f 11679 11680 11696
f 11679 11696 11695
f 11680 11681 11697
f 11680 11697 11696
f 11681 11682 11698
f 11681 11698 11697
f 11682 11683 11699
f 11682 11699 11698
f 11683 11684 11700
f 11683 11700 11699
f 11684 11669 11685
f 11684 11685 11700
f 11685 11686 11702
f 11685 11702 11701
f 11686 11687 11703
f 11686 11703 11702
f 11687 11688 11704
f 11687 11704 11703
f 11688 11689 11705
f 11688 11705 11704
f 11689 11690 11706
f 11689 11706 11705
f 11690 11691 11707
f 11690 11707 11706
f 11691 11692 11708
f 11691 11708 11707
f 11692 11693 11709
f 11692 11709 11708
f 11693 11694 11710
f 11693 11710 11709
f 11694 11695 11711
f 11694 11711 11710
f 11695 11696 11712
f 11695 11712 11711
f 11696 11697 11713
f 11696 11713 11712
f 11697 11698 11714
f 11697 11714 11713
f 11698 11699 11715
f 11698 11715 11714
f 11699 11700 11716
f 11699 11716 11715
f 11700 11685 11701
f 11700 11701 11716
f 11701 11702 11718
f 11701 11718 11717
f 11702 11703 11719
f 11702 11719 11718
f 11703 11704 11720
f 11703 11720 11719
f 11704 11705 11721
f 11704 11721 11720
f 11705 11706 11722
f 11705 11722 11721
f 11706 11707 11723
f 11706 11723 11722
f 11707 11708 11724
f 11707 11724 11723
f 11708 11709 11725
f 11708 11725 11724
f 11709 11710 11726
f 11709 11726 11725
f 11710 11711 11727
f 11710 11727 11726
f 11711 11712 11728
f 11711 11728 11727
f 11712 11713 11729
f 11712 11729 11728
f 11713 11714 11730
f 11713 11730 11729
f 11714 11715 11731
f 11714 11731 11730
f 11715 11716 11732
f 11715 11732 11731
f 11716 11701 11717
f 11716 11717 11732
f 11717 11718 11734
f 11717 11734 11733
f 11718 11719 11735
f 11718 11735 11734
f 11719 11720 11736
f 11719 11736 11735
f 11720 11721 11737
f 11720 11737 11736
f 11721 11722 11738
f 11721 11738 11737
f 11722 11723 11739
f 11722 11739 11738
f 11723 11724 11740
f 11723 11740 11739
f 11724 11725 11741
f 11724 11741 11740
f 11725 11726 11742
f 11725 11742 11741
f 11726 11727 11743
f 11726 11743 11742
f 11727 11728 11744
f 11727 11744 11743
f 11728 11729 11745
f 11728 11745 11744
f 11729 11730 11746
f 11729 11746 11745
f 11730 11731 11747
f 11730 11747 11746
f 11731 11732 11748
f 11731 11748 11747
f 11732 11717 11733
f 11732 11733 11748
f 11733 11734 11750
f 11733 11750 11749
f 11734 11735 11751
f 11734 11751 11750
f 11735 11736 11752
f 11735 11752 11751
f 11736 11737 11753
f 11736 11753 11752
f 11737 11738 11754
f 11737 11754 11753
f 11738 11739 11755
f 11738 11755 11754
f 11739 11740 11756
f 11739 11756 11755
f 11740 11741 11757
f 11740 11757 11756
f 11741 11742 11758
f 11741 11758 11757
f 11742 11743 11759
f 11742 11759 11758
f 11743 11744 11760
f 11743 11760 11759
f 11744 11745 11761
f 11744 11761 11760
f 11745 11746 11762
f 11745 11762 11761
f 11746 11747 11763
f 11746 11763 11762
f 11747 11748 11764
f 11747 11764 11763
f 11748 11733 11749
f 11748 11749 11764
f 11749 11750 11766
f 11749 11766 11765
f 11750 11751 11767
f 11750 11767 11766
f 11751 11752 11768
f 11751 11768 11767
f 11752 11753 11769
f 11752 11769 11768
f 11753 11754 11770
f 11753 11770 11769
f 11754 11755 11771
f 11754 11771 11770
f 11755 11756 11772
f 11755 11772 11771
f 11756 11757 11773
f 11756 11773 11772
f 11757 11758 11774
f 11757 11774 11773
f 11758 11759 11775
f 11758 11775 11774
f 11759 11760 11776
f 11759 11776 11775
f 11760 11761 11777
f 11760 11777 11776
f 11761 11762 11778
f 11761 11778 11777
f 11762 11763 11779
f 11762 11779 11778
f 11763 11764 11780
f 11763 11780 11779
f 11764 11749 11765
f 11764 11765 11780
f 11765 11766 11782
f 11765 11782 11781
f 11766 11767 11783
f 11766 11783 11782
f 11767 11768 11784
f 11767 11784 11783
f 11768 11769 11785
f 11768 11785 11784
f 11769 11770 11786
f 11769 11786 11785
f 11770 11771 11787
f 11770 11787 11786
f 11771 11772 11788
f 11771 11788 11787
f 11772 11773 11789
f 11772 11789 11788
f 11773 11774 11790
f 11773 11790 11789
f 11774 11775 11791
f 11774 11791 11790
f 11775 11776 11792
f 11775 11792 11791
f 11776 11777 11793
f 11776 11793 11792
f 11777 11778 11794
f 11777 11794 11793
f 11778 11779 11795
f 11778 11795 11794
f 11779 11780 11796
f 11779 11796 11795
f 11780 11765 11781
f 11780 11781 11796
f 11781 11782 11798
f 11781 11798 11797
f 11782 11783 11799
f 11782 11799 11798
f 11783 11784 11800
f 11783 11800 11799
f 11784 11785 11801
f 11784 11801 11800
f 11785 11786 11802
f 11785 11802 11801
f 11786 11787 11803
f 11786 11803 11802
f 11787 11788 11804
f 11787 11804 11803
f 11788 11789 11805
f 11788 11805 11804
f 11789 11790 11806
f 11789 11806 11805
f 11790 11791 11807
f 11790 11807 11806
f 11791 11792 11808
f 11791 11808 11807
f 11792 11793 11809
f 11792 11809 11808
f 11793 11794 11810
f 11793 11810 11809
f 11794 11795 11811
f 11794 11811 11810
f 11795 11796 11812
f 11795 11812 11811
f 11796 11781 11797
f 11796 11797 11812
f 11797 11798 11814
f 11797 11814 11813
f 11798 11799 11815
f 11798 11815 11814
f 11799 11800 11816
f 11799 11816 11815
f 11800 11801 11817
f 11800 11817 11816
f 11801 11802 11818
f 11801 11818 11817
f 11802 11803 11819
f 11802 11819 11818
f 11803 11804 11820
f 11803 11820 11819
f 11804 11805 11821
f 11804 11821 11820
f 11805 11806 11822
f 11805 11822 11821
f 11806 11807 11823
f 11806 11823 11822
f 11807 11808 11824
f 11807 11824 11823
f 11808 11809 11825
f 11808 11825 11824
f 11809 11810 11826
f 11809 11826 11825
f 11810 11811 11827
f 11810 11827 11826
f 11811 11812 11828
f 11811 11828 11827
f 11812 11797 11813
f 11812 11813 11828
f 11813 11814 11830
f 11813 11830 11829
f 11814 11815 11831
f 11814 11831 11830
f 11815 11816 11832
f 11815 11832 11831
f 11816 11817 11833
f 11816 11833 11832
f 11817 11818 11834
f 11817 11834 11833
f 11818 11819 11835
f 11818 11835 11834
f 11819 11820 11836
f 11819 11836 11835
f 11820 11821 11837
f 11820 11837 11836
f 11821 11822 11838
f 11821 11838 11837
f 11822 11823 11839
f 11822 11839 11838
f 11823 11824 11840
f 11823 11840 11839
f 11824 11825 11841
f 11824 11841 11840
f 11825 11826 11842
f 11825 11842 11841
f 11826 11827 11843
f 11826 11843 11842
f 11827 11828 11844
f 11827 11844 11843
f 11828 11813 11829
f 11828 11829 11844
f 11829 11830 11846
f 11829 11846 11845
f 11830 11831 11847
f 11830 11847 11846
f 11831 11832 11848
f 11831 11848 11847
f 11832 11833 11849
f 11832 11849 11848
f 11833 11834 11850
f 11833 11850 11849
f 11834 11835 11851
f 11834 11851 11850
f 11835 11836 11852
f 11835 11852 11851
f 11836 11837 11853
f 11836 11853 11852
f 11837 11838 11854
f 11837 11854 11853
f 11838 11839 11855
f 11838 11855 11854
f 11839 11840 11856
f 11839 11856 11855
f 11840 11841 11857
f 11840 11857 11856
f 11841 11842 11858
f 11841 11858 11857
f 11842 11843 11859
f 11842 11859 11858
f 11843 11844 11860
f 11843 11860 11859
f 11844 11829 11845
f 11844 11845 11860
f 11845 11846 11862
f 11845 11862 11861
f 11846 11847 11863
f 11846 11863 11862
f 11847 11848 11864
f 11847 11864 11863
f 11848 11849 11865
f 11848 11865 11864
f 11849 11850 11866
f 11849 11866 11865
f 11850 11851 11867
f 11850 11867 11866
f 11851 11852 11868
f 11851 11868 11867
f 11852 11853 11869
f 11852 11869 11868
f 11853 11854 11870
f 11853 11870 11869
f 11854 11855 11871
f 11854 11871 11870
f 11855 11856 11872
f 11855 11872 11871
f 11856 11857 11873
f 11856 11873 11872
f 11857 11858 11874
f 11857 11874 11873
f 11858 11859 11875
f 11858 11875 11874
f 11859 11860 11876
f 11859 11876 11875
f 11860 11845 11861
f 11860 11861 11876
f 11861 11862 11878
f 11861 11878 11877
f 11862 11863 11879
f 11862 11879 11878
f 11863 11864 11880
f 11863 11880 11879
f 11864 11865 11881
f 11864 11881 11880
f 11865 11866 11882
f 11865 11882 11881
f 11866 11867 11883
f 11866 11883 11882
f 11867 11868 11884
f 11867 11884 11883
f 11868 11869 11885
f 11868 11885 11884
f 11869 11870 11886
f 11869 11886 11885
f 11870 11871 11887
f 11870 11887 11886
f 11871 11872 11888
f 11871 11888 11887
f 11872 11873 11889
f 11872 11889 11888
f 11873 11874 11890
f 11873 11890 11889
f 11874 11875 11891
f 11874 11891 11890
f 11875 11876 11892
f 11875 11892 11891
f 11876 11861 11877
f 11876 11877 11892
f 11877 11878 11894
f 11877 11894 11893
f 11878 11879 11895
f 11878 11895 11894
f 11879 11880 11896
f 11879 11896 11895
f 11880 11881 11897
f 11880 11897 11896
f 11881 11882 11898
f 11881 11898 11897
f 11882 11883 11899
f 11882 11899 11898
f 11883 11884 11900
f 11883 11900 11899
f 11884 11885 11901
f 11884 11901 11900
f 11885 11886 11902
f 11885 11902 11901
f 11886 11887 11903
f 11886 11903 11902
f 11887 11888 11904
f 11887 11904 11903
f 11888 11889 11905
f 11888 11905 11904
f 11889 11890 11906
f 11889 11906 11905
f 11890 11891 11907
f 11890 11907 11906
f 11891 11892 11908
f 11891 11908 11907
f 11892 11877 11893
f 11892 11893 11908
f 11893 11894 11910
f 11893 11910 11909
f 11894 11895 11911
f 11894 11911 11910
f 11895 11896 11912
f 11895 11912 11911
f 11896 11897 11913
f 11896 11913 11912
f 11897 11898 11914
f 11897 11914 11913
f 11898 11899 11915
f 11898 11915 11914
f 11899 11900 11916
f 11899 11916 11915
f 11900 11901 11917
f 11900 11917 11916
f 11901 11902 11918
f 11901 11918 11917
f 11902 11903 11919
f 11902 11919 11918
f 11903 11904 11920
f 11903 11920 11919
f 11904 11905 11921
f 11904 11921 11920
f 11905 11906 11922
f 11905 11922 11921
f 11906 11907 11923
f 11906 11923 11922
f 11907 11908 11924
f 11907 11924 11923
f 11908 11893 11909
f 11908 11909 11924
f 11909 11910 11926
f 11909 11926 11925
f 11910 11911 11927
f 11910 11927 11926
f 11911 11912 11928
f 11911 11928 11927
f 11912 11913 11929
f 11912 11929 11928
f 11913 11914 11930
f 11913 11930 11929
f 11914 11915 11931
f 11914 11931 11930
f 11915 11916 11932
f 11915 11932 11931
f 11916 11917 11933
f 11916 11933 11932
f 11917 11918 11934
f 11917 11934 11933
f 11918 11919 11935
f 11918 11935 11934
f 11919 11920 11936
f 11919 11936 11935
f 11920 11921 11937
f 11920 11937 11936
f 11921 11922 11938
f 11921 11938 11937
f 11922 11923 11939
f 11922 11939 11938
f 11923 11924 11940
f 11923 11940 11939
f 11924 11909 11925
f 11924 11925 11940
f 11925 11926 11942
f 11925 11942 11941
f 11926 11927 11943
f 11926 11943 11942
f 11927 11928 11944
f 11927 11944 11943
f 11928 11929 11945
f 11928 11945 11944
f 11929 11930 11946
f 11929 11946 11945
f 11930 11931 11947
f 11930 11947 11946
f 11931 11932 11948
f 11931 11948 11947
f 11932 11933 11949
f 11932 11949 11948
f 11933 11934 11950
f 11933 11950 11949
f 11934 11935 11951
f 11934 11951 11950
f 11935 11936 11952
f 11935 11952 11951
f 11936 11937 11953
f 11936 11953 11952
f 11937 11938 11954
f 11937 11954 11953
f 11938 11939 11955
f 11938 11955 11954
f 11939 11940 11956
f 11939 11956 11955
f 11940 11925 11941
f 11940 11941 11956
f 11941 11942 11958
f 11941 11958 11957
f 11942 11943 11959
f 11942 11959 11958
f 11943 11944 11960
f 11943 11960 11959
f 11944 11945 11961
f 11944 11961 11960
f 11945 11946 11962
f 11945 11962 11961
f 11946 11947 11963
f 11946 11963 11962
f 11947 11948 11964
f 11947 11964 11963
f 11948 11949 11965
f 11948 11965 11964
f 11949 11950 11966
f 11949 11966 11965
f 11950 11951 11967
f 11950 11967 11966
f 11951 11952 11968
f 11951 11968 11967
f 11952 11953 11969
f 11952 11969 11968
f 11953 11954 11970
f 11953 11970 11969
f 11954 11955 11971
f 11954 11971 11970
f 11955 11956 11972
f 11955 11972 11971
f 11956 11941 11957
f 11956 11957 11972
f 11957 11958 11974
f 11957 11974 11973
f 11958 11959 11975
f 11958 11975 11974
f 11959 11960 11976
f 11959 11976 11975
f 11960 11961 11977
f 11960 11977 11976
f 11961 11962 11978
f 11961 11978 11977
f 11962 11963 11979
f 11962 11979 11978
f 11963 11964 11980
f 11963 11980 11979
f 11964 11965 11981
f 11964 11981 11980
f 11965 11966 11982
f 11965 11982 11981
f 11966 11967 11983
f 11966 11983 11982
f 11967 11968 11984
f 11967 11984 11983
f 11968 11969 11985
f 11968 11985 11984
f 11969 11970 11986
f 11969 11986 11985
f 11970 11971 11987
f 11970 11987 11986
f 11971 11972 11988
f 11971 11988 11987
f 11972 11957 11973
f 11972 11973 11988
f 11973 11974 11990
f 11973 11990 11989
f 11974 11975 11991
f 11974 11991 11990
f 11975 11976 11992
f 11975 11992 11991
f 11976 11977 11993
f 11976 11993 11992
f 11977 11978 11994
f 11977 11994 11993
f 11978 11979 11995
f 11978 11995 11994
f 11979 11980 11996
f 11979 11996 11995
f 11980 11981 11997
f 11980 11997 11996
f 11981 11982 11998
f 11981 11998 11997
f 11982 11983 11999
f 11982 11999 11998
f 11983 11984 12000
f 11983 12000 11999
f 11984 11985 12001
f 11984 12001 12000
f 11985 11986 12002
f 11985 12002 12001
f 11986 11987 12003
f 11986 12003 12002
f 11987 11988 12004
f 11987 12004 12003
f 11988 11973 11989
f 11988 11989 12004
f 11989 11990 12006
f 11989 12006 12005
f 11990 11991 12007
f 11990 12007 12006
f 11991 11992 12008
f 11991 12008 12007
f 11992 11993 12009
f 11992 12009 12008
f 11993 11994 12010
f 11993 12010 12009
f 11994 11995 12011
f 11994 12011 12010
f 11995 11996 12012
f 11995 12012 12011
f 11996 11997 12013
f 11996 12013 12012
f 11997 11998 12014
f 11997 12014 12013
f 11998 11999 12015
f 11998 12015 12014
f 11999 12000 12016
f 11999 12016 12015
f 12000 12001 12017
f 12000 12017 12016
f 12001 12002 12018
f 12001 12018 12017
f 12002 12003 12019
f 12002 12019 12018
f 12003 12004 12020
f 12003 12020 12019
f 12004 11989 12005
f 12004 12005 12020
f 12021 11622 11621
f 12021 11623 11622
f 12021 11624 11623
f 12021 11625 11624
f 12021 11626 11625
f 12021 11627 11626
f 12021 11628 11627
f 12021 11629 11628
f 12021 11630 11629
f 12021 11631 11630
f 12021 11632 11631
f 12021 11633 11632
f 12021 11634 11633
f 12021 11635 11634
f 12021 11636 11635
f 12021 11621 11636
f 12022 12005 12006
f 12022 12006 12007
f 12022 12007 12008
f 12022 12008 12009
f 12022 12009 12010
f 12022 12010 12011
f 12022 12011 12012
f 12022 12012 12013
f 12022 12013 12014
f 12022 12014 12015
f 12022 12015 12016
f 12022 12016 12017
f 12022 12017 12018
f 12022 12018 12019
f 12022 12019 12020
f 12022 12020 12005
o Avarin_Mouth
usemtl soft_charcoal
s 1
v -0.03193 4.87799 -0.06589
v -0.03064 4.87950 -0.07010
v -0.02921 4.88358 -0.07185
v -0.02849 4.88783 -0.07010
v -0.02890 4.88978 -0.06589
v -0.03019 4.88827 -0.06168
v -0.03161 4.88419 -0.05994
v -0.03233 4.87994 -0.06168
v -0.02399 4.87595 -0.06420
v -0.02274 4.87748 -0.06842
v -0.02137 4.88157 -0.07017
v -0.02068 4.88583 -0.06842
v -0.02107 4.88776 -0.06420
v -0.02231 4.88623 -0.05999
v -0.02368 4.88214 -0.05824
v -0.02438 4.87788 -0.05999
v -0.01234 4.87317 -0.06195
v -0.01141 4.87481 -0.06620
v -0.01039 4.87900 -0.06797
v -0.00988 4.88328 -0.06620
v -0.01019 4.88514 -0.06195
v -0.01112 4.88350 -0.05770
v -0.01214 4.87931 -0.05593
v -0.01264 4.87503 -0.05770
v -0.00000 4.87172 -0.06082
v -0.00000 4.87350 -0.06512
v 0.00000 4.87780 -0.06691
v 0.00000 4.88210 -0.06512
v 0.00000 4.88388 -0.06082
v 0.00000 4.88210 -0.05652
v -0.00000 4.87780 -0.05474
v -0.00000 4.87350 -0.05652
v 0.01234 4.87317 -0.06195
v 0.01141 4.87481 -0.06620
v 0.01039 4.87900 -0.06797
v 0.00988 4.88328 -0.06620
v 0.01019 4.88514 -0.06195
v 0.01112 4.88350 -0.05770
v 0.01214 4.87931 -0.05593
v 0.01264 4.87503 -0.05770
v 0.02399 4.87595 -0.06420
v 0.02274 4.87748 -0.06842
v 0.02137 4.88157 -0.07017
v 0.02068 4.88583 -0.06842
v 0.02107 4.88776 -0.06420
v 0.02231 4.88623 -0.05999
v 0.02368 4.88214 -0.05824
v 0.02438 4.87788 -0.05999
v 0.03193 4.87799 -0.06589
v 0.03064 4.87950 -0.07010
v 0.02921 4.88358 -0.07185
v 0.02849 4.88783 -0.07010
v 0.02890 4.88978 -0.06589
v 0.03019 4.88827 -0.06168
v 0.03161 4.88419 -0.05994
v 0.03233 4.87994 -0.06168
v -0.03041 4.88388 -0.06589
v 0.03041 4.88388 -0.06589
f 12023 12024 12032
f 12023 12032 12031
f 12024 12025 12033
f 12024 12033 12032
f 12025 12026 12034
f 12025 12034 12033
f 12026 12027 12035
f 12026 12035 12034
f 12027 12028 12036
f 12027 12036 12035
f 12028 12029 12037
f 12028 12037 12036
f 12029 12030 12038
f 12029 12038 12037
f 12030 12023 12031
f 12030 12031 12038
f 12031 12032 12040
f 12031 12040 12039
f 12032 12033 12041
f 12032 12041 12040
f 12033 12034 12042
f 12033 12042 12041
f 12034 12035 12043
f 12034 12043 12042
f 12035 12036 12044
f 12035 12044 12043
f 12036 12037 12045
f 12036 12045 12044
f 12037 12038 12046
f 12037 12046 12045
f 12038 12031 12039
f 12038 12039 12046
f 12039 12040 12048
f 12039 12048 12047
f 12040 12041 12049
f 12040 12049 12048
f 12041 12042 12050
f 12041 12050 12049
f 12042 12043 12051
f 12042 12051 12050
f 12043 12044 12052
f 12043 12052 12051
f 12044 12045 12053
f 12044 12053 12052
f 12045 12046 12054
f 12045 12054 12053
f 12046 12039 12047
f 12046 12047 12054
f 12047 12048 12056
f 12047 12056 12055
f 12048 12049 12057
f 12048 12057 12056
f 12049 12050 12058
f 12049 12058 12057
f 12050 12051 12059
f 12050 12059 12058
f 12051 12052 12060
f 12051 12060 12059
f 12052 12053 12061
f 12052 12061 12060
f 12053 12054 12062
f 12053 12062 12061
f 12054 12047 12055
f 12054 12055 12062
f 12055 12056 12064
f 12055 12064 12063
f 12056 12057 12065
f 12056 12065 12064
f 12057 12058 12066
f 12057 12066 12065
f 12058 12059 12067
f 12058 12067 12066
f 12059 12060 12068
f 12059 12068 12067
f 12060 12061 12069
f 12060 12069 12068
f 12061 12062 12070
f 12061 12070 12069
f 12062 12055 12063
f 12062 12063 12070
f 12063 12064 12072
f 12063 12072 12071
f 12064 12065 12073
f 12064 12073 12072
f 12065 12066 12074
f 12065 12074 12073
f 12066 12067 12075
f 12066 12075 12074
f 12067 12068 12076
f 12067 12076 12075
f 12068 12069 12077
f 12068 12077 12076
f 12069 12070 12078
f 12069 12078 12077
f 12070 12063 12071
f 12070 12071 12078
f 12079 12024 12023
f 12079 12025 12024
f 12079 12026 12025
f 12079 12027 12026
f 12079 12028 12027
f 12079 12029 12028
f 12079 12030 12029
f 12079 12023 12030
f 12080 12071 12072
f 12080 12072 12073
f 12080 12073 12074
f 12080 12074 12075
f 12080 12075 12076
f 12080 12076 12077
f 12080 12077 12078
f 12080 12078 12071
o Avarin_Eye_L
usemtl eye
s 1
v -0.04562 4.95992 -0.07603
v -0.04577 4.95992 -0.07681
v -0.04621 4.95992 -0.07746
v -0.04687 4.95992 -0.07790
v -0.04765 4.95992 -0.07806
v -0.04842 4.95992 -0.07790
v -0.04908 4.95992 -0.07746
v -0.04952 4.95992 -0.07681
v -0.04967 4.95992 -0.07603
v -0.04952 4.95992 -0.07525
v -0.04908 4.95992 -0.07460
v -0.04842 4.95992 -0.07416
v -0.04765 4.95992 -0.07400
v -0.04687 4.95992 -0.07416
v -0.04621 4.95992 -0.07460
v -0.04577 4.95992 -0.07525
v -0.04538 4.96017 -0.07603
v -0.04555 4.96017 -0.07681
v -0.04604 4.96017 -0.07746
v -0.04678 4.96017 -0.07790
v -0.04765 4.96017 -0.07806
v -0.04851 4.96017 -0.07790
v -0.04925 4.96017 -0.07746
v -0.04974 4.96017 -0.07681
v -0.04991 4.96017 -0.07603
v -0.04974 4.96017 -0.07525
v -0.04925 4.96017 -0.07460
v -0.04851 4.96017 -0.07416
v -0.04765 4.96017 -0.07400
v -0.04678 4.96017 -0.07416
v -0.04604 4.96017 -0.07460
v -0.04555 4.96017 -0.07525
v -0.04280 4.96056 -0.07603
v -0.04317 4.96056 -0.07737
v -0.04422 4.96056 -0.07850
v -0.04579 4.96056 -0.07926
v -0.04765 4.96056 -0.07953
v -0.04950 4.96056 -0.07926
v -0.05107 4.96056 -0.07850
v -0.05212 4.96056 -0.07737
v -0.05249 4.96056 -0.07603
v -0.05212 4.96056 -0.07469
v -0.05107 4.96056 -0.07356
v -0.04950 4.96056 -0.07280
v -0.04765 4.96056 -0.07253
v -0.04579 4.96056 -0.07280
v -0.04422 4.96056 -0.07356
v -0.04317 4.96056 -0.07469
v -0.04035 4.96118 -0.07603
v -0.04090 4.96118 -0.07805
v -0.04248 4.96118 -0.07976
v -0.04485 4.96118 -0.08090
v -0.04765 4.96118 -0.08130
v -0.05044 4.96118 -0.08090
v -0.05281 4.96118 -0.07976
v -0.05439 4.96118 -0.07805
v -0.05494 4.96118 -0.07603
v -0.05439 4.96118 -0.07401
v -0.05281 4.96118 -0.07230
v -0.05044 4.96118 -0.07116
v -0.04765 4.96118 -0.07076
v -0.04485 4.96118 -0.07116
v -0.04248 4.96118 -0.07230
v -0.04090 4.96118 -0.07401
v -0.03827 4.96208 -0.07603
v -0.03899 4.96208 -0.07862
v -0.04102 4.96208 -0.08082
v -0.04406 4.96208 -0.08228
v -0.04765 4.96208 -0.08280
v -0.05123 4.96208 -0.08228
v -0.05427 4.96208 -0.08082
v -0.05630 4.96208 -0.07862
v -0.05702 4.96208 -0.07603
v -0.05630 4.96208 -0.07344
v -0.05427 4.96208 -0.07124
v -0.05123 4.96208 -0.06978
v -0.04765 4.96208 -0.06926
v -0.04406 4.96208 -0.06978
v -0.04102 4.96208 -0.07124
v -0.03899 4.96208 -0.07344
v -0.03632 4.96320 -0.07603
v -0.03718 4.96320 -0.07916
v -0.03964 4.96320 -0.08181
v -0.04331 4.96320 -0.08359
v -0.04765 4.96320 -0.08421
v -0.05198 4.96320 -0.08359
v -0.05565 4.96320 -0.08181
v -0.05811 4.96320 -0.07916
v -0.05897 4.96320 -0.07603
v -0.05811 4.96320 -0.07290
v -0.05565 4.96320 -0.07025
v -0.05198 4.96320 -0.06847
v -0.04765 4.96320 -0.06785
v -0.04331 4.96320 -0.06847
v -0.03964 4.96320 -0.07025
v -0.03718 4.96320 -0.07290
v -0.03458 4.96450 -0.07603
v -0.03558 4.96450 -0.07964
v -0.03841 4.96450 -0.08270
v -0.04265 4.96450 -0.08475
v -0.04765 4.96450 -0.08546
v -0.05264 4.96450 -0.08475
v -0.05688 4.96450 -0.08270
v -0.05971 4.96450 -0.07964
v -0.06071 4.96450 -0.07603
v -0.05971 4.96450 -0.07242
v -0.05688 4.96450 -0.06936
v -0.05264 4.96450 -0.06731
v -0.04765 4.96450 -0.06660
v -0.04265 4.96450 -0.06731
v -0.03841 4.96450 -0.06936
v -0.03558 4.96450 -0.07242
v -0.03307 4.96598 -0.07603
v -0.03418 4.96598 -0.08006
v -0.03734 4.96598 -0.08347
v -0.04207 4.96598 -0.08576
v -0.04765 4.96598 -0.08656
v -0.05322 4.96598 -0.08576
v -0.05795 4.96598 -0.08347
v -0.06111 4.96598 -0.08006
v -0.06222 4.96598 -0.07603
v -0.06111 4.96598 -0.07200
v -0.05795 4.96598 -0.06859
v -0.05322 4.96598 -0.06630
v -0.04765 4.96598 -0.06550
v -0.04207 4.96598 -0.06630
v -0.03734 4.96598 -0.06859
v -0.03418 4.96598 -0.07200
v -0.03177 4.96764 -0.07603
v -0.03298 4.96764 -0.08042
v -0.03642 4.96764 -0.08414
v -0.04157 4.96764 -0.08662
v -0.04765 4.96764 -0.08750
v -0.05372 4.96764 -0.08662
v -0.05887 4.96764 -0.08414
v -0.06231 4.96764 -0.08042
v -0.06352 4.96764 -0.07603
v -0.06231 4.96764 -0.07164
v -0.05887 4.96764 -0.06792
v -0.05372 4.96764 -0.06544
v -0.04765 4.96764 -0.06456
v -0.04157 4.96764 -0.06544
v -0.03642 4.96764 -0.06792
v -0.03298 4.96764 -0.07164
v -0.03074 4.96939 -0.07603
v -0.03203 4.96939 -0.08070
v -0.03569 4.96939 -0.08466
v -0.04118 4.96939 -0.08731
v -0.04765 4.96939 -0.08824
v -0.05411 4.96939 -0.08731
v -0.05960 4.96939 -0.08466
v -0.06326 4.96939 -0.08070
v -0.06455 4.96939 -0.07603
v -0.06326 4.96939 -0.07136
v -0.05960 4.96939 -0.06740
v -0.05411 4.96939 -0.06475
v -0.04765 4.96939 -0.06382
v -0.04118 4.96939 -0.06475
v -0.03569 4.96939 -0.06740
v -0.03203 4.96939 -0.07136
v -0.03001 4.97124 -0.07603
v -0.03135 4.97124 -0.08090
v -0.03518 4.97124 -0.08504
v -0.04090 4.97124 -0.08780
v -0.04765 4.97124 -0.08877
v -0.05439 4.97124 -0.08780
v -0.06011 4.97124 -0.08504
v -0.06394 4.97124 -0.08090
v -0.06528 4.97124 -0.07603
v -0.06394 4.97124 -0.07116
v -0.06011 4.97124 -0.06702
v -0.05439 4.97124 -0.06426
v -0.04765 4.97124 -0.06329
v -0.04090 4.97124 -0.06426
v -0.03518 4.97124 -0.06702
v -0.03135 4.97124 -0.07116
v -0.02956 4.97318 -0.07603
v -0.03093 4.97318 -0.08103
v -0.03485 4.97318 -0.08527
v -0.04072 4.97318 -0.08810
v -0.04765 4.97318 -0.08909
v -0.05457 4.97318 -0.08810
v -0.06044 4.97318 -0.08527
v -0.06436 4.97318 -0.08103
v -0.06574 4.97318 -0.07603
v -0.06436 4.97318 -0.07103
v -0.06044 4.97318 -0.06679
v -0.05457 4.97318 -0.06396
v -0.04765 4.97318 -0.06296
v -0.04072 4.97318 -0.06396
v -0.03485 4.97318 -0.06679
v -0.03093 4.97318 -0.07103
v -0.02940 4.97512 -0.07603
v -0.03079 4.97512 -0.08107
v -0.03474 4.97512 -0.08535
v -0.04066 4.97512 -0.08820
v -0.04765 4.97512 -0.08921
v -0.05463 4.97512 -0.08820
v -0.06055 4.97512 -0.08535
v -0.06450 4.97512 -0.08107
v -0.06589 4.97512 -0.07603
v -0.06450 4.97512 -0.07099
v -0.06055 4.97512 -0.06671
v -0.05463 4.97512 -0.06385
v -0.04765 4.97512 -0.06285
v -0.04066 4.97512 -0.06385
v -0.03474 4.97512 -0.06671
v -0.03079 4.97512 -0.07099
v -0.02956 4.97706 -0.07603
v -0.03093 4.97706 -0.08103
v -0.03485 4.97706 -0.08527
v -0.04072 4.97706 -0.08810
v -0.04765 4.97706 -0.08909
v -0.05457 4.97706 -0.08810
v -0.06044 4.97706 -0.08527
v -0.06436 4.97706 -0.08103
v -0.06574 4.97706 -0.07603
v -0.06436 4.97706 -0.07103
v -0.06044 4.97706 -0.06679
v -0.05457 4.97706 -0.06396
v -0.04765 4.97706 -0.06296
v -0.04072 4.97706 -0.06396
v -0.03485 4.97706 -0.06679
v -0.03093 4.97706 -0.07103
v -0.03001 4.97900 -0.07603
v -0.03135 4.97900 -0.08090
v -0.03518 4.97900 -0.08504
v -0.04090 4.97900 -0.08780
v -0.04765 4.97900 -0.08877
v -0.05439 4.97900 -0.08780
v -0.06011 4.97900 -0.08504
v -0.06394 4.97900 -0.08090
v -0.06528 4.97900 -0.07603
v -0.06394 4.97900 -0.07116
v -0.06011 4.97900 -0.06702
v -0.05439 4.97900 -0.06426
v -0.04765 4.97900 -0.06329
v -0.04090 4.97900 -0.06426
v -0.03518 4.97900 -0.06702
v -0.03135 4.97900 -0.07116
v -0.03074 4.98085 -0.07603
v -0.03203 4.98085 -0.08070
v -0.03569 4.98085 -0.08466
v -0.04118 4.98085 -0.08731
v -0.04765 4.98085 -0.08824
v -0.05411 4.98085 -0.08731
v -0.05960 4.98085 -0.08466
v -0.06326 4.98085 -0.08070
v -0.06455 4.98085 -0.07603
v -0.06326 4.98085 -0.07136
v -0.05960 4.98085 -0.06740
v -0.05411 4.98085 -0.06475
v -0.04765 4.98085 -0.06382
v -0.04118 4.98085 -0.06475
v -0.03569 4.98085 -0.06740
v -0.03203 4.98085 -0.07136
v -0.03177 4.98260 -0.07603
v -0.03298 4.98260 -0.08042
v -0.03642 4.98260 -0.08414
v -0.04157 4.98260 -0.08662
v -0.04765 4.98260 -0.08750
v -0.05372 4.98260 -0.08662
v -0.05887 4.98260 -0.08414
v -0.06231 4.98260 -0.08042
v -0.06352 4.98260 -0.07603
v -0.06231 4.98260 -0.07164
v -0.05887 4.98260 -0.06792
v -0.05372 4.98260 -0.06544
v -0.04765 4.98260 -0.06456
v -0.04157 4.98260 -0.06544
v -0.03642 4.98260 -0.06792
v -0.03298 4.98260 -0.07164
v -0.03307 4.98426 -0.07603
v -0.03418 4.98426 -0.08006
v -0.03734 4.98426 -0.08347
v -0.04207 4.98426 -0.08576
v -0.04765 4.98426 -0.08656
v -0.05322 4.98426 -0.08576
v -0.05795 4.98426 -0.08347
v -0.06111 4.98426 -0.08006
v -0.06222 4.98426 -0.07603
v -0.06111 4.98426 -0.07200
v -0.05795 4.98426 -0.06859
v -0.05322 4.98426 -0.06630
v -0.04765 4.98426 -0.06550
v -0.04207 4.98426 -0.06630
v -0.03734 4.98426 -0.06859
v -0.03418 4.98426 -0.07200
v -0.03458 4.98574 -0.07603
v -0.03558 4.98574 -0.07964
v -0.03841 4.98574 -0.08270
v -0.04265 4.98574 -0.08475
v -0.04765 4.98574 -0.08546
v -0.05264 4.98574 -0.08475
v -0.05688 4.98574 -0.08270
v -0.05971 4.98574 -0.07964
v -0.06071 4.98574 -0.07603
v -0.05971 4.98574 -0.07242
v -0.05688 4.98574 -0.06936
v -0.05264 4.98574 -0.06731
v -0.04765 4.98574 -0.06660
v -0.04265 4.98574 -0.06731
v -0.03841 4.98574 -0.06936
v -0.03558 4.98574 -0.07242
v -0.03632 4.98704 -0.07603
v -0.03718 4.98704 -0.07916
v -0.03964 4.98704 -0.08181
v -0.04331 4.98704 -0.08359
v -0.04765 4.98704 -0.08421
v -0.05198 4.98704 -0.08359
v -0.05565 4.98704 -0.08181
v -0.05811 4.98704 -0.07916
v -0.05897 4.98704 -0.07603
v -0.05811 4.98704 -0.07290
v -0.05565 4.98704 -0.07025
v -0.05198 4.98704 -0.06847
v -0.04765 4.98704 -0.06785
v -0.04331 4.98704 -0.06847
v -0.03964 4.98704 -0.07025
v -0.03718 4.98704 -0.07290
v -0.03827 4.98816 -0.07603
v -0.03899 4.98816 -0.07862
v -0.04102 4.98816 -0.08082
v -0.04406 4.98816 -0.08228
v -0.04765 4.98816 -0.08280
v -0.05123 4.98816 -0.08228
v -0.05427 4.98816 -0.08082
v -0.05630 4.98816 -0.07862
v -0.05702 4.98816 -0.07603
v -0.05630 4.98816 -0.07344
v -0.05427 4.98816 -0.07124
v -0.05123 4.98816 -0.06978
v -0.04765 4.98816 -0.06926
v -0.04406 4.98816 -0.06978
v -0.04102 4.98816 -0.07124
v -0.03899 4.98816 -0.07344
v -0.04035 4.98906 -0.07603
v -0.04090 4.98906 -0.07805
v -0.04248 4.98906 -0.07976
v -0.04485 4.98906 -0.08090
v -0.04765 4.98906 -0.08130
v -0.05044 4.98906 -0.08090
v -0.05281 4.98906 -0.07976
v -0.05439 4.98906 -0.07805
v -0.05494 4.98906 -0.07603
v -0.05439 4.98906 -0.07401
v -0.05281 4.98906 -0.07230
v -0.05044 4.98906 -0.07116
v -0.04765 4.98906 -0.07076
v -0.04485 4.98906 -0.07116
v -0.04248 4.98906 -0.07230
v -0.04090 4.98906 -0.07401
v -0.04280 4.98968 -0.07603
v -0.04317 4.98968 -0.07737
v -0.04422 4.98968 -0.07850
v -0.04579 4.98968 -0.07926
v -0.04765 4.98968 -0.07953
v -0.04950 4.98968 -0.07926
v -0.05107 4.98968 -0.07850
v -0.05212 4.98968 -0.07737
v -0.05249 4.98968 -0.07603
v -0.05212 4.98968 -0.07469
v -0.05107 4.98968 -0.07356
v -0.04950 4.98968 -0.07280
v -0.04765 4.98968 -0.07253
v -0.04579 4.98968 -0.07280
v -0.04422 4.98968 -0.07356
v -0.04317 4.98968 -0.07469
v -0.04538 4.99007 -0.07603
v -0.04555 4.99007 -0.07681
v -0.04604 4.99007 -0.07746
v -0.04678 4.99007 -0.07790
v -0.04765 4.99007 -0.07806
v -0.04851 4.99007 -0.07790
v -0.04925 4.99007 -0.07746
v -0.04974 4.99007 -0.07681
v -0.04991 4.99007 -0.07603
v -0.04974 4.99007 -0.07525
v -0.04925 4.99007 -0.07460
v -0.04851 4.99007 -0.07416
v -0.04765 4.99007 -0.07400
v -0.04678 4.99007 -0.07416
v -0.04604 4.99007 -0.07460
v -0.04555 4.99007 -0.07525
v -0.04719 4.99032 -0.07603
v -0.04722 4.99032 -0.07616
v -0.04732 4.99032 -0.07626
v -0.04747 4.99032 -0.07633
v -0.04765 4.99032 -0.07636
v -0.04782 4.99032 -0.07633
v -0.04797 4.99032 -0.07626
v -0.04807 4.99032 -0.07616
v -0.04810 4.99032 -0.07603
v -0.04807 4.99032 -0.07590
v -0.04797 4.99032 -0.07580
v -0.04782 4.99032 -0.07573
v -0.04765 4.99032 -0.07570
v -0.04747 4.99032 -0.07573
v -0.04732 4.99032 -0.07580
v -0.04722 4.99032 -0.07590
v -0.04765 4.95992 -0.07603
v -0.04765 4.99032 -0.07603
f 12081 12082 12098
f 12081 12098 12097
f 12082 12083 12099
f 12082 12099 12098
f 12083 12084 12100
f 12083 12100 12099
f 12084 12085 12101
f 12084 12101 12100
f 12085 12086 12102
f 12085 12102 12101
f 12086 12087 12103
f 12086 12103 12102
f 12087 12088 12104
f 12087 12104 12103
f 12088 12089 12105
f 12088 12105 12104
f 12089 12090 12106
f 12089 12106 12105
f 12090 12091 12107
f 12090 12107 12106
f 12091 12092 12108
f 12091 12108 12107
f 12092 12093 12109
f 12092 12109 12108
f 12093 12094 12110
f 12093 12110 12109
f 12094 12095 12111
f 12094 12111 12110
f 12095 12096 12112
f 12095 12112 12111
f 12096 12081 12097
f 12096 12097 12112
f 12097 12098 12114
f 12097 12114 12113
f 12098 12099 12115
f 12098 12115 12114
f 12099 12100 12116
f 12099 12116 12115
f 12100 12101 12117
f 12100 12117 12116
f 12101 12102 12118
f 12101 12118 12117
f 12102 12103 12119
f 12102 12119 12118
f 12103 12104 12120
f 12103 12120 12119
f 12104 12105 12121
f 12104 12121 12120
f 12105 12106 12122
f 12105 12122 12121
f 12106 12107 12123
f 12106 12123 12122
f 12107 12108 12124
f 12107 12124 12123
f 12108 12109 12125
f 12108 12125 12124
f 12109 12110 12126
f 12109 12126 12125
f 12110 12111 12127
f 12110 12127 12126
f 12111 12112 12128
f 12111 12128 12127
f 12112 12097 12113
f 12112 12113 12128
f 12113 12114 12130
f 12113 12130 12129
f 12114 12115 12131
f 12114 12131 12130
f 12115 12116 12132
f 12115 12132 12131
f 12116 12117 12133
f 12116 12133 12132
f 12117 12118 12134
f 12117 12134 12133
f 12118 12119 12135
f 12118 12135 12134
f 12119 12120 12136
f 12119 12136 12135
f 12120 12121 12137
f 12120 12137 12136
f 12121 12122 12138
f 12121 12138 12137
f 12122 12123 12139
f 12122 12139 12138
f 12123 12124 12140
f 12123 12140 12139
f 12124 12125 12141
f 12124 12141 12140
f 12125 12126 12142
f 12125 12142 12141
f 12126 12127 12143
f 12126 12143 12142
f 12127 12128 12144
f 12127 12144 12143
f 12128 12113 12129
f 12128 12129 12144
f 12129 12130 12146
f 12129 12146 12145
f 12130 12131 12147
f 12130 12147 12146
f 12131 12132 12148
f 12131 12148 12147
f 12132 12133 12149
f 12132 12149 12148
f 12133 12134 12150
f 12133 12150 12149
f 12134 12135 12151
f 12134 12151 12150
f 12135 12136 12152
f 12135 12152 12151
f 12136 12137 12153
f 12136 12153 12152
f 12137 12138 12154
f 12137 12154 12153
f 12138 12139 12155
f 12138 12155 12154
f 12139 12140 12156
f 12139 12156 12155
f 12140 12141 12157
f 12140 12157 12156
f 12141 12142 12158
f 12141 12158 12157
f 12142 12143 12159
f 12142 12159 12158
f 12143 12144 12160
f 12143 12160 12159
f 12144 12129 12145
f 12144 12145 12160
f 12145 12146 12162
f 12145 12162 12161
f 12146 12147 12163
f 12146 12163 12162
f 12147 12148 12164
f 12147 12164 12163
f 12148 12149 12165
f 12148 12165 12164
f 12149 12150 12166
f 12149 12166 12165
f 12150 12151 12167
f 12150 12167 12166
f 12151 12152 12168
f 12151 12168 12167
f 12152 12153 12169
f 12152 12169 12168
f 12153 12154 12170
f 12153 12170 12169
f 12154 12155 12171
f 12154 12171 12170
f 12155 12156 12172
f 12155 12172 12171
f 12156 12157 12173
f 12156 12173 12172
f 12157 12158 12174
f 12157 12174 12173
f 12158 12159 12175
f 12158 12175 12174
f 12159 12160 12176
f 12159 12176 12175
f 12160 12145 12161
f 12160 12161 12176
f 12161 12162 12178
f 12161 12178 12177
f 12162 12163 12179
f 12162 12179 12178
f 12163 12164 12180
f 12163 12180 12179
f 12164 12165 12181
f 12164 12181 12180
f 12165 12166 12182
f 12165 12182 12181
f 12166 12167 12183
f 12166 12183 12182
f 12167 12168 12184
f 12167 12184 12183
f 12168 12169 12185
f 12168 12185 12184
f 12169 12170 12186
f 12169 12186 12185
f 12170 12171 12187
f 12170 12187 12186
f 12171 12172 12188
f 12171 12188 12187
f 12172 12173 12189
f 12172 12189 12188
f 12173 12174 12190
f 12173 12190 12189
f 12174 12175 12191
f 12174 12191 12190
f 12175 12176 12192
f 12175 12192 12191
f 12176 12161 12177
f 12176 12177 12192
f 12177 12178 12194
f 12177 12194 12193
f 12178 12179 12195
f 12178 12195 12194
f 12179 12180 12196
f 12179 12196 12195
f 12180 12181 12197
f 12180 12197 12196
f 12181 12182 12198
f 12181 12198 12197
f 12182 12183 12199
f 12182 12199 12198
f 12183 12184 12200
f 12183 12200 12199
f 12184 12185 12201
f 12184 12201 12200
f 12185 12186 12202
f 12185 12202 12201
f 12186 12187 12203
f 12186 12203 12202
f 12187 12188 12204
f 12187 12204 12203
f 12188 12189 12205
f 12188 12205 12204
f 12189 12190 12206
f 12189 12206 12205
f 12190 12191 12207
f 12190 12207 12206
f 12191 12192 12208
f 12191 12208 12207
f 12192 12177 12193
f 12192 12193 12208
f 12193 12194 12210
f 12193 12210 12209
f 12194 12195 12211
f 12194 12211 12210
f 12195 12196 12212
f 12195 12212 12211
f 12196 12197 12213
f 12196 12213 12212
f 12197 12198 12214
f 12197 12214 12213
f 12198 12199 12215
f 12198 12215 12214
f 12199 12200 12216
f 12199 12216 12215
f 12200 12201 12217
f 12200 12217 12216
f 12201 12202 12218
f 12201 12218 12217
f 12202 12203 12219
f 12202 12219 12218
f 12203 12204 12220
f 12203 12220 12219
f 12204 12205 12221
f 12204 12221 12220
f 12205 12206 12222
f 12205 12222 12221
f 12206 12207 12223
f 12206 12223 12222
f 12207 12208 12224
f 12207 12224 12223
f 12208 12193 12209
f 12208 12209 12224
f 12209 12210 12226
f 12209 12226 12225
f 12210 12211 12227
f 12210 12227 12226
f 12211 12212 12228
f 12211 12228 12227
f 12212 12213 12229
f 12212 12229 12228
f 12213 12214 12230
f 12213 12230 12229
f 12214 12215 12231
f 12214 12231 12230
f 12215 12216 12232
f 12215 12232 12231
f 12216 12217 12233
f 12216 12233 12232
f 12217 12218 12234
f 12217 12234 12233
f 12218 12219 12235
f 12218 12235 12234
f 12219 12220 12236
f 12219 12236 12235
f 12220 12221 12237
f 12220 12237 12236
f 12221 12222 12238
f 12221 12238 12237
f 12222 12223 12239
f 12222 12239 12238
f 12223 12224 12240
f 12223 12240 12239
f 12224 12209 12225
f 12224 12225 12240
f 12225 12226 12242
f 12225 12242 12241
f 12226 12227 12243
f 12226 12243 12242
f 12227 12228 12244
f 12227 12244 12243
f 12228 12229 12245
f 12228 12245 12244
f 12229 12230 12246
f 12229 12246 12245
f 12230 12231 12247
f 12230 12247 12246
f 12231 12232 12248
f 12231 12248 12247
f 12232 12233 12249
f 12232 12249 12248
f 12233 12234 12250
f 12233 12250 12249
f 12234 12235 12251
f 12234 12251 12250
f 12235 12236 12252
f 12235 12252 12251
f 12236 12237 12253
f 12236 12253 12252
f 12237 12238 12254
f 12237 12254 12253
f 12238 12239 12255
f 12238 12255 12254
f 12239 12240 12256
f 12239 12256 12255
f 12240 12225 12241
f 12240 12241 12256
f 12241 12242 12258
f 12241 12258 12257
f 12242 12243 12259
f 12242 12259 12258
f 12243 12244 12260
f 12243 12260 12259
f 12244 12245 12261
f 12244 12261 12260
f 12245 12246 12262
f 12245 12262 12261
f 12246 12247 12263
f 12246 12263 12262
f 12247 12248 12264
f 12247 12264 12263
f 12248 12249 12265
f 12248 12265 12264
f 12249 12250 12266
f 12249 12266 12265
f 12250 12251 12267
f 12250 12267 12266
f 12251 12252 12268
f 12251 12268 12267
f 12252 12253 12269
f 12252 12269 12268
f 12253 12254 12270
f 12253 12270 12269
f 12254 12255 12271
f 12254 12271 12270
f 12255 12256 12272
f 12255 12272 12271
f 12256 12241 12257
f 12256 12257 12272
f 12257 12258 12274
f 12257 12274 12273
f 12258 12259 12275
f 12258 12275 12274
f 12259 12260 12276
f 12259 12276 12275
f 12260 12261 12277
f 12260 12277 12276
f 12261 12262 12278
f 12261 12278 12277
f 12262 12263 12279
f 12262 12279 12278
f 12263 12264 12280
f 12263 12280 12279
f 12264 12265 12281
f 12264 12281 12280
f 12265 12266 12282
f 12265 12282 12281
f 12266 12267 12283
f 12266 12283 12282
f 12267 12268 12284
f 12267 12284 12283
f 12268 12269 12285
f 12268 12285 12284
f 12269 12270 12286
f 12269 12286 12285
f 12270 12271 12287
f 12270 12287 12286
f 12271 12272 12288
f 12271 12288 12287
f 12272 12257 12273
f 12272 12273 12288
f 12273 12274 12290
f 12273 12290 12289
f 12274 12275 12291
f 12274 12291 12290
f 12275 12276 12292
f 12275 12292 12291
f 12276 12277 12293
f 12276 12293 12292
f 12277 12278 12294
f 12277 12294 12293
f 12278 12279 12295
f 12278 12295 12294
f 12279 12280 12296
f 12279 12296 12295
f 12280 12281 12297
f 12280 12297 12296
f 12281 12282 12298
f 12281 12298 12297
f 12282 12283 12299
f 12282 12299 12298
f 12283 12284 12300
f 12283 12300 12299
f 12284 12285 12301
f 12284 12301 12300
f 12285 12286 12302
f 12285 12302 12301
f 12286 12287 12303
f 12286 12303 12302
f 12287 12288 12304
f 12287 12304 12303
f 12288 12273 12289
f 12288 12289 12304
f 12289 12290 12306
f 12289 12306 12305
f 12290 12291 12307
f 12290 12307 12306
f 12291 12292 12308
f 12291 12308 12307
f 12292 12293 12309
f 12292 12309 12308
f 12293 12294 12310
f 12293 12310 12309
f 12294 12295 12311
f 12294 12311 12310
f 12295 12296 12312
f 12295 12312 12311
f 12296 12297 12313
f 12296 12313 12312
f 12297 12298 12314
f 12297 12314 12313
f 12298 12299 12315
f 12298 12315 12314
f 12299 12300 12316
f 12299 12316 12315
f 12300 12301 12317
f 12300 12317 12316
f 12301 12302 12318
f 12301 12318 12317
f 12302 12303 12319
f 12302 12319 12318
f 12303 12304 12320
f 12303 12320 12319
f 12304 12289 12305
f 12304 12305 12320
f 12305 12306 12322
f 12305 12322 12321
f 12306 12307 12323
f 12306 12323 12322
f 12307 12308 12324
f 12307 12324 12323
f 12308 12309 12325
f 12308 12325 12324
f 12309 12310 12326
f 12309 12326 12325
f 12310 12311 12327
f 12310 12327 12326
f 12311 12312 12328
f 12311 12328 12327
f 12312 12313 12329
f 12312 12329 12328
f 12313 12314 12330
f 12313 12330 12329
f 12314 12315 12331
f 12314 12331 12330
f 12315 12316 12332
f 12315 12332 12331
f 12316 12317 12333
f 12316 12333 12332
f 12317 12318 12334
f 12317 12334 12333
f 12318 12319 12335
f 12318 12335 12334
f 12319 12320 12336
f 12319 12336 12335
f 12320 12305 12321
f 12320 12321 12336
f 12321 12322 12338
f 12321 12338 12337
f 12322 12323 12339
f 12322 12339 12338
f 12323 12324 12340
f 12323 12340 12339
f 12324 12325 12341
f 12324 12341 12340
f 12325 12326 12342
f 12325 12342 12341
f 12326 12327 12343
f 12326 12343 12342
f 12327 12328 12344
f 12327 12344 12343
f 12328 12329 12345
f 12328 12345 12344
f 12329 12330 12346
f 12329 12346 12345
f 12330 12331 12347
f 12330 12347 12346
f 12331 12332 12348
f 12331 12348 12347
f 12332 12333 12349
f 12332 12349 12348
f 12333 12334 12350
f 12333 12350 12349
f 12334 12335 12351
f 12334 12351 12350
f 12335 12336 12352
f 12335 12352 12351
f 12336 12321 12337
f 12336 12337 12352
f 12337 12338 12354
f 12337 12354 12353
f 12338 12339 12355
f 12338 12355 12354
f 12339 12340 12356
f 12339 12356 12355
f 12340 12341 12357
f 12340 12357 12356
f 12341 12342 12358
f 12341 12358 12357
f 12342 12343 12359
f 12342 12359 12358
f 12343 12344 12360
f 12343 12360 12359
f 12344 12345 12361
f 12344 12361 12360
f 12345 12346 12362
f 12345 12362 12361
f 12346 12347 12363
f 12346 12363 12362
f 12347 12348 12364
f 12347 12364 12363
f 12348 12349 12365
f 12348 12365 12364
f 12349 12350 12366
f 12349 12366 12365
f 12350 12351 12367
f 12350 12367 12366
f 12351 12352 12368
f 12351 12368 12367
f 12352 12337 12353
f 12352 12353 12368
f 12353 12354 12370
f 12353 12370 12369
f 12354 12355 12371
f 12354 12371 12370
f 12355 12356 12372
f 12355 12372 12371
f 12356 12357 12373
f 12356 12373 12372
f 12357 12358 12374
f 12357 12374 12373
f 12358 12359 12375
f 12358 12375 12374
f 12359 12360 12376
f 12359 12376 12375
f 12360 12361 12377
f 12360 12377 12376
f 12361 12362 12378
f 12361 12378 12377
f 12362 12363 12379
f 12362 12379 12378
f 12363 12364 12380
f 12363 12380 12379
f 12364 12365 12381
f 12364 12381 12380
f 12365 12366 12382
f 12365 12382 12381
f 12366 12367 12383
f 12366 12383 12382
f 12367 12368 12384
f 12367 12384 12383
f 12368 12353 12369
f 12368 12369 12384
f 12369 12370 12386
f 12369 12386 12385
f 12370 12371 12387
f 12370 12387 12386
f 12371 12372 12388
f 12371 12388 12387
f 12372 12373 12389
f 12372 12389 12388
f 12373 12374 12390
f 12373 12390 12389
f 12374 12375 12391
f 12374 12391 12390
f 12375 12376 12392
f 12375 12392 12391
f 12376 12377 12393
f 12376 12393 12392
f 12377 12378 12394
f 12377 12394 12393
f 12378 12379 12395
f 12378 12395 12394
f 12379 12380 12396
f 12379 12396 12395
f 12380 12381 12397
f 12380 12397 12396
f 12381 12382 12398
f 12381 12398 12397
f 12382 12383 12399
f 12382 12399 12398
f 12383 12384 12400
f 12383 12400 12399
f 12384 12369 12385
f 12384 12385 12400
f 12385 12386 12402
f 12385 12402 12401
f 12386 12387 12403
f 12386 12403 12402
f 12387 12388 12404
f 12387 12404 12403
f 12388 12389 12405
f 12388 12405 12404
f 12389 12390 12406
f 12389 12406 12405
f 12390 12391 12407
f 12390 12407 12406
f 12391 12392 12408
f 12391 12408 12407
f 12392 12393 12409
f 12392 12409 12408
f 12393 12394 12410
f 12393 12410 12409
f 12394 12395 12411
f 12394 12411 12410
f 12395 12396 12412
f 12395 12412 12411
f 12396 12397 12413
f 12396 12413 12412
f 12397 12398 12414
f 12397 12414 12413
f 12398 12399 12415
f 12398 12415 12414
f 12399 12400 12416
f 12399 12416 12415
f 12400 12385 12401
f 12400 12401 12416
f 12401 12402 12418
f 12401 12418 12417
f 12402 12403 12419
f 12402 12419 12418
f 12403 12404 12420
f 12403 12420 12419
f 12404 12405 12421
f 12404 12421 12420
f 12405 12406 12422
f 12405 12422 12421
f 12406 12407 12423
f 12406 12423 12422
f 12407 12408 12424
f 12407 12424 12423
f 12408 12409 12425
f 12408 12425 12424
f 12409 12410 12426
f 12409 12426 12425
f 12410 12411 12427
f 12410 12427 12426
f 12411 12412 12428
f 12411 12428 12427
f 12412 12413 12429
f 12412 12429 12428
f 12413 12414 12430
f 12413 12430 12429
f 12414 12415 12431
f 12414 12431 12430
f 12415 12416 12432
f 12415 12432 12431
f 12416 12401 12417
f 12416 12417 12432
f 12417 12418 12434
f 12417 12434 12433
f 12418 12419 12435
f 12418 12435 12434
f 12419 12420 12436
f 12419 12436 12435
f 12420 12421 12437
f 12420 12437 12436
f 12421 12422 12438
f 12421 12438 12437
f 12422 12423 12439
f 12422 12439 12438
f 12423 12424 12440
f 12423 12440 12439
f 12424 12425 12441
f 12424 12441 12440
f 12425 12426 12442
f 12425 12442 12441
f 12426 12427 12443
f 12426 12443 12442
f 12427 12428 12444
f 12427 12444 12443
f 12428 12429 12445
f 12428 12445 12444
f 12429 12430 12446
f 12429 12446 12445
f 12430 12431 12447
f 12430 12447 12446
f 12431 12432 12448
f 12431 12448 12447
f 12432 12417 12433
f 12432 12433 12448
f 12433 12434 12450
f 12433 12450 12449
f 12434 12435 12451
f 12434 12451 12450
f 12435 12436 12452
f 12435 12452 12451
f 12436 12437 12453
f 12436 12453 12452
f 12437 12438 12454
f 12437 12454 12453
f 12438 12439 12455
f 12438 12455 12454
f 12439 12440 12456
f 12439 12456 12455
f 12440 12441 12457
f 12440 12457 12456
f 12441 12442 12458
f 12441 12458 12457
f 12442 12443 12459
f 12442 12459 12458
f 12443 12444 12460
f 12443 12460 12459
f 12444 12445 12461
f 12444 12461 12460
f 12445 12446 12462
f 12445 12462 12461
f 12446 12447 12463
f 12446 12463 12462
f 12447 12448 12464
f 12447 12464 12463
f 12448 12433 12449
f 12448 12449 12464
f 12449 12450 12466
f 12449 12466 12465
f 12450 12451 12467
f 12450 12467 12466
f 12451 12452 12468
f 12451 12468 12467
f 12452 12453 12469
f 12452 12469 12468
f 12453 12454 12470
f 12453 12470 12469
f 12454 12455 12471
f 12454 12471 12470
f 12455 12456 12472
f 12455 12472 12471
f 12456 12457 12473
f 12456 12473 12472
f 12457 12458 12474
f 12457 12474 12473
f 12458 12459 12475
f 12458 12475 12474
f 12459 12460 12476
f 12459 12476 12475
f 12460 12461 12477
f 12460 12477 12476
f 12461 12462 12478
f 12461 12478 12477
f 12462 12463 12479
f 12462 12479 12478
f 12463 12464 12480
f 12463 12480 12479
f 12464 12449 12465
f 12464 12465 12480
f 12481 12082 12081
f 12481 12083 12082
f 12481 12084 12083
f 12481 12085 12084
f 12481 12086 12085
f 12481 12087 12086
f 12481 12088 12087
f 12481 12089 12088
f 12481 12090 12089
f 12481 12091 12090
f 12481 12092 12091
f 12481 12093 12092
f 12481 12094 12093
f 12481 12095 12094
f 12481 12096 12095
f 12481 12081 12096
f 12482 12465 12466
f 12482 12466 12467
f 12482 12467 12468
f 12482 12468 12469
f 12482 12469 12470
f 12482 12470 12471
f 12482 12471 12472
f 12482 12472 12473
f 12482 12473 12474
f 12482 12474 12475
f 12482 12475 12476
f 12482 12476 12477
f 12482 12477 12478
f 12482 12478 12479
f 12482 12479 12480
f 12482 12480 12465
o Avarin_Temple_L
usemtl grown_mineral
s 1
v -0.11432 5.02335 -0.14192
v -0.10959 5.01911 -0.14976
v -0.10004 5.01880 -0.15300
v -0.09128 5.02259 -0.14976
v -0.08843 5.02826 -0.14192
v -0.09316 5.03250 -0.13409
v -0.10270 5.03281 -0.13084
v -0.11147 5.02903 -0.13409
v -0.11019 5.00158 -0.12765
v -0.10548 4.99743 -0.13555
v -0.09594 4.99714 -0.13881
v -0.08717 5.00089 -0.13555
v -0.08429 5.00648 -0.12765
v -0.08901 5.01063 -0.11976
v -0.09855 5.01092 -0.11650
v -0.10732 5.00717 -0.11976
v -0.10438 4.97082 -0.10832
v -0.09980 4.96731 -0.11659
v -0.09031 4.96727 -0.12001
v -0.08147 4.97073 -0.11659
v -0.07847 4.97566 -0.10832
v -0.08305 4.97918 -0.10005
v -0.09254 4.97922 -0.09662
v -0.10137 4.97576 -0.10005
v -0.09914 4.94239 -0.09630
v -0.09506 4.94148 -0.10548
v -0.08577 4.94246 -0.10928
v -0.07671 4.94476 -0.10548
v -0.07319 4.94703 -0.09630
v -0.07728 4.94793 -0.08713
v -0.08657 4.94695 -0.08332
v -0.09562 4.94466 -0.08713
v -0.09503 4.91850 -0.09893
v -0.09163 4.92154 -0.10793
v -0.08261 4.92408 -0.11165
v -0.07325 4.92463 -0.10793
v -0.06904 4.92286 -0.09893
v -0.07244 4.91982 -0.08994
v -0.08147 4.91728 -0.08621
v -0.09082 4.91673 -0.08994
v -0.09148 4.89678 -0.10888
v -0.08831 4.90134 -0.11730
v -0.07938 4.90447 -0.12079
v -0.06992 4.90434 -0.11730
v -0.06546 4.90103 -0.10888
v -0.06863 4.89647 -0.10046
v -0.07756 4.89334 -0.09697
v -0.08702 4.89347 -0.10046
v -0.08904 4.88177 -0.11658
v -0.08590 4.88654 -0.12489
v -0.07698 4.88976 -0.12834
v -0.06751 4.88953 -0.12489
v -0.06302 4.88600 -0.11658
v -0.06616 4.88123 -0.10826
v -0.07508 4.87801 -0.10482
v -0.08455 4.87824 -0.10826
v -0.10137 5.02581 -0.14192
v -0.07603 4.88388 -0.11658
f 12483 12484 12492
f 12483 12492 12491
f 12484 12485 12493
f 12484 12493 12492
f 12485 12486 12494
f 12485 12494 12493
f 12486 12487 12495
f 12486 12495 12494
f 12487 12488 12496
f 12487 12496 12495
f 12488 12489 12497
f 12488 12497 12496
f 12489 12490 12498
f 12489 12498 12497
f 12490 12483 12491
f 12490 12491 12498
f 12491 12492 12500
f 12491 12500 12499
f 12492 12493 12501
f 12492 12501 12500
f 12493 12494 12502
f 12493 12502 12501
f 12494 12495 12503
f 12494 12503 12502
f 12495 12496 12504
f 12495 12504 12503
f 12496 12497 12505
f 12496 12505 12504
f 12497 12498 12506
f 12497 12506 12505
f 12498 12491 12499
f 12498 12499 12506
f 12499 12500 12508
f 12499 12508 12507
f 12500 12501 12509
f 12500 12509 12508
f 12501 12502 12510
f 12501 12510 12509
f 12502 12503 12511
f 12502 12511 12510
f 12503 12504 12512
f 12503 12512 12511
f 12504 12505 12513
f 12504 12513 12512
f 12505 12506 12514
f 12505 12514 12513
f 12506 12499 12507
f 12506 12507 12514
f 12507 12508 12516
f 12507 12516 12515
f 12508 12509 12517
f 12508 12517 12516
f 12509 12510 12518
f 12509 12518 12517
f 12510 12511 12519
f 12510 12519 12518
f 12511 12512 12520
f 12511 12520 12519
f 12512 12513 12521
f 12512 12521 12520
f 12513 12514 12522
f 12513 12522 12521
f 12514 12507 12515
f 12514 12515 12522
f 12515 12516 12524
f 12515 12524 12523
f 12516 12517 12525
f 12516 12525 12524
f 12517 12518 12526
f 12517 12526 12525
f 12518 12519 12527
f 12518 12527 12526
f 12519 12520 12528
f 12519 12528 12527
f 12520 12521 12529
f 12520 12529 12528
f 12521 12522 12530
f 12521 12530 12529
f 12522 12515 12523
f 12522 12523 12530
f 12523 12524 12532
f 12523 12532 12531
f 12524 12525 12533
f 12524 12533 12532
f 12525 12526 12534
f 12525 12534 12533
f 12526 12527 12535
f 12526 12535 12534
f 12527 12528 12536
f 12527 12536 12535
f 12528 12529 12537
f 12528 12537 12536
f 12529 12530 12538
f 12529 12538 12537
f 12530 12523 12531
f 12530 12531 12538
f 12539 12484 12483
f 12539 12485 12484
f 12539 12486 12485
f 12539 12487 12486
f 12539 12488 12487
f 12539 12489 12488
f 12539 12490 12489
f 12539 12483 12490
f 12540 12531 12532
f 12540 12532 12533
f 12540 12533 12534
f 12540 12534 12535
f 12540 12535 12536
f 12540 12536 12537
f 12540 12537 12538
f 12540 12538 12531
o Avarin_Arm_L
usemtl cloth
s 1
v -0.29940 4.64928 -0.19261
v -0.29158 4.61776 -0.23520
v -0.25370 4.58722 -0.26152
v -0.20023 4.56931 -0.26152
v -0.15159 4.57089 -0.23520
v -0.12637 4.59135 -0.19261
v -0.13419 4.62287 -0.15002
v -0.17207 4.65341 -0.12369
v -0.22554 4.67132 -0.12369
v -0.27417 4.66974 -0.15002
v -0.32118 4.56257 -0.13554
v -0.31402 4.53280 -0.17411
v -0.27897 4.50433 -0.19795
v -0.22944 4.48804 -0.19795
v -0.18434 4.49015 -0.17411
v -0.16090 4.50985 -0.13554
v -0.16807 4.53963 -0.09697
v -0.20311 4.56810 -0.07313
v -0.25264 4.58439 -0.07313
v -0.29774 4.58228 -0.09697
v -0.35014 4.44178 -0.05144
v -0.34394 4.41095 -0.08106
v -0.31263 4.38423 -0.09937
v -0.26818 4.37182 -0.09937
v -0.22756 4.37846 -0.08106
v -0.20629 4.40162 -0.05144
v -0.21248 4.43245 -0.02181
v -0.24379 4.45917 -0.00350
v -0.28824 4.47158 -0.00350
v -0.32887 4.46494 -0.02181
v -0.35980 4.34661 0.05377
v -0.34771 4.31233 0.04303
v -0.31509 4.29115 0.03521
v -0.27441 4.29115 0.03330
v -0.24121 4.31233 0.03804
v -0.22816 4.34661 0.04760
v -0.24026 4.38088 0.05834
v -0.27287 4.40207 0.06616
v -0.31355 4.40207 0.06807
v -0.34675 4.38088 0.06334
v -0.32401 4.35036 0.20348
v -0.31189 4.31856 0.20545
v -0.28261 4.29891 0.20107
v -0.24734 4.29891 0.19203
v -0.21956 4.31856 0.18178
v -0.20989 4.35036 0.17422
v -0.22200 4.38216 0.17226
v -0.25129 4.40182 0.17664
v -0.28656 4.40182 0.18568
v -0.31433 4.38216 0.19593
v -0.26889 4.39354 0.36096
v -0.25692 4.36527 0.36536
v -0.23028 4.34779 0.36200
v -0.19915 4.34779 0.35216
v -0.17541 4.36527 0.33960
v -0.16814 4.39354 0.32913
v -0.18011 4.42181 0.32473
v -0.20675 4.43929 0.32809
v -0.23788 4.43929 0.33793
v -0.26162 4.42181 0.35048
v -0.22876 4.42771 0.47119
v -0.21754 4.40140 0.47564
v -0.19293 4.38514 0.47266
v -0.16433 4.38514 0.46338
v -0.14265 4.40140 0.45135
v -0.13619 4.42771 0.44117
v -0.14740 4.45401 0.43672
v -0.17201 4.47027 0.43970
v -0.20061 4.47027 0.44898
v -0.22229 4.45401 0.46100
v -0.21288 4.62032 -0.19261
v -0.18247 4.42771 0.45618
f 12541 12542 12552
f 12541 12552 12551
f 12542 12543 12553
f 12542 12553 12552
f 12543 12544 12554
f 12543 12554 12553
f 12544 12545 12555
f 12544 12555 12554
f 12545 12546 12556
f 12545 12556 12555
f 12546 12547 12557
f 12546 12557 12556
f 12547 12548 12558
f 12547 12558 12557
f 12548 12549 12559
f 12548 12559 12558
f 12549 12550 12560
f 12549 12560 12559
f 12550 12541 12551
f 12550 12551 12560
f 12551 12552 12562
f 12551 12562 12561
f 12552 12553 12563
f 12552 12563 12562
f 12553 12554 12564
f 12553 12564 12563
f 12554 12555 12565
f 12554 12565 12564
f 12555 12556 12566
f 12555 12566 12565
f 12556 12557 12567
f 12556 12567 12566
f 12557 12558 12568
f 12557 12568 12567
f 12558 12559 12569
f 12558 12569 12568
f 12559 12560 12570
f 12559 12570 12569
f 12560 12551 12561
f 12560 12561 12570
f 12561 12562 12572
f 12561 12572 12571
f 12562 12563 12573
f 12562 12573 12572
f 12563 12564 12574
f 12563 12574 12573
f 12564 12565 12575
f 12564 12575 12574
f 12565 12566 12576
f 12565 12576 12575
f 12566 12567 12577
f 12566 12577 12576
f 12567 12568 12578
f 12567 12578 12577
f 12568 12569 12579
f 12568 12579 12578
f 12569 12570 12580
f 12569 12580 12579
f 12570 12561 12571
f 12570 12571 12580
f 12571 12572 12582
f 12571 12582 12581
f 12572 12573 12583
f 12572 12583 12582
f 12573 12574 12584
f 12573 12584 12583
f 12574 12575 12585
f 12574 12585 12584
f 12575 12576 12586
f 12575 12586 12585
f 12576 12577 12587
f 12576 12587 12586
f 12577 12578 12588
f 12577 12588 12587
f 12578 12579 12589
f 12578 12589 12588
f 12579 12580 12590
f 12579 12590 12589
f 12580 12571 12581
f 12580 12581 12590
f 12581 12582 12592
f 12581 12592 12591
f 12582 12583 12593
f 12582 12593 12592
f 12583 12584 12594
f 12583 12594 12593
f 12584 12585 12595
f 12584 12595 12594
f 12585 12586 12596
f 12585 12596 12595
f 12586 12587 12597
f 12586 12597 12596
f 12587 12588 12598
f 12587 12598 12597
f 12588 12589 12599
f 12588 12599 12598
f 12589 12590 12600
f 12589 12600 12599
f 12590 12581 12591
f 12590 12591 12600
f 12591 12592 12602
f 12591 12602 12601
f 12592 12593 12603
f 12592 12603 12602
f 12593 12594 12604
f 12593 12604 12603
f 12594 12595 12605
f 12594 12605 12604
f 12595 12596 12606
f 12595 12606 12605
f 12596 12597 12607
f 12596 12607 12606
f 12597 12598 12608
f 12597 12608 12607
f 12598 12599 12609
f 12598 12609 12608
f 12599 12600 12610
f 12599 12610 12609
f 12600 12591 12601
f 12600 12601 12610
f 12611 12542 12541
f 12611 12543 12542
f 12611 12544 12543
f 12611 12545 12544
f 12611 12546 12545
f 12611 12547 12546
f 12611 12548 12547
f 12611 12549 12548
f 12611 12550 12549
f 12611 12541 12550
f 12612 12601 12602
f 12612 12602 12603
f 12612 12603 12604
f 12612 12604 12605
f 12612 12605 12606
f 12612 12606 12607
f 12612 12607 12608
f 12612 12608 12609
f 12612 12609 12610
f 12612 12610 12601
o Avarin_Hand_L
usemtl avar_skin
s 1
v -0.18044 4.38717 0.47645
v -0.18060 4.38717 0.47568
v -0.18104 4.38717 0.47502
v -0.18170 4.38717 0.47458
v -0.18247 4.38717 0.47443
v -0.18325 4.38717 0.47458
v -0.18390 4.38717 0.47502
v -0.18434 4.38717 0.47568
v -0.18450 4.38717 0.47645
v -0.18434 4.38717 0.47723
v -0.18390 4.38717 0.47789
v -0.18325 4.38717 0.47833
v -0.18247 4.38717 0.47848
v -0.18170 4.38717 0.47833
v -0.18104 4.38717 0.47789
v -0.18060 4.38717 0.47723
v -0.17617 4.38784 0.47645
v -0.17665 4.38784 0.47307
v -0.17801 4.38784 0.47021
v -0.18006 4.38784 0.46830
v -0.18247 4.38784 0.46763
v -0.18488 4.38784 0.46830
v -0.18693 4.38784 0.47021
v -0.18830 4.38784 0.47307
v -0.18878 4.38784 0.47645
v -0.18830 4.38784 0.47983
v -0.18693 4.38784 0.48269
v -0.18488 4.38784 0.48461
v -0.18247 4.38784 0.48528
v -0.18006 4.38784 0.48461
v -0.17801 4.38784 0.48269
v -0.17665 4.38784 0.47983
v -0.16902 4.38889 0.47645
v -0.17004 4.38889 0.46924
v -0.17296 4.38889 0.46313
v -0.17732 4.38889 0.45905
v -0.18247 4.38889 0.45762
v -0.18762 4.38889 0.45905
v -0.19198 4.38889 0.46313
v -0.19490 4.38889 0.46924
v -0.19593 4.38889 0.47645
v -0.19490 4.38889 0.48366
v -0.19198 4.38889 0.48977
v -0.18762 4.38889 0.49385
v -0.18247 4.38889 0.49529
v -0.17732 4.38889 0.49385
v -0.17296 4.38889 0.48977
v -0.17004 4.38889 0.48366
v -0.16220 4.39054 0.47645
v -0.16374 4.39054 0.46559
v -0.16814 4.39054 0.45638
v -0.17471 4.39054 0.45023
v -0.18247 4.39054 0.44807
v -0.19023 4.39054 0.45023
v -0.19681 4.39054 0.45638
v -0.20120 4.39054 0.46559
v -0.20274 4.39054 0.47645
v -0.20120 4.39054 0.48731
v -0.19681 4.39054 0.49652
v -0.19023 4.39054 0.50267
v -0.18247 4.39054 0.50483
v -0.17471 4.39054 0.50267
v -0.16814 4.39054 0.49652
v -0.16374 4.39054 0.48731
v -0.15644 4.39293 0.47645
v -0.15842 4.39293 0.46251
v -0.16407 4.39293 0.45068
v -0.17251 4.39293 0.44279
v -0.18247 4.39293 0.44001
v -0.19243 4.39293 0.44279
v -0.20088 4.39293 0.45068
v -0.20652 4.39293 0.46251
v -0.20850 4.39293 0.47645
v -0.20652 4.39293 0.49040
v -0.20088 4.39293 0.50222
v -0.19243 4.39293 0.51012
v -0.18247 4.39293 0.51289
v -0.17251 4.39293 0.51012
v -0.16407 4.39293 0.50222
v -0.15842 4.39293 0.49040
v -0.15102 4.39593 0.47645
v -0.15341 4.39593 0.45960
v -0.16023 4.39593 0.44531
v -0.17043 4.39593 0.43577
v -0.18247 4.39593 0.43242
v -0.19451 4.39593 0.43577
v -0.20471 4.39593 0.44531
v -0.21153 4.39593 0.45960
v -0.21393 4.39593 0.47645
v -0.21153 4.39593 0.49330
v -0.20471 4.39593 0.50759
v -0.19451 4.39593 0.51714
v -0.18247 4.39593 0.52049
v -0.17043 4.39593 0.51714
v -0.16023 4.39593 0.50759
v -0.15341 4.39593 0.49330
v -0.14619 4.39939 0.47645
v -0.14895 4.39939 0.45701
v -0.15681 4.39939 0.44053
v -0.16859 4.39939 0.42952
v -0.18247 4.39939 0.42565
v -0.19636 4.39939 0.42952
v -0.20813 4.39939 0.44053
v -0.21599 4.39939 0.45701
v -0.21876 4.39939 0.47645
v -0.21599 4.39939 0.49589
v -0.20813 4.39939 0.51237
v -0.19636 4.39939 0.52339
v -0.18247 4.39939 0.52725
v -0.16859 4.39939 0.52339
v -0.15681 4.39939 0.51237
v -0.14895 4.39939 0.49589
v -0.14198 4.40334 0.47645
v -0.14506 4.40334 0.45476
v -0.15384 4.40334 0.43637
v -0.16698 4.40334 0.42408
v -0.18247 4.40334 0.41976
v -0.19797 4.40334 0.42408
v -0.21110 4.40334 0.43637
v -0.21988 4.40334 0.45476
v -0.22296 4.40334 0.47645
v -0.21988 4.40334 0.49815
v -0.21110 4.40334 0.51654
v -0.19797 4.40334 0.52883
v -0.18247 4.40334 0.53314
v -0.16698 4.40334 0.52883
v -0.15384 4.40334 0.51654
v -0.14506 4.40334 0.49815
v -0.13837 4.40776 0.47645
v -0.14172 4.40776 0.45282
v -0.15128 4.40776 0.43279
v -0.16559 4.40776 0.41941
v -0.18247 4.40776 0.41470
v -0.19935 4.40776 0.41941
v -0.21366 4.40776 0.43279
v -0.22322 4.40776 0.45282
v -0.22658 4.40776 0.47645
v -0.22322 4.40776 0.50008
v -0.21366 4.40776 0.52011
v -0.19935 4.40776 0.53350
v -0.18247 4.40776 0.53820
v -0.16559 4.40776 0.53350
v -0.15128 4.40776 0.52011
v -0.14172 4.40776 0.50008
v -0.13552 4.41242 0.47645
v -0.13910 4.41242 0.45130
v -0.14927 4.41242 0.42998
v -0.16450 4.41242 0.41573
v -0.18247 4.41242 0.41072
v -0.20044 4.41242 0.41573
v -0.21567 4.41242 0.42998
v -0.22585 4.41242 0.45130
v -0.22942 4.41242 0.47645
v -0.22585 4.41242 0.50161
v -0.21567 4.41242 0.52293
v -0.20044 4.41242 0.53718
v -0.18247 4.41242 0.54218
v -0.16450 4.41242 0.53718
v -0.14927 4.41242 0.52293
v -0.13910 4.41242 0.50161
v -0.13349 4.41735 0.47645
v -0.13722 4.41735 0.45021
v -0.14783 4.41735 0.42796
v -0.16373 4.41735 0.41309
v -0.18247 4.41735 0.40787
v -0.20122 4.41735 0.41309
v -0.21711 4.41735 0.42796
v -0.22773 4.41735 0.45021
v -0.23146 4.41735 0.47645
v -0.22773 4.41735 0.50270
v -0.21711 4.41735 0.52494
v -0.20122 4.41735 0.53981
v -0.18247 4.41735 0.54503
v -0.16373 4.41735 0.53981
v -0.14783 4.41735 0.52494
v -0.13722 4.41735 0.50270
v -0.13222 4.42253 0.47645
v -0.13605 4.42253 0.44953
v -0.14694 4.42253 0.42671
v -0.16324 4.42253 0.41146
v -0.18247 4.42253 0.40610
v -0.20170 4.42253 0.41146
v -0.21800 4.42253 0.42671
v -0.22890 4.42253 0.44953
v -0.23272 4.42253 0.47645
v -0.22890 4.42253 0.50337
v -0.21800 4.42253 0.52620
v -0.20170 4.42253 0.54145
v -0.18247 4.42253 0.54680
v -0.16324 4.42253 0.54145
v -0.14694 4.42253 0.52620
v -0.13605 4.42253 0.50337
v -0.13178 4.42771 0.47645
v -0.13564 4.42771 0.44930
v -0.14663 4.42771 0.42628
v -0.16307 4.42771 0.41089
v -0.18247 4.42771 0.40549
v -0.20187 4.42771 0.41089
v -0.21831 4.42771 0.42628
v -0.22930 4.42771 0.44930
v -0.23316 4.42771 0.47645
v -0.22930 4.42771 0.50361
v -0.21831 4.42771 0.52663
v -0.20187 4.42771 0.54201
v -0.18247 4.42771 0.54741
v -0.16307 4.42771 0.54201
v -0.14663 4.42771 0.52663
v -0.13564 4.42771 0.50361
v -0.13222 4.43288 0.47645
v -0.13605 4.43288 0.44953
v -0.14694 4.43288 0.42671
v -0.16324 4.43288 0.41146
v -0.18247 4.43288 0.40610
v -0.20170 4.43288 0.41146
v -0.21800 4.43288 0.42671
v -0.22890 4.43288 0.44953
v -0.23272 4.43288 0.47645
v -0.22890 4.43288 0.50337
v -0.21800 4.43288 0.52620
v -0.20170 4.43288 0.54145
v -0.18247 4.43288 0.54680
v -0.16324 4.43288 0.54145
v -0.14694 4.43288 0.52620
v -0.13605 4.43288 0.50337
v -0.13349 4.43806 0.47645
v -0.13722 4.43806 0.45021
v -0.14783 4.43806 0.42796
v -0.16373 4.43806 0.41309
v -0.18247 4.43806 0.40787
v -0.20122 4.43806 0.41309
v -0.21711 4.43806 0.42796
v -0.22773 4.43806 0.45021
v -0.23146 4.43806 0.47645
v -0.22773 4.43806 0.50270
v -0.21711 4.43806 0.52494
v -0.20122 4.43806 0.53981
v -0.18247 4.43806 0.54503
v -0.16373 4.43806 0.53981
v -0.14783 4.43806 0.52494
v -0.13722 4.43806 0.50270
v -0.13552 4.44299 0.47645
v -0.13910 4.44299 0.45130
v -0.14927 4.44299 0.42998
v -0.16450 4.44299 0.41573
v -0.18247 4.44299 0.41072
v -0.20044 4.44299 0.41573
v -0.21567 4.44299 0.42998
v -0.22585 4.44299 0.45130
v -0.22942 4.44299 0.47645
v -0.22585 4.44299 0.50161
v -0.21567 4.44299 0.52293
v -0.20044 4.44299 0.53718
v -0.18247 4.44299 0.54218
v -0.16450 4.44299 0.53718
v -0.14927 4.44299 0.52293
v -0.13910 4.44299 0.50161
v -0.13837 4.44765 0.47645
v -0.14172 4.44765 0.45282
v -0.15128 4.44765 0.43279
v -0.16559 4.44765 0.41941
v -0.18247 4.44765 0.41470
v -0.19935 4.44765 0.41941
v -0.21366 4.44765 0.43279
v -0.22322 4.44765 0.45282
v -0.22658 4.44765 0.47645
v -0.22322 4.44765 0.50008
v -0.21366 4.44765 0.52011
v -0.19935 4.44765 0.53350
v -0.18247 4.44765 0.53820
v -0.16559 4.44765 0.53350
v -0.15128 4.44765 0.52011
v -0.14172 4.44765 0.50008
v -0.14198 4.45207 0.47645
v -0.14506 4.45207 0.45476
v -0.15384 4.45207 0.43637
v -0.16698 4.45207 0.42408
v -0.18247 4.45207 0.41976
v -0.19797 4.45207 0.42408
v -0.21110 4.45207 0.43637
v -0.21988 4.45207 0.45476
v -0.22296 4.45207 0.47645
v -0.21988 4.45207 0.49815
v -0.21110 4.45207 0.51654
v -0.19797 4.45207 0.52883
v -0.18247 4.45207 0.53314
v -0.16698 4.45207 0.52883
v -0.15384 4.45207 0.51654
v -0.14506 4.45207 0.49815
v -0.14619 4.45602 0.47645
v -0.14895 4.45602 0.45701
v -0.15681 4.45602 0.44053
v -0.16859 4.45602 0.42952
v -0.18247 4.45602 0.42565
v -0.19636 4.45602 0.42952
v -0.20813 4.45602 0.44053
v -0.21599 4.45602 0.45701
v -0.21876 4.45602 0.47645
v -0.21599 4.45602 0.49589
v -0.20813 4.45602 0.51237
v -0.19636 4.45602 0.52339
v -0.18247 4.45602 0.52725
v -0.16859 4.45602 0.52339
v -0.15681 4.45602 0.51237
v -0.14895 4.45602 0.49589
v -0.15102 4.45948 0.47645
v -0.15341 4.45948 0.45960
v -0.16023 4.45948 0.44531
v -0.17043 4.45948 0.43577
v -0.18247 4.45948 0.43242
v -0.19451 4.45948 0.43577
v -0.20471 4.45948 0.44531
v -0.21153 4.45948 0.45960
v -0.21393 4.45948 0.47645
v -0.21153 4.45948 0.49330
v -0.20471 4.45948 0.50759
v -0.19451 4.45948 0.51714
v -0.18247 4.45948 0.52049
v -0.17043 4.45948 0.51714
v -0.16023 4.45948 0.50759
v -0.15341 4.45948 0.49330
v -0.15644 4.46248 0.47645
v -0.15842 4.46248 0.46251
v -0.16407 4.46248 0.45068
v -0.17251 4.46248 0.44279
v -0.18247 4.46248 0.44001
v -0.19243 4.46248 0.44279
v -0.20088 4.46248 0.45068
v -0.20652 4.46248 0.46251
v -0.20850 4.46248 0.47645
v -0.20652 4.46248 0.49040
v -0.20088 4.46248 0.50222
v -0.19243 4.46248 0.51012
v -0.18247 4.46248 0.51289
v -0.17251 4.46248 0.51012
v -0.16407 4.46248 0.50222
v -0.15842 4.46248 0.49040
v -0.16220 4.46487 0.47645
v -0.16374 4.46487 0.46559
v -0.16814 4.46487 0.45638
v -0.17471 4.46487 0.45023
v -0.18247 4.46487 0.44807
v -0.19023 4.46487 0.45023
v -0.19681 4.46487 0.45638
v -0.20120 4.46487 0.46559
v -0.20274 4.46487 0.47645
v -0.20120 4.46487 0.48731
v -0.19681 4.46487 0.49652
v -0.19023 4.46487 0.50267
v -0.18247 4.46487 0.50483
v -0.17471 4.46487 0.50267
v -0.16814 4.46487 0.49652
v -0.16374 4.46487 0.48731
v -0.16902 4.46653 0.47645
v -0.17004 4.46653 0.46924
v -0.17296 4.46653 0.46313
v -0.17732 4.46653 0.45905
v -0.18247 4.46653 0.45762
v -0.18762 4.46653 0.45905
v -0.19198 4.46653 0.46313
v -0.19490 4.46653 0.46924
v -0.19593 4.46653 0.47645
v -0.19490 4.46653 0.48366
v -0.19198 4.46653 0.48977
v -0.18762 4.46653 0.49385
v -0.18247 4.46653 0.49529
v -0.17732 4.46653 0.49385
v -0.17296 4.46653 0.48977
v -0.17004 4.46653 0.48366
v -0.17617 4.46757 0.47645
v -0.17665 4.46757 0.47307
v -0.17801 4.46757 0.47021
v -0.18006 4.46757 0.46830
v -0.18247 4.46757 0.46763
v -0.18488 4.46757 0.46830
v -0.18693 4.46757 0.47021
v -0.18830 4.46757 0.47307
v -0.18878 4.46757 0.47645
v -0.18830 4.46757 0.47983
v -0.18693 4.46757 0.48269
v -0.18488 4.46757 0.48461
v -0.18247 4.46757 0.48528
v -0.18006 4.46757 0.48461
v -0.17801 4.46757 0.48269
v -0.17665 4.46757 0.47983
v -0.18120 4.46824 0.47645
v -0.18130 4.46824 0.47577
v -0.18158 4.46824 0.47520
v -0.18199 4.46824 0.47481
v -0.18247 4.46824 0.47468
v -0.18296 4.46824 0.47481
v -0.18337 4.46824 0.47520
v -0.18364 4.46824 0.47577
v -0.18374 4.46824 0.47645
v -0.18364 4.46824 0.47713
v -0.18337 4.46824 0.47771
v -0.18296 4.46824 0.47809
v -0.18247 4.46824 0.47823
v -0.18199 4.46824 0.47809
v -0.18158 4.46824 0.47771
v -0.18130 4.46824 0.47713
v -0.18247 4.38717 0.47645
v -0.18247 4.46824 0.47645
f 12613 12614 12630
f 12613 12630 12629
f 12614 12615 12631
f 12614 12631 12630
f 12615 12616 12632
f 12615 12632 12631
f 12616 12617 12633
f 12616 12633 12632
f 12617 12618 12634
f 12617 12634 12633
f 12618 12619 12635
f 12618 12635 12634
f 12619 12620 12636
f 12619 12636 12635
f 12620 12621 12637
f 12620 12637 12636
f 12621 12622 12638
f 12621 12638 12637
f 12622 12623 12639
f 12622 12639 12638
f 12623 12624 12640
f 12623 12640 12639
f 12624 12625 12641
f 12624 12641 12640
f 12625 12626 12642
f 12625 12642 12641
f 12626 12627 12643
f 12626 12643 12642
f 12627 12628 12644
f 12627 12644 12643
f 12628 12613 12629
f 12628 12629 12644
f 12629 12630 12646
f 12629 12646 12645
f 12630 12631 12647
f 12630 12647 12646
f 12631 12632 12648
f 12631 12648 12647
f 12632 12633 12649
f 12632 12649 12648
f 12633 12634 12650
f 12633 12650 12649
f 12634 12635 12651
f 12634 12651 12650
f 12635 12636 12652
f 12635 12652 12651
f 12636 12637 12653
f 12636 12653 12652
f 12637 12638 12654
f 12637 12654 12653
f 12638 12639 12655
f 12638 12655 12654
f 12639 12640 12656
f 12639 12656 12655
f 12640 12641 12657
f 12640 12657 12656
f 12641 12642 12658
f 12641 12658 12657
f 12642 12643 12659
f 12642 12659 12658
f 12643 12644 12660
f 12643 12660 12659
f 12644 12629 12645
f 12644 12645 12660
f 12645 12646 12662
f 12645 12662 12661
f 12646 12647 12663
f 12646 12663 12662
f 12647 12648 12664
f 12647 12664 12663
f 12648 12649 12665
f 12648 12665 12664
f 12649 12650 12666
f 12649 12666 12665
f 12650 12651 12667
f 12650 12667 12666
f 12651 12652 12668
f 12651 12668 12667
f 12652 12653 12669
f 12652 12669 12668
f 12653 12654 12670
f 12653 12670 12669
f 12654 12655 12671
f 12654 12671 12670
f 12655 12656 12672
f 12655 12672 12671
f 12656 12657 12673
f 12656 12673 12672
f 12657 12658 12674
f 12657 12674 12673
f 12658 12659 12675
f 12658 12675 12674
f 12659 12660 12676
f 12659 12676 12675
f 12660 12645 12661
f 12660 12661 12676
f 12661 12662 12678
f 12661 12678 12677
f 12662 12663 12679
f 12662 12679 12678
f 12663 12664 12680
f 12663 12680 12679
f 12664 12665 12681
f 12664 12681 12680
f 12665 12666 12682
f 12665 12682 12681
f 12666 12667 12683
f 12666 12683 12682
f 12667 12668 12684
f 12667 12684 12683
f 12668 12669 12685
f 12668 12685 12684
f 12669 12670 12686
f 12669 12686 12685
f 12670 12671 12687
f 12670 12687 12686
f 12671 12672 12688
f 12671 12688 12687
f 12672 12673 12689
f 12672 12689 12688
f 12673 12674 12690
f 12673 12690 12689
f 12674 12675 12691
f 12674 12691 12690
f 12675 12676 12692
f 12675 12692 12691
f 12676 12661 12677
f 12676 12677 12692
f 12677 12678 12694
f 12677 12694 12693
f 12678 12679 12695
f 12678 12695 12694
f 12679 12680 12696
f 12679 12696 12695
f 12680 12681 12697
f 12680 12697 12696
f 12681 12682 12698
f 12681 12698 12697
f 12682 12683 12699
f 12682 12699 12698
f 12683 12684 12700
f 12683 12700 12699
f 12684 12685 12701
f 12684 12701 12700
f 12685 12686 12702
f 12685 12702 12701
f 12686 12687 12703
f 12686 12703 12702
f 12687 12688 12704
f 12687 12704 12703
f 12688 12689 12705
f 12688 12705 12704
f 12689 12690 12706
f 12689 12706 12705
f 12690 12691 12707
f 12690 12707 12706
f 12691 12692 12708
f 12691 12708 12707
f 12692 12677 12693
f 12692 12693 12708
f 12693 12694 12710
f 12693 12710 12709
f 12694 12695 12711
f 12694 12711 12710
f 12695 12696 12712
f 12695 12712 12711
f 12696 12697 12713
f 12696 12713 12712
f 12697 12698 12714
f 12697 12714 12713
f 12698 12699 12715
f 12698 12715 12714
f 12699 12700 12716
f 12699 12716 12715
f 12700 12701 12717
f 12700 12717 12716
f 12701 12702 12718
f 12701 12718 12717
f 12702 12703 12719
f 12702 12719 12718
f 12703 12704 12720
f 12703 12720 12719
f 12704 12705 12721
f 12704 12721 12720
f 12705 12706 12722
f 12705 12722 12721
f 12706 12707 12723
f 12706 12723 12722
f 12707 12708 12724
f 12707 12724 12723
f 12708 12693 12709
f 12708 12709 12724
f 12709 12710 12726
f 12709 12726 12725
f 12710 12711 12727
f 12710 12727 12726
f 12711 12712 12728
f 12711 12728 12727
f 12712 12713 12729
f 12712 12729 12728
f 12713 12714 12730
f 12713 12730 12729
f 12714 12715 12731
f 12714 12731 12730
f 12715 12716 12732
f 12715 12732 12731
f 12716 12717 12733
f 12716 12733 12732
f 12717 12718 12734
f 12717 12734 12733
f 12718 12719 12735
f 12718 12735 12734
f 12719 12720 12736
f 12719 12736 12735
f 12720 12721 12737
f 12720 12737 12736
f 12721 12722 12738
f 12721 12738 12737
f 12722 12723 12739
f 12722 12739 12738
f 12723 12724 12740
f 12723 12740 12739
f 12724 12709 12725
f 12724 12725 12740
f 12725 12726 12742
f 12725 12742 12741
f 12726 12727 12743
f 12726 12743 12742
f 12727 12728 12744
f 12727 12744 12743
f 12728 12729 12745
f 12728 12745 12744
f 12729 12730 12746
f 12729 12746 12745
f 12730 12731 12747
f 12730 12747 12746
f 12731 12732 12748
f 12731 12748 12747
f 12732 12733 12749
f 12732 12749 12748
f 12733 12734 12750
f 12733 12750 12749
f 12734 12735 12751
f 12734 12751 12750
f 12735 12736 12752
f 12735 12752 12751
f 12736 12737 12753
f 12736 12753 12752
f 12737 12738 12754
f 12737 12754 12753
f 12738 12739 12755
f 12738 12755 12754
f 12739 12740 12756
f 12739 12756 12755
f 12740 12725 12741
f 12740 12741 12756
f 12741 12742 12758
f 12741 12758 12757
f 12742 12743 12759
f 12742 12759 12758
f 12743 12744 12760
f 12743 12760 12759
f 12744 12745 12761
f 12744 12761 12760
f 12745 12746 12762
f 12745 12762 12761
f 12746 12747 12763
f 12746 12763 12762
f 12747 12748 12764
f 12747 12764 12763
f 12748 12749 12765
f 12748 12765 12764
f 12749 12750 12766
f 12749 12766 12765
f 12750 12751 12767
f 12750 12767 12766
f 12751 12752 12768
f 12751 12768 12767
f 12752 12753 12769
f 12752 12769 12768
f 12753 12754 12770
f 12753 12770 12769
f 12754 12755 12771
f 12754 12771 12770
f 12755 12756 12772
f 12755 12772 12771
f 12756 12741 12757
f 12756 12757 12772
f 12757 12758 12774
f 12757 12774 12773
f 12758 12759 12775
f 12758 12775 12774
f 12759 12760 12776
f 12759 12776 12775
f 12760 12761 12777
f 12760 12777 12776
f 12761 12762 12778
f 12761 12778 12777
f 12762 12763 12779
f 12762 12779 12778
f 12763 12764 12780
f 12763 12780 12779
f 12764 12765 12781
f 12764 12781 12780
f 12765 12766 12782
f 12765 12782 12781
f 12766 12767 12783
f 12766 12783 12782
f 12767 12768 12784
f 12767 12784 12783
f 12768 12769 12785
f 12768 12785 12784
f 12769 12770 12786
f 12769 12786 12785
f 12770 12771 12787
f 12770 12787 12786
f 12771 12772 12788
f 12771 12788 12787
f 12772 12757 12773
f 12772 12773 12788
f 12773 12774 12790
f 12773 12790 12789
f 12774 12775 12791
f 12774 12791 12790
f 12775 12776 12792
f 12775 12792 12791
f 12776 12777 12793
f 12776 12793 12792
f 12777 12778 12794
f 12777 12794 12793
f 12778 12779 12795
f 12778 12795 12794
f 12779 12780 12796
f 12779 12796 12795
f 12780 12781 12797
f 12780 12797 12796
f 12781 12782 12798
f 12781 12798 12797
f 12782 12783 12799
f 12782 12799 12798
f 12783 12784 12800
f 12783 12800 12799
f 12784 12785 12801
f 12784 12801 12800
f 12785 12786 12802
f 12785 12802 12801
f 12786 12787 12803
f 12786 12803 12802
f 12787 12788 12804
f 12787 12804 12803
f 12788 12773 12789
f 12788 12789 12804
f 12789 12790 12806
f 12789 12806 12805
f 12790 12791 12807
f 12790 12807 12806
f 12791 12792 12808
f 12791 12808 12807
f 12792 12793 12809
f 12792 12809 12808
f 12793 12794 12810
f 12793 12810 12809
f 12794 12795 12811
f 12794 12811 12810
f 12795 12796 12812
f 12795 12812 12811
f 12796 12797 12813
f 12796 12813 12812
f 12797 12798 12814
f 12797 12814 12813
f 12798 12799 12815
f 12798 12815 12814
f 12799 12800 12816
f 12799 12816 12815
f 12800 12801 12817
f 12800 12817 12816
f 12801 12802 12818
f 12801 12818 12817
f 12802 12803 12819
f 12802 12819 12818
f 12803 12804 12820
f 12803 12820 12819
f 12804 12789 12805
f 12804 12805 12820
f 12805 12806 12822
f 12805 12822 12821
f 12806 12807 12823
f 12806 12823 12822
f 12807 12808 12824
f 12807 12824 12823
f 12808 12809 12825
f 12808 12825 12824
f 12809 12810 12826
f 12809 12826 12825
f 12810 12811 12827
f 12810 12827 12826
f 12811 12812 12828
f 12811 12828 12827
f 12812 12813 12829
f 12812 12829 12828
f 12813 12814 12830
f 12813 12830 12829
f 12814 12815 12831
f 12814 12831 12830
f 12815 12816 12832
f 12815 12832 12831
f 12816 12817 12833
f 12816 12833 12832
f 12817 12818 12834
f 12817 12834 12833
f 12818 12819 12835
f 12818 12835 12834
f 12819 12820 12836
f 12819 12836 12835
f 12820 12805 12821
f 12820 12821 12836
f 12821 12822 12838
f 12821 12838 12837
f 12822 12823 12839
f 12822 12839 12838
f 12823 12824 12840
f 12823 12840 12839
f 12824 12825 12841
f 12824 12841 12840
f 12825 12826 12842
f 12825 12842 12841
f 12826 12827 12843
f 12826 12843 12842
f 12827 12828 12844
f 12827 12844 12843
f 12828 12829 12845
f 12828 12845 12844
f 12829 12830 12846
f 12829 12846 12845
f 12830 12831 12847
f 12830 12847 12846
f 12831 12832 12848
f 12831 12848 12847
f 12832 12833 12849
f 12832 12849 12848
f 12833 12834 12850
f 12833 12850 12849
f 12834 12835 12851
f 12834 12851 12850
f 12835 12836 12852
f 12835 12852 12851
f 12836 12821 12837
f 12836 12837 12852
f 12837 12838 12854
f 12837 12854 12853
f 12838 12839 12855
f 12838 12855 12854
f 12839 12840 12856
f 12839 12856 12855
f 12840 12841 12857
f 12840 12857 12856
f 12841 12842 12858
f 12841 12858 12857
f 12842 12843 12859
f 12842 12859 12858
f 12843 12844 12860
f 12843 12860 12859
f 12844 12845 12861
f 12844 12861 12860
f 12845 12846 12862
f 12845 12862 12861
f 12846 12847 12863
f 12846 12863 12862
f 12847 12848 12864
f 12847 12864 12863
f 12848 12849 12865
f 12848 12865 12864
f 12849 12850 12866
f 12849 12866 12865
f 12850 12851 12867
f 12850 12867 12866
f 12851 12852 12868
f 12851 12868 12867
f 12852 12837 12853
f 12852 12853 12868
f 12853 12854 12870
f 12853 12870 12869
f 12854 12855 12871
f 12854 12871 12870
f 12855 12856 12872
f 12855 12872 12871
f 12856 12857 12873
f 12856 12873 12872
f 12857 12858 12874
f 12857 12874 12873
f 12858 12859 12875
f 12858 12875 12874
f 12859 12860 12876
f 12859 12876 12875
f 12860 12861 12877
f 12860 12877 12876
f 12861 12862 12878
f 12861 12878 12877
f 12862 12863 12879
f 12862 12879 12878
f 12863 12864 12880
f 12863 12880 12879
f 12864 12865 12881
f 12864 12881 12880
f 12865 12866 12882
f 12865 12882 12881
f 12866 12867 12883
f 12866 12883 12882
f 12867 12868 12884
f 12867 12884 12883
f 12868 12853 12869
f 12868 12869 12884
f 12869 12870 12886
f 12869 12886 12885
f 12870 12871 12887
f 12870 12887 12886
f 12871 12872 12888
f 12871 12888 12887
f 12872 12873 12889
f 12872 12889 12888
f 12873 12874 12890
f 12873 12890 12889
f 12874 12875 12891
f 12874 12891 12890
f 12875 12876 12892
f 12875 12892 12891
f 12876 12877 12893
f 12876 12893 12892
f 12877 12878 12894
f 12877 12894 12893
f 12878 12879 12895
f 12878 12895 12894
f 12879 12880 12896
f 12879 12896 12895
f 12880 12881 12897
f 12880 12897 12896
f 12881 12882 12898
f 12881 12898 12897
f 12882 12883 12899
f 12882 12899 12898
f 12883 12884 12900
f 12883 12900 12899
f 12884 12869 12885
f 12884 12885 12900
f 12885 12886 12902
f 12885 12902 12901
f 12886 12887 12903
f 12886 12903 12902
f 12887 12888 12904
f 12887 12904 12903
f 12888 12889 12905
f 12888 12905 12904
f 12889 12890 12906
f 12889 12906 12905
f 12890 12891 12907
f 12890 12907 12906
f 12891 12892 12908
f 12891 12908 12907
f 12892 12893 12909
f 12892 12909 12908
f 12893 12894 12910
f 12893 12910 12909
f 12894 12895 12911
f 12894 12911 12910
f 12895 12896 12912
f 12895 12912 12911
f 12896 12897 12913
f 12896 12913 12912
f 12897 12898 12914
f 12897 12914 12913
f 12898 12899 12915
f 12898 12915 12914
f 12899 12900 12916
f 12899 12916 12915
f 12900 12885 12901
f 12900 12901 12916
f 12901 12902 12918
f 12901 12918 12917
f 12902 12903 12919
f 12902 12919 12918
f 12903 12904 12920
f 12903 12920 12919
f 12904 12905 12921
f 12904 12921 12920
f 12905 12906 12922
f 12905 12922 12921
f 12906 12907 12923
f 12906 12923 12922
f 12907 12908 12924
f 12907 12924 12923
f 12908 12909 12925
f 12908 12925 12924
f 12909 12910 12926
f 12909 12926 12925
f 12910 12911 12927
f 12910 12927 12926
f 12911 12912 12928
f 12911 12928 12927
f 12912 12913 12929
f 12912 12929 12928
f 12913 12914 12930
f 12913 12930 12929
f 12914 12915 12931
f 12914 12931 12930
f 12915 12916 12932
f 12915 12932 12931
f 12916 12901 12917
f 12916 12917 12932
f 12917 12918 12934
f 12917 12934 12933
f 12918 12919 12935
f 12918 12935 12934
f 12919 12920 12936
f 12919 12936 12935
f 12920 12921 12937
f 12920 12937 12936
f 12921 12922 12938
f 12921 12938 12937
f 12922 12923 12939
f 12922 12939 12938
f 12923 12924 12940
f 12923 12940 12939
f 12924 12925 12941
f 12924 12941 12940
f 12925 12926 12942
f 12925 12942 12941
f 12926 12927 12943
f 12926 12943 12942
f 12927 12928 12944
f 12927 12944 12943
f 12928 12929 12945
f 12928 12945 12944
f 12929 12930 12946
f 12929 12946 12945
f 12930 12931 12947
f 12930 12947 12946
f 12931 12932 12948
f 12931 12948 12947
f 12932 12917 12933
f 12932 12933 12948
f 12933 12934 12950
f 12933 12950 12949
f 12934 12935 12951
f 12934 12951 12950
f 12935 12936 12952
f 12935 12952 12951
f 12936 12937 12953
f 12936 12953 12952
f 12937 12938 12954
f 12937 12954 12953
f 12938 12939 12955
f 12938 12955 12954
f 12939 12940 12956
f 12939 12956 12955
f 12940 12941 12957
f 12940 12957 12956
f 12941 12942 12958
f 12941 12958 12957
f 12942 12943 12959
f 12942 12959 12958
f 12943 12944 12960
f 12943 12960 12959
f 12944 12945 12961
f 12944 12961 12960
f 12945 12946 12962
f 12945 12962 12961
f 12946 12947 12963
f 12946 12963 12962
f 12947 12948 12964
f 12947 12964 12963
f 12948 12933 12949
f 12948 12949 12964
f 12949 12950 12966
f 12949 12966 12965
f 12950 12951 12967
f 12950 12967 12966
f 12951 12952 12968
f 12951 12968 12967
f 12952 12953 12969
f 12952 12969 12968
f 12953 12954 12970
f 12953 12970 12969
f 12954 12955 12971
f 12954 12971 12970
f 12955 12956 12972
f 12955 12972 12971
f 12956 12957 12973
f 12956 12973 12972
f 12957 12958 12974
f 12957 12974 12973
f 12958 12959 12975
f 12958 12975 12974
f 12959 12960 12976
f 12959 12976 12975
f 12960 12961 12977
f 12960 12977 12976
f 12961 12962 12978
f 12961 12978 12977
f 12962 12963 12979
f 12962 12979 12978
f 12963 12964 12980
f 12963 12980 12979
f 12964 12949 12965
f 12964 12965 12980
f 12965 12966 12982
f 12965 12982 12981
f 12966 12967 12983
f 12966 12983 12982
f 12967 12968 12984
f 12967 12984 12983
f 12968 12969 12985
f 12968 12985 12984
f 12969 12970 12986
f 12969 12986 12985
f 12970 12971 12987
f 12970 12987 12986
f 12971 12972 12988
f 12971 12988 12987
f 12972 12973 12989
f 12972 12989 12988
f 12973 12974 12990
f 12973 12990 12989
f 12974 12975 12991
f 12974 12991 12990
f 12975 12976 12992
f 12975 12992 12991
f 12976 12977 12993
f 12976 12993 12992
f 12977 12978 12994
f 12977 12994 12993
f 12978 12979 12995
f 12978 12995 12994
f 12979 12980 12996
f 12979 12996 12995
f 12980 12965 12981
f 12980 12981 12996
f 12981 12982 12998
f 12981 12998 12997
f 12982 12983 12999
f 12982 12999 12998
f 12983 12984 13000
f 12983 13000 12999
f 12984 12985 13001
f 12984 13001 13000
f 12985 12986 13002
f 12985 13002 13001
f 12986 12987 13003
f 12986 13003 13002
f 12987 12988 13004
f 12987 13004 13003
f 12988 12989 13005
f 12988 13005 13004
f 12989 12990 13006
f 12989 13006 13005
f 12990 12991 13007
f 12990 13007 13006
f 12991 12992 13008
f 12991 13008 13007
f 12992 12993 13009
f 12992 13009 13008
f 12993 12994 13010
f 12993 13010 13009
f 12994 12995 13011
f 12994 13011 13010
f 12995 12996 13012
f 12995 13012 13011
f 12996 12981 12997
f 12996 12997 13012
f 13013 12614 12613
f 13013 12615 12614
f 13013 12616 12615
f 13013 12617 12616
f 13013 12618 12617
f 13013 12619 12618
f 13013 12620 12619
f 13013 12621 12620
f 13013 12622 12621
f 13013 12623 12622
f 13013 12624 12623
f 13013 12625 12624
f 13013 12626 12625
f 13013 12627 12626
f 13013 12628 12627
f 13013 12613 12628
f 13014 12997 12998
f 13014 12998 12999
f 13014 12999 13000
f 13014 13000 13001
f 13014 13001 13002
f 13014 13002 13003
f 13014 13003 13004
f 13014 13004 13005
f 13014 13005 13006
f 13014 13006 13007
f 13014 13007 13008
f 13014 13008 13009
f 13014 13009 13010
f 13014 13010 13011
f 13014 13011 13012
f 13014 13012 12997
o Avarin_Leg_L
usemtl cloth
s 1
v -0.20439 4.18441 -0.12749
v -0.18344 4.12547 -0.13092
v -0.13308 4.08904 -0.12306
v -0.07254 4.08904 -0.10692
v -0.02495 4.12547 -0.08866
v -0.00849 4.18441 -0.07525
v -0.02944 4.24336 -0.07182
v -0.07980 4.27979 -0.07968
v -0.14034 4.27979 -0.09583
v -0.18793 4.24336 -0.11409
v -0.22840 4.16977 -0.03133
v -0.20748 4.11322 -0.03583
v -0.15771 4.07828 -0.02880
v -0.09812 4.07828 -0.01291
v -0.05145 4.11322 0.00575
v -0.03554 4.16977 0.02007
v -0.05647 4.22632 0.02457
v -0.10623 4.26126 0.01753
v -0.16583 4.26126 0.00165
v -0.21249 4.22632 -0.01701
v -0.26093 4.14386 0.10127
v -0.23822 4.09300 0.08799
v -0.18834 4.06156 0.08929
v -0.13034 4.06156 0.10468
v -0.08637 4.09300 0.12826
v -0.07323 4.14386 0.15104
v -0.09593 4.19473 0.16431
v -0.14581 4.22617 0.16301
v -0.20381 4.22617 0.14763
v -0.24778 4.19473 0.12405
v -0.28260 4.09804 0.22302
v -0.26990 4.06830 0.18033
v -0.22767 4.04418 0.15394
v -0.17205 4.03491 0.15394
v -0.12428 4.04403 0.18033
v -0.10261 4.06804 0.22302
v -0.11532 4.09778 0.26571
v -0.15755 4.12189 0.29210
v -0.21317 4.13116 0.29210
v -0.26094 4.12205 0.26571
v -0.27806 3.95323 0.25005
v -0.26299 3.95007 0.20370
v -0.22348 3.94780 0.17504
v -0.17461 3.94727 0.17504
v -0.13506 3.94870 0.20370
v -0.11992 3.95153 0.25005
v -0.13499 3.95469 0.29641
v -0.17451 3.95697 0.32506
v -0.22337 3.95749 0.32506
v -0.26292 3.95607 0.29641
v -0.25954 3.78538 0.24217
v -0.24742 3.78813 0.20031
v -0.21559 3.79038 0.17444
v -0.17619 3.79126 0.17444
v -0.14429 3.79044 0.20031
v -0.13206 3.78823 0.24217
v -0.14418 3.78548 0.28403
v -0.17601 3.78323 0.30989
v -0.21541 3.78235 0.30989
v -0.24731 3.78317 0.28403
v -0.24530 3.66600 0.23316
v -0.23532 3.66918 0.19454
v -0.20902 3.67169 0.17067
v -0.17645 3.67256 0.17067
v -0.15006 3.67146 0.19454
v -0.13991 3.66882 0.23316
v -0.14990 3.66564 0.27178
v -0.17620 3.66313 0.29565
v -0.20877 3.66226 0.29565
v -0.23516 3.66336 0.27178
v -0.10644 4.18441 -0.10137
v -0.19261 3.66741 0.23316
f 13015 13016 13026
f 13015 13026 13025
f 13016 13017 13027
f 13016 13027 13026
f 13017 13018 13028
f 13017 13028 13027
f 13018 13019 13029
f 13018 13029 13028
f 13019 13020 13030
f 13019 13030 13029
f 13020 13021 13031
f 13020 13031 13030
f 13021 13022 13032
f 13021 13032 13031
f 13022 13023 13033
f 13022 13033 13032
f 13023 13024 13034
f 13023 13034 13033
f 13024 13015 13025
f 13024 13025 13034
f 13025 13026 13036
f 13025 13036 13035
f 13026 13027 13037
f 13026 13037 13036
f 13027 13028 13038
f 13027 13038 13037
f 13028 13029 13039
f 13028 13039 13038
f 13029 13030 13040
f 13029 13040 13039
f 13030 13031 13041
f 13030 13041 13040
f 13031 13032 13042
f 13031 13042 13041
f 13032 13033 13043
f 13032 13043 13042
f 13033 13034 13044
f 13033 13044 13043
f 13034 13025 13035
f 13034 13035 13044
f 13035 13036 13046
f 13035 13046 13045
f 13036 13037 13047
f 13036 13047 13046
f 13037 13038 13048
f 13037 13048 13047
f 13038 13039 13049
f 13038 13049 13048
f 13039 13040 13050
f 13039 13050 13049
f 13040 13041 13051
f 13040 13051 13050
f 13041 13042 13052
f 13041 13052 13051
f 13042 13043 13053
f 13042 13053 13052
f 13043 13044 13054
f 13043 13054 13053
f 13044 13035 13045
f 13044 13045 13054
f 13045 13046 13056
f 13045 13056 13055
f 13046 13047 13057
f 13046 13057 13056
f 13047 13048 13058
f 13047 13058 13057
f 13048 13049 13059
f 13048 13059 13058
f 13049 13050 13060
f 13049 13060 13059
f 13050 13051 13061
f 13050 13061 13060
f 13051 13052 13062
f 13051 13062 13061
f 13052 13053 13063
f 13052 13063 13062
f 13053 13054 13064
f 13053 13064 13063
f 13054 13045 13055
f 13054 13055 13064
f 13055 13056 13066
f 13055 13066 13065
f 13056 13057 13067
f 13056 13067 13066
f 13057 13058 13068
f 13057 13068 13067
f 13058 13059 13069
f 13058 13069 13068
f 13059 13060 13070
f 13059 13070 13069
f 13060 13061 13071
f 13060 13071 13070
f 13061 13062 13072
f 13061 13072 13071
f 13062 13063 13073
f 13062 13073 13072
f 13063 13064 13074
f 13063 13074 13073
f 13064 13055 13065
f 13064 13065 13074
f 13065 13066 13076
f 13065 13076 13075
f 13066 13067 13077
f 13066 13077 13076
f 13067 13068 13078
f 13067 13078 13077
f 13068 13069 13079
f 13068 13079 13078
f 13069 13070 13080
f 13069 13080 13079
f 13070 13071 13081
f 13070 13081 13080
f 13071 13072 13082
f 13071 13082 13081
f 13072 13073 13083
f 13072 13083 13082
f 13073 13074 13084
f 13073 13084 13083
f 13074 13065 13075
f 13074 13075 13084
f 13085 13016 13015
f 13085 13017 13016
f 13085 13018 13017
f 13085 13019 13018
f 13085 13020 13019
f 13085 13021 13020
f 13085 13022 13021
f 13085 13023 13022
f 13085 13024 13023
f 13085 13015 13024
f 13086 13075 13076
f 13086 13076 13077
f 13086 13077 13078
f 13086 13078 13079
f 13086 13079 13080
f 13086 13080 13081
f 13086 13081 13082
f 13086 13082 13083
f 13086 13083 13084
f 13086 13084 13075
o Avarin_Foot_L
usemtl soft_charcoal
s 1
v -0.19058 3.59647 0.29398
v -0.19074 3.59647 0.29272
v -0.19117 3.59647 0.29165
v -0.19183 3.59647 0.29094
v -0.19261 3.59647 0.29069
v -0.19338 3.59647 0.29094
v -0.19404 3.59647 0.29165
v -0.19448 3.59647 0.29272
v -0.19464 3.59647 0.29398
v -0.19448 3.59647 0.29524
v -0.19404 3.59647 0.29631
v -0.19338 3.59647 0.29702
v -0.19261 3.59647 0.29728
v -0.19183 3.59647 0.29702
v -0.19117 3.59647 0.29631
v -0.19074 3.59647 0.29524
v -0.18504 3.59730 0.29398
v -0.18562 3.59730 0.28771
v -0.18726 3.59730 0.28239
v -0.18971 3.59730 0.27884
v -0.19261 3.59730 0.27759
v -0.19550 3.59730 0.27884
v -0.19796 3.59730 0.28239
v -0.19960 3.59730 0.28771
v -0.20017 3.59730 0.29398
v -0.19960 3.59730 0.30025
v -0.19796 3.59730 0.30557
v -0.19550 3.59730 0.30913
v -0.19261 3.59730 0.31037
v -0.18971 3.59730 0.30913
v -0.18726 3.59730 0.30557
v -0.18562 3.59730 0.30025
v -0.17646 3.59861 0.29398
v -0.17769 3.59861 0.28059
v -0.18119 3.59861 0.26925
v -0.18643 3.59861 0.26166
v -0.19261 3.59861 0.25900
v -0.19879 3.59861 0.26166
v -0.20402 3.59861 0.26925
v -0.20752 3.59861 0.28059
v -0.20875 3.59861 0.29398
v -0.20752 3.59861 0.30737
v -0.20402 3.59861 0.31872
v -0.19879 3.59861 0.32630
v -0.19261 3.59861 0.32896
v -0.18643 3.59861 0.32630
v -0.18119 3.59861 0.31872
v -0.17769 3.59861 0.30737
v -0.16828 3.60068 0.29398
v -0.17013 3.60068 0.27381
v -0.17541 3.60068 0.25671
v -0.18330 3.60068 0.24529
v -0.19261 3.60068 0.24128
v -0.20192 3.60068 0.24529
v -0.20981 3.60068 0.25671
v -0.21508 3.60068 0.27381
v -0.21693 3.60068 0.29398
v -0.21508 3.60068 0.31415
v -0.20981 3.60068 0.33125
v -0.20192 3.60068 0.34268
v -0.19261 3.60068 0.34669
v -0.18330 3.60068 0.34268
v -0.17541 3.60068 0.33125
v -0.17013 3.60068 0.31415
v -0.16137 3.60367 0.29398
v -0.16375 3.60367 0.26808
v -0.17052 3.60367 0.24613
v -0.18066 3.60367 0.23146
v -0.19261 3.60367 0.22631
v -0.20456 3.60367 0.23146
v -0.21470 3.60367 0.24613
v -0.22147 3.60367 0.26808
v -0.22384 3.60367 0.29398
v -0.22147 3.60367 0.31988
v -0.21470 3.60367 0.34184
v -0.20456 3.60367 0.35651
v -0.19261 3.60367 0.36166
v -0.18066 3.60367 0.35651
v -0.17052 3.60367 0.34184
v -0.16375 3.60367 0.31988
v -0.15486 3.60742 0.29398
v -0.15774 3.60742 0.26268
v -0.16592 3.60742 0.23615
v -0.17816 3.60742 0.21842
v -0.19261 3.60742 0.21220
v -0.20705 3.60742 0.21842
v -0.21930 3.60742 0.23615
v -0.22748 3.60742 0.26268
v -0.23035 3.60742 0.29398
v -0.22748 3.60742 0.32528
v -0.21930 3.60742 0.35181
v -0.20705 3.60742 0.36954
v -0.19261 3.60742 0.37576
v -0.17816 3.60742 0.36954
v -0.16592 3.60742 0.35181
v -0.15774 3.60742 0.32528
v -0.14907 3.61175 0.29398
v -0.15238 3.61175 0.25788
v -0.16182 3.61175 0.22727
v -0.17595 3.61175 0.20682
v -0.19261 3.61175 0.19964
v -0.20927 3.61175 0.20682
v -0.22340 3.61175 0.22727
v -0.23284 3.61175 0.25788
v -0.23615 3.61175 0.29398
v -0.23284 3.61175 0.33008
v -0.22340 3.61175 0.36069
v -0.20927 3.61175 0.38114
v -0.19261 3.61175 0.38832
v -0.17595 3.61175 0.38114
v -0.16182 3.61175 0.36069
v -0.15238 3.61175 0.33008
v -0.14402 3.61668 0.29398
v -0.14772 3.61668 0.25369
v -0.15825 3.61668 0.21954
v -0.17401 3.61668 0.19671
v -0.19261 3.61668 0.18870
v -0.21120 3.61668 0.19671
v -0.22697 3.61668 0.21954
v -0.23750 3.61668 0.25369
v -0.24120 3.61668 0.29398
v -0.23750 3.61668 0.33427
v -0.22697 3.61668 0.36843
v -0.21120 3.61668 0.39125
v -0.19261 3.61668 0.39926
v -0.17401 3.61668 0.39125
v -0.15825 3.61668 0.36843
v -0.14772 3.61668 0.33427
v -0.13968 3.62220 0.29398
v -0.14371 3.62220 0.25010
v -0.15518 3.62220 0.21289
v -0.17235 3.62220 0.18804
v -0.19261 3.62220 0.17931
v -0.21286 3.62220 0.18804
v -0.23003 3.62220 0.21289
v -0.24151 3.62220 0.25010
v -0.24553 3.62220 0.29398
v -0.24151 3.62220 0.33787
v -0.23003 3.62220 0.37507
v -0.21286 3.62220 0.39993
v -0.19261 3.62220 0.40866
v -0.17235 3.62220 0.39993
v -0.15518 3.62220 0.37507
v -0.14371 3.62220 0.33787
v -0.13627 3.62803 0.29398
v -0.14056 3.62803 0.24727
v -0.15277 3.62803 0.20767
v -0.17105 3.62803 0.18121
v -0.19261 3.62803 0.17192
v -0.21417 3.62803 0.18121
v -0.23245 3.62803 0.20767
v -0.24466 3.62803 0.24727
v -0.24895 3.62803 0.29398
v -0.24466 3.62803 0.34069
v -0.23245 3.62803 0.38030
v -0.21417 3.62803 0.40676
v -0.19261 3.62803 0.41605
v -0.17105 3.62803 0.40676
v -0.15277 3.62803 0.38030
v -0.14056 3.62803 0.34069
v -0.13383 3.63419 0.29398
v -0.13830 3.63419 0.24524
v -0.15104 3.63419 0.20392
v -0.17011 3.63419 0.17632
v -0.19261 3.63419 0.16662
v -0.21510 3.63419 0.17632
v -0.23417 3.63419 0.20392
v -0.24692 3.63419 0.24524
v -0.25139 3.63419 0.29398
v -0.24692 3.63419 0.34272
v -0.23417 3.63419 0.38404
v -0.21510 3.63419 0.41165
v -0.19261 3.63419 0.42134
v -0.17011 3.63419 0.41165
v -0.15104 3.63419 0.38404
v -0.13830 3.63419 0.34272
v -0.13231 3.64066 0.29398
v -0.13690 3.64066 0.24398
v -0.14997 3.64066 0.20160
v -0.16953 3.64066 0.17327
v -0.19261 3.64066 0.16333
v -0.21568 3.64066 0.17327
v -0.23525 3.64066 0.20160
v -0.24832 3.64066 0.24398
v -0.25291 3.64066 0.29398
v -0.24832 3.64066 0.34398
v -0.23525 3.64066 0.38637
v -0.21568 3.64066 0.41469
v -0.19261 3.64066 0.42463
v -0.16953 3.64066 0.41469
v -0.14997 3.64066 0.38637
v -0.13690 3.64066 0.34398
v -0.13178 3.64714 0.29398
v -0.13641 3.64714 0.24355
v -0.14960 3.64714 0.20080
v -0.16933 3.64714 0.17223
v -0.19261 3.64714 0.16220
v -0.21588 3.64714 0.17223
v -0.23562 3.64714 0.20080
v -0.24880 3.64714 0.24355
v -0.25343 3.64714 0.29398
v -0.24880 3.64714 0.34441
v -0.23562 3.64714 0.38717
v -0.21588 3.64714 0.41573
v -0.19261 3.64714 0.42577
v -0.16933 3.64714 0.41573
v -0.14960 3.64714 0.38717
v -0.13641 3.64714 0.34441
v -0.13231 3.65361 0.29398
v -0.13690 3.65361 0.24398
v -0.14997 3.65361 0.20160
v -0.16953 3.65361 0.17327
v -0.19261 3.65361 0.16333
v -0.21568 3.65361 0.17327
v -0.23525 3.65361 0.20160
v -0.24832 3.65361 0.24398
v -0.25291 3.65361 0.29398
v -0.24832 3.65361 0.34398
v -0.23525 3.65361 0.38637
v -0.21568 3.65361 0.41469
v -0.19261 3.65361 0.42463
v -0.16953 3.65361 0.41469
v -0.14997 3.65361 0.38637
v -0.13690 3.65361 0.34398
v -0.13383 3.66008 0.29398
v -0.13830 3.66008 0.24524
v -0.15104 3.66008 0.20392
v -0.17011 3.66008 0.17632
v -0.19261 3.66008 0.16662
v -0.21510 3.66008 0.17632
v -0.23417 3.66008 0.20392
v -0.24692 3.66008 0.24524
v -0.25139 3.66008 0.29398
v -0.24692 3.66008 0.34272
v -0.23417 3.66008 0.38404
v -0.21510 3.66008 0.41165
v -0.19261 3.66008 0.42134
v -0.17011 3.66008 0.41165
v -0.15104 3.66008 0.38404
v -0.13830 3.66008 0.34272
v -0.13627 3.66624 0.29398
v -0.14056 3.66624 0.24727
v -0.15277 3.66624 0.20767
v -0.17105 3.66624 0.18121
v -0.19261 3.66624 0.17192
v -0.21417 3.66624 0.18121
v -0.23245 3.66624 0.20767
v -0.24466 3.66624 0.24727
v -0.24895 3.66624 0.29398
v -0.24466 3.66624 0.34069
v -0.23245 3.66624 0.38030
v -0.21417 3.66624 0.40676
v -0.19261 3.66624 0.41605
v -0.17105 3.66624 0.40676
v -0.15277 3.66624 0.38030
v -0.14056 3.66624 0.34069
v -0.13968 3.67207 0.29398
v -0.14371 3.67207 0.25010
v -0.15518 3.67207 0.21289
v -0.17235 3.67207 0.18804
v -0.19261 3.67207 0.17931
v -0.21286 3.67207 0.18804
v -0.23003 3.67207 0.21289
v -0.24151 3.67207 0.25010
v -0.24553 3.67207 0.29398
v -0.24151 3.67207 0.33787
v -0.23003 3.67207 0.37507
v -0.21286 3.67207 0.39993
v -0.19261 3.67207 0.40866
v -0.17235 3.67207 0.39993
v -0.15518 3.67207 0.37507
v -0.14371 3.67207 0.33787
v -0.14402 3.67759 0.29398
v -0.14772 3.67759 0.25369
v -0.15825 3.67759 0.21954
v -0.17401 3.67759 0.19671
v -0.19261 3.67759 0.18870
v -0.21120 3.67759 0.19671
v -0.22697 3.67759 0.21954
v -0.23750 3.67759 0.25369
v -0.24120 3.67759 0.29398
v -0.23750 3.67759 0.33427
v -0.22697 3.67759 0.36843
v -0.21120 3.67759 0.39125
v -0.19261 3.67759 0.39926
v -0.17401 3.67759 0.39125
v -0.15825 3.67759 0.36843
v -0.14772 3.67759 0.33427
v -0.14907 3.68253 0.29398
v -0.15238 3.68253 0.25788
v -0.16182 3.68253 0.22727
v -0.17595 3.68253 0.20682
v -0.19261 3.68253 0.19964
v -0.20927 3.68253 0.20682
v -0.22340 3.68253 0.22727
v -0.23284 3.68253 0.25788
v -0.23615 3.68253 0.29398
v -0.23284 3.68253 0.33008
v -0.22340 3.68253 0.36069
v -0.20927 3.68253 0.38114
v -0.19261 3.68253 0.38832
v -0.17595 3.68253 0.38114
v -0.16182 3.68253 0.36069
v -0.15238 3.68253 0.33008
v -0.15486 3.68685 0.29398
v -0.15774 3.68685 0.26268
v -0.16592 3.68685 0.23615
v -0.17816 3.68685 0.21842
v -0.19261 3.68685 0.21220
v -0.20705 3.68685 0.21842
v -0.21930 3.68685 0.23615
v -0.22748 3.68685 0.26268
v -0.23035 3.68685 0.29398
v -0.22748 3.68685 0.32528
v -0.21930 3.68685 0.35181
v -0.20705 3.68685 0.36954
v -0.19261 3.68685 0.37576
v -0.17816 3.68685 0.36954
v -0.16592 3.68685 0.35181
v -0.15774 3.68685 0.32528
v -0.16137 3.69060 0.29398
v -0.16375 3.69060 0.26808
v -0.17052 3.69060 0.24613
v -0.18066 3.69060 0.23146
v -0.19261 3.69060 0.22631
v -0.20456 3.69060 0.23146
v -0.21470 3.69060 0.24613
v -0.22147 3.69060 0.26808
v -0.22384 3.69060 0.29398
v -0.22147 3.69060 0.31988
v -0.21470 3.69060 0.34184
v -0.20456 3.69060 0.35651
v -0.19261 3.69060 0.36166
v -0.18066 3.69060 0.35651
v -0.17052 3.69060 0.34184
v -0.16375 3.69060 0.31988
v -0.16828 3.69359 0.29398
v -0.17013 3.69359 0.27381
v -0.17541 3.69359 0.25671
v -0.18330 3.69359 0.24529
v -0.19261 3.69359 0.24128
v -0.20192 3.69359 0.24529
v -0.20981 3.69359 0.25671
v -0.21508 3.69359 0.27381
v -0.21693 3.69359 0.29398
v -0.21508 3.69359 0.31415
v -0.20981 3.69359 0.33125
v -0.20192 3.69359 0.34268
v -0.19261 3.69359 0.34669
v -0.18330 3.69359 0.34268
v -0.17541 3.69359 0.33125
v -0.17013 3.69359 0.31415
v -0.17646 3.69566 0.29398
v -0.17769 3.69566 0.28059
v -0.18119 3.69566 0.26925
v -0.18643 3.69566 0.26166
v -0.19261 3.69566 0.25900
v -0.19879 3.69566 0.26166
v -0.20402 3.69566 0.26925
v -0.20752 3.69566 0.28059
v -0.20875 3.69566 0.29398
v -0.20752 3.69566 0.30737
v -0.20402 3.69566 0.31872
v -0.19879 3.69566 0.32630
v -0.19261 3.69566 0.32896
v -0.18643 3.69566 0.32630
v -0.18119 3.69566 0.31872
v -0.17769 3.69566 0.30737
v -0.18504 3.69697 0.29398
v -0.18562 3.69697 0.28771
v -0.18726 3.69697 0.28239
v -0.18971 3.69697 0.27884
v -0.19261 3.69697 0.27759
v -0.19550 3.69697 0.27884
v -0.19796 3.69697 0.28239
v -0.19960 3.69697 0.28771
v -0.20017 3.69697 0.29398
v -0.19960 3.69697 0.30025
v -0.19796 3.69697 0.30557
v -0.19550 3.69697 0.30913
v -0.19261 3.69697 0.31037
v -0.18971 3.69697 0.30913
v -0.18726 3.69697 0.30557
v -0.18562 3.69697 0.30025
v -0.19109 3.69781 0.29398
v -0.19120 3.69781 0.29272
v -0.19153 3.69781 0.29165
v -0.19203 3.69781 0.29094
v -0.19261 3.69781 0.29069
v -0.19319 3.69781 0.29094
v -0.19368 3.69781 0.29165
v -0.19401 3.69781 0.29272
v -0.19413 3.69781 0.29398
v -0.19401 3.69781 0.29524
v -0.19368 3.69781 0.29631
v -0.19319 3.69781 0.29702
v -0.19261 3.69781 0.29728
v -0.19203 3.69781 0.29702
v -0.19153 3.69781 0.29631
v -0.19120 3.69781 0.29524
v -0.19261 3.59647 0.29398
v -0.19261 3.69781 0.29398
f 13087 13088 13104
f 13087 13104 13103
f 13088 13089 13105
f 13088 13105 13104
f 13089 13090 13106
f 13089 13106 13105
f 13090 13091 13107
f 13090 13107 13106
f 13091 13092 13108
f 13091 13108 13107
f 13092 13093 13109
f 13092 13109 13108
f 13093 13094 13110
f 13093 13110 13109
f 13094 13095 13111
f 13094 13111 13110
f 13095 13096 13112
f 13095 13112 13111
f 13096 13097 13113
f 13096 13113 13112
f 13097 13098 13114
f 13097 13114 13113
f 13098 13099 13115
f 13098 13115 13114
f 13099 13100 13116
f 13099 13116 13115
f 13100 13101 13117
f 13100 13117 13116
f 13101 13102 13118
f 13101 13118 13117
f 13102 13087 13103
f 13102 13103 13118
f 13103 13104 13120
f 13103 13120 13119
f 13104 13105 13121
f 13104 13121 13120
f 13105 13106 13122
f 13105 13122 13121
f 13106 13107 13123
f 13106 13123 13122
f 13107 13108 13124
f 13107 13124 13123
f 13108 13109 13125
f 13108 13125 13124
f 13109 13110 13126
f 13109 13126 13125
f 13110 13111 13127
f 13110 13127 13126
f 13111 13112 13128
f 13111 13128 13127
f 13112 13113 13129
f 13112 13129 13128
f 13113 13114 13130
f 13113 13130 13129
f 13114 13115 13131
f 13114 13131 13130
f 13115 13116 13132
f 13115 13132 13131
f 13116 13117 13133
f 13116 13133 13132
f 13117 13118 13134
f 13117 13134 13133
f 13118 13103 13119
f 13118 13119 13134
f 13119 13120 13136
f 13119 13136 13135
f 13120 13121 13137
f 13120 13137 13136
f 13121 13122 13138
f 13121 13138 13137
f 13122 13123 13139
f 13122 13139 13138
f 13123 13124 13140
f 13123 13140 13139
f 13124 13125 13141
f 13124 13141 13140
f 13125 13126 13142
f 13125 13142 13141
f 13126 13127 13143
f 13126 13143 13142
f 13127 13128 13144
f 13127 13144 13143
f 13128 13129 13145
f 13128 13145 13144
f 13129 13130 13146
f 13129 13146 13145
f 13130 13131 13147
f 13130 13147 13146
f 13131 13132 13148
f 13131 13148 13147
f 13132 13133 13149
f 13132 13149 13148
f 13133 13134 13150
f 13133 13150 13149
f 13134 13119 13135
f 13134 13135 13150
f 13135 13136 13152
f 13135 13152 13151
f 13136 13137 13153
f 13136 13153 13152
f 13137 13138 13154
f 13137 13154 13153
f 13138 13139 13155
f 13138 13155 13154
f 13139 13140 13156
f 13139 13156 13155
f 13140 13141 13157
f 13140 13157 13156
f 13141 13142 13158
f 13141 13158 13157
f 13142 13143 13159
f 13142 13159 13158
f 13143 13144 13160
f 13143 13160 13159
f 13144 13145 13161
f 13144 13161 13160
f 13145 13146 13162
f 13145 13162 13161
f 13146 13147 13163
f 13146 13163 13162
f 13147 13148 13164
f 13147 13164 13163
f 13148 13149 13165
f 13148 13165 13164
f 13149 13150 13166
f 13149 13166 13165
f 13150 13135 13151
f 13150 13151 13166
f 13151 13152 13168
f 13151 13168 13167
f 13152 13153 13169
f 13152 13169 13168
f 13153 13154 13170
f 13153 13170 13169
f 13154 13155 13171
f 13154 13171 13170
f 13155 13156 13172
f 13155 13172 13171
f 13156 13157 13173
f 13156 13173 13172
f 13157 13158 13174
f 13157 13174 13173
f 13158 13159 13175
f 13158 13175 13174
f 13159 13160 13176
f 13159 13176 13175
f 13160 13161 13177
f 13160 13177 13176
f 13161 13162 13178
f 13161 13178 13177
f 13162 13163 13179
f 13162 13179 13178
f 13163 13164 13180
f 13163 13180 13179
f 13164 13165 13181
f 13164 13181 13180
f 13165 13166 13182
f 13165 13182 13181
f 13166 13151 13167
f 13166 13167 13182
f 13167 13168 13184
f 13167 13184 13183
f 13168 13169 13185
f 13168 13185 13184
f 13169 13170 13186
f 13169 13186 13185
f 13170 13171 13187
f 13170 13187 13186
f 13171 13172 13188
f 13171 13188 13187
f 13172 13173 13189
f 13172 13189 13188
f 13173 13174 13190
f 13173 13190 13189
f 13174 13175 13191
f 13174 13191 13190
f 13175 13176 13192
f 13175 13192 13191
f 13176 13177 13193
f 13176 13193 13192
f 13177 13178 13194
f 13177 13194 13193
f 13178 13179 13195
f 13178 13195 13194
f 13179 13180 13196
f 13179 13196 13195
f 13180 13181 13197
f 13180 13197 13196
f 13181 13182 13198
f 13181 13198 13197
f 13182 13167 13183
f 13182 13183 13198
f 13183 13184 13200
f 13183 13200 13199
f 13184 13185 13201
f 13184 13201 13200
f 13185 13186 13202
f 13185 13202 13201
f 13186 13187 13203
f 13186 13203 13202
f 13187 13188 13204
f 13187 13204 13203
f 13188 13189 13205
f 13188 13205 13204
f 13189 13190 13206
f 13189 13206 13205
f 13190 13191 13207
f 13190 13207 13206
f 13191 13192 13208
f 13191 13208 13207
f 13192 13193 13209
f 13192 13209 13208
f 13193 13194 13210
f 13193 13210 13209
f 13194 13195 13211
f 13194 13211 13210
f 13195 13196 13212
f 13195 13212 13211
f 13196 13197 13213
f 13196 13213 13212
f 13197 13198 13214
f 13197 13214 13213
f 13198 13183 13199
f 13198 13199 13214
f 13199 13200 13216
f 13199 13216 13215
f 13200 13201 13217
f 13200 13217 13216
f 13201 13202 13218
f 13201 13218 13217
f 13202 13203 13219
f 13202 13219 13218
f 13203 13204 13220
f 13203 13220 13219
f 13204 13205 13221
f 13204 13221 13220
f 13205 13206 13222
f 13205 13222 13221
f 13206 13207 13223
f 13206 13223 13222
f 13207 13208 13224
f 13207 13224 13223
f 13208 13209 13225
f 13208 13225 13224
f 13209 13210 13226
f 13209 13226 13225
f 13210 13211 13227
f 13210 13227 13226
f 13211 13212 13228
f 13211 13228 13227
f 13212 13213 13229
f 13212 13229 13228
f 13213 13214 13230
f 13213 13230 13229
f 13214 13199 13215
f 13214 13215 13230
f 13215 13216 13232
f 13215 13232 13231
f 13216 13217 13233
f 13216 13233 13232
f 13217 13218 13234
f 13217 13234 13233
f 13218 13219 13235
f 13218 13235 13234
f 13219 13220 13236
f 13219 13236 13235
f 13220 13221 13237
f 13220 13237 13236
f 13221 13222 13238
f 13221 13238 13237
f 13222 13223 13239
f 13222 13239 13238
f 13223 13224 13240
f 13223 13240 13239
f 13224 13225 13241
f 13224 13241 13240
f 13225 13226 13242
f 13225 13242 13241
f 13226 13227 13243
f 13226 13243 13242
f 13227 13228 13244
f 13227 13244 13243
f 13228 13229 13245
f 13228 13245 13244
f 13229 13230 13246
f 13229 13246 13245
f 13230 13215 13231
f 13230 13231 13246
f 13231 13232 13248
f 13231 13248 13247
f 13232 13233 13249
f 13232 13249 13248
f 13233 13234 13250
f 13233 13250 13249
f 13234 13235 13251
f 13234 13251 13250
f 13235 13236 13252
f 13235 13252 13251
f 13236 13237 13253
f 13236 13253 13252
f 13237 13238 13254
f 13237 13254 13253
f 13238 13239 13255
f 13238 13255 13254
f 13239 13240 13256
f 13239 13256 13255
f 13240 13241 13257
f 13240 13257 13256
f 13241 13242 13258
f 13241 13258 13257
f 13242 13243 13259
f 13242 13259 13258
f 13243 13244 13260
f 13243 13260 13259
f 13244 13245 13261
f 13244 13261 13260
f 13245 13246 13262
f 13245 13262 13261
f 13246 13231 13247
f 13246 13247 13262
f 13247 13248 13264
f 13247 13264 13263
f 13248 13249 13265
f 13248 13265 13264
f 13249 13250 13266
f 13249 13266 13265
f 13250 13251 13267
f 13250 13267 13266
f 13251 13252 13268
f 13251 13268 13267
f 13252 13253 13269
f 13252 13269 13268
f 13253 13254 13270
f 13253 13270 13269
f 13254 13255 13271
f 13254 13271 13270
f 13255 13256 13272
f 13255 13272 13271
f 13256 13257 13273
f 13256 13273 13272
f 13257 13258 13274
f 13257 13274 13273
f 13258 13259 13275
f 13258 13275 13274
f 13259 13260 13276
f 13259 13276 13275
f 13260 13261 13277
f 13260 13277 13276
f 13261 13262 13278
f 13261 13278 13277
f 13262 13247 13263
f 13262 13263 13278
f 13263 13264 13280
f 13263 13280 13279
f 13264 13265 13281
f 13264 13281 13280
f 13265 13266 13282
f 13265 13282 13281
f 13266 13267 13283
f 13266 13283 13282
f 13267 13268 13284
f 13267 13284 13283
f 13268 13269 13285
f 13268 13285 13284
f 13269 13270 13286
f 13269 13286 13285
f 13270 13271 13287
f 13270 13287 13286
f 13271 13272 13288
f 13271 13288 13287
f 13272 13273 13289
f 13272 13289 13288
f 13273 13274 13290
f 13273 13290 13289
f 13274 13275 13291
f 13274 13291 13290
f 13275 13276 13292
f 13275 13292 13291
f 13276 13277 13293
f 13276 13293 13292
f 13277 13278 13294
f 13277 13294 13293
f 13278 13263 13279
f 13278 13279 13294
f 13279 13280 13296
f 13279 13296 13295
f 13280 13281 13297
f 13280 13297 13296
f 13281 13282 13298
f 13281 13298 13297
f 13282 13283 13299
f 13282 13299 13298
f 13283 13284 13300
f 13283 13300 13299
f 13284 13285 13301
f 13284 13301 13300
f 13285 13286 13302
f 13285 13302 13301
f 13286 13287 13303
f 13286 13303 13302
f 13287 13288 13304
f 13287 13304 13303
f 13288 13289 13305
f 13288 13305 13304
f 13289 13290 13306
f 13289 13306 13305
f 13290 13291 13307
f 13290 13307 13306
f 13291 13292 13308
f 13291 13308 13307
f 13292 13293 13309
f 13292 13309 13308
f 13293 13294 13310
f 13293 13310 13309
f 13294 13279 13295
f 13294 13295 13310
f 13295 13296 13312
f 13295 13312 13311
f 13296 13297 13313
f 13296 13313 13312
f 13297 13298 13314
f 13297 13314 13313
f 13298 13299 13315
f 13298 13315 13314
f 13299 13300 13316
f 13299 13316 13315
f 13300 13301 13317
f 13300 13317 13316
f 13301 13302 13318
f 13301 13318 13317
f 13302 13303 13319
f 13302 13319 13318
f 13303 13304 13320
f 13303 13320 13319
f 13304 13305 13321
f 13304 13321 13320
f 13305 13306 13322
f 13305 13322 13321
f 13306 13307 13323
f 13306 13323 13322
f 13307 13308 13324
f 13307 13324 13323
f 13308 13309 13325
f 13308 13325 13324
f 13309 13310 13326
f 13309 13326 13325
f 13310 13295 13311
f 13310 13311 13326
f 13311 13312 13328
f 13311 13328 13327
f 13312 13313 13329
f 13312 13329 13328
f 13313 13314 13330
f 13313 13330 13329
f 13314 13315 13331
f 13314 13331 13330
f 13315 13316 13332
f 13315 13332 13331
f 13316 13317 13333
f 13316 13333 13332
f 13317 13318 13334
f 13317 13334 13333
f 13318 13319 13335
f 13318 13335 13334
f 13319 13320 13336
f 13319 13336 13335
f 13320 13321 13337
f 13320 13337 13336
f 13321 13322 13338
f 13321 13338 13337
f 13322 13323 13339
f 13322 13339 13338
f 13323 13324 13340
f 13323 13340 13339
f 13324 13325 13341
f 13324 13341 13340
f 13325 13326 13342
f 13325 13342 13341
f 13326 13311 13327
f 13326 13327 13342
f 13327 13328 13344
f 13327 13344 13343
f 13328 13329 13345
f 13328 13345 13344
f 13329 13330 13346
f 13329 13346 13345
f 13330 13331 13347
f 13330 13347 13346
f 13331 13332 13348
f 13331 13348 13347
f 13332 13333 13349
f 13332 13349 13348
f 13333 13334 13350
f 13333 13350 13349
f 13334 13335 13351
f 13334 13351 13350
f 13335 13336 13352
f 13335 13352 13351
f 13336 13337 13353
f 13336 13353 13352
f 13337 13338 13354
f 13337 13354 13353
f 13338 13339 13355
f 13338 13355 13354
f 13339 13340 13356
f 13339 13356 13355
f 13340 13341 13357
f 13340 13357 13356
f 13341 13342 13358
f 13341 13358 13357
f 13342 13327 13343
f 13342 13343 13358
f 13343 13344 13360
f 13343 13360 13359
f 13344 13345 13361
f 13344 13361 13360
f 13345 13346 13362
f 13345 13362 13361
f 13346 13347 13363
f 13346 13363 13362
f 13347 13348 13364
f 13347 13364 13363
f 13348 13349 13365
f 13348 13365 13364
f 13349 13350 13366
f 13349 13366 13365
f 13350 13351 13367
f 13350 13367 13366
f 13351 13352 13368
f 13351 13368 13367
f 13352 13353 13369
f 13352 13369 13368
f 13353 13354 13370
f 13353 13370 13369
f 13354 13355 13371
f 13354 13371 13370
f 13355 13356 13372
f 13355 13372 13371
f 13356 13357 13373
f 13356 13373 13372
f 13357 13358 13374
f 13357 13374 13373
f 13358 13343 13359
f 13358 13359 13374
f 13359 13360 13376
f 13359 13376 13375
f 13360 13361 13377
f 13360 13377 13376
f 13361 13362 13378
f 13361 13378 13377
f 13362 13363 13379
f 13362 13379 13378
f 13363 13364 13380
f 13363 13380 13379
f 13364 13365 13381
f 13364 13381 13380
f 13365 13366 13382
f 13365 13382 13381
f 13366 13367 13383
f 13366 13383 13382
f 13367 13368 13384
f 13367 13384 13383
f 13368 13369 13385
f 13368 13385 13384
f 13369 13370 13386
f 13369 13386 13385
f 13370 13371 13387
f 13370 13387 13386
f 13371 13372 13388
f 13371 13388 13387
f 13372 13373 13389
f 13372 13389 13388
f 13373 13374 13390
f 13373 13390 13389
f 13374 13359 13375
f 13374 13375 13390
f 13375 13376 13392
f 13375 13392 13391
f 13376 13377 13393
f 13376 13393 13392
f 13377 13378 13394
f 13377 13394 13393
f 13378 13379 13395
f 13378 13395 13394
f 13379 13380 13396
f 13379 13396 13395
f 13380 13381 13397
f 13380 13397 13396
f 13381 13382 13398
f 13381 13398 13397
f 13382 13383 13399
f 13382 13399 13398
f 13383 13384 13400
f 13383 13400 13399
f 13384 13385 13401
f 13384 13401 13400
f 13385 13386 13402
f 13385 13402 13401
f 13386 13387 13403
f 13386 13403 13402
f 13387 13388 13404
f 13387 13404 13403
f 13388 13389 13405
f 13388 13405 13404
f 13389 13390 13406
f 13389 13406 13405
f 13390 13375 13391
f 13390 13391 13406
f 13391 13392 13408
f 13391 13408 13407
f 13392 13393 13409
f 13392 13409 13408
f 13393 13394 13410
f 13393 13410 13409
f 13394 13395 13411
f 13394 13411 13410
f 13395 13396 13412
f 13395 13412 13411
f 13396 13397 13413
f 13396 13413 13412
f 13397 13398 13414
f 13397 13414 13413
f 13398 13399 13415
f 13398 13415 13414
f 13399 13400 13416
f 13399 13416 13415
f 13400 13401 13417
f 13400 13417 13416
f 13401 13402 13418
f 13401 13418 13417
f 13402 13403 13419
f 13402 13419 13418
f 13403 13404 13420
f 13403 13420 13419
f 13404 13405 13421
f 13404 13421 13420
f 13405 13406 13422
f 13405 13422 13421
f 13406 13391 13407
f 13406 13407 13422
f 13407 13408 13424
f 13407 13424 13423
f 13408 13409 13425
f 13408 13425 13424
f 13409 13410 13426
f 13409 13426 13425
f 13410 13411 13427
f 13410 13427 13426
f 13411 13412 13428
f 13411 13428 13427
f 13412 13413 13429
f 13412 13429 13428
f 13413 13414 13430
f 13413 13430 13429
f 13414 13415 13431
f 13414 13431 13430
f 13415 13416 13432
f 13415 13432 13431
f 13416 13417 13433
f 13416 13433 13432
f 13417 13418 13434
f 13417 13434 13433
f 13418 13419 13435
f 13418 13435 13434
f 13419 13420 13436
f 13419 13436 13435
f 13420 13421 13437
f 13420 13437 13436
f 13421 13422 13438
f 13421 13438 13437
f 13422 13407 13423
f 13422 13423 13438
f 13423 13424 13440
f 13423 13440 13439
f 13424 13425 13441
f 13424 13441 13440
f 13425 13426 13442
f 13425 13442 13441
f 13426 13427 13443
f 13426 13443 13442
f 13427 13428 13444
f 13427 13444 13443
f 13428 13429 13445
f 13428 13445 13444
f 13429 13430 13446
f 13429 13446 13445
f 13430 13431 13447
f 13430 13447 13446
f 13431 13432 13448
f 13431 13448 13447
f 13432 13433 13449
f 13432 13449 13448
f 13433 13434 13450
f 13433 13450 13449
f 13434 13435 13451
f 13434 13451 13450
f 13435 13436 13452
f 13435 13452 13451
f 13436 13437 13453
f 13436 13453 13452
f 13437 13438 13454
f 13437 13454 13453
f 13438 13423 13439
f 13438 13439 13454
f 13439 13440 13456
f 13439 13456 13455
f 13440 13441 13457
f 13440 13457 13456
f 13441 13442 13458
f 13441 13458 13457
f 13442 13443 13459
f 13442 13459 13458
f 13443 13444 13460
f 13443 13460 13459
f 13444 13445 13461
f 13444 13461 13460
f 13445 13446 13462
f 13445 13462 13461
f 13446 13447 13463
f 13446 13463 13462
f 13447 13448 13464
f 13447 13464 13463
f 13448 13449 13465
f 13448 13465 13464
f 13449 13450 13466
f 13449 13466 13465
f 13450 13451 13467
f 13450 13467 13466
f 13451 13452 13468
f 13451 13468 13467
f 13452 13453 13469
f 13452 13469 13468
f 13453 13454 13470
f 13453 13470 13469
f 13454 13439 13455
f 13454 13455 13470
f 13455 13456 13472
f 13455 13472 13471
f 13456 13457 13473
f 13456 13473 13472
f 13457 13458 13474
f 13457 13474 13473
f 13458 13459 13475
f 13458 13475 13474
f 13459 13460 13476
f 13459 13476 13475
f 13460 13461 13477
f 13460 13477 13476
f 13461 13462 13478
f 13461 13478 13477
f 13462 13463 13479
f 13462 13479 13478
f 13463 13464 13480
f 13463 13480 13479
f 13464 13465 13481
f 13464 13481 13480
f 13465 13466 13482
f 13465 13482 13481
f 13466 13467 13483
f 13466 13483 13482
f 13467 13468 13484
f 13467 13484 13483
f 13468 13469 13485
f 13468 13485 13484
f 13469 13470 13486
f 13469 13486 13485
f 13470 13455 13471
f 13470 13471 13486
f 13487 13088 13087
f 13487 13089 13088
f 13487 13090 13089
f 13487 13091 13090
f 13487 13092 13091
f 13487 13093 13092
f 13487 13094 13093
f 13487 13095 13094
f 13487 13096 13095
f 13487 13097 13096
f 13487 13098 13097
f 13487 13099 13098
f 13487 13100 13099
f 13487 13101 13100
f 13487 13102 13101
f 13487 13087 13102
f 13488 13471 13472
f 13488 13472 13473
f 13488 13473 13474
f 13488 13474 13475
f 13488 13475 13476
f 13488 13476 13477
f 13488 13477 13478
f 13488 13478 13479
f 13488 13479 13480
f 13488 13480 13481
f 13488 13481 13482
f 13488 13482 13483
f 13488 13483 13484
f 13488 13484 13485
f 13488 13485 13486
f 13488 13486 13471
o Avarin_Mantle_L
usemtl sail_membrane
s 1
v 0.00078 4.65478 -0.37007
v 0.00052 4.65478 -0.37174
v 0.00026 4.65478 -0.37341
v 0.00000 4.65478 -0.37508
v -0.00026 4.65478 -0.37675
v -0.00052 4.65478 -0.37842
v -0.00078 4.65478 -0.38009
v -0.04179 4.67886 -0.26830
v -0.04687 4.71334 -0.30093
v -0.05195 4.73403 -0.33357
v -0.05702 4.74093 -0.36621
v -0.06210 4.73403 -0.39885
v -0.06718 4.71334 -0.43148
v -0.07225 4.67886 -0.46412
v -0.08965 4.70293 -0.20050
v -0.09778 4.76665 -0.25278
v -0.10591 4.80488 -0.30506
v -0.11404 4.81762 -0.35734
v -0.12218 4.80488 -0.40962
v -0.13031 4.76665 -0.46190
v -0.13844 4.70293 -0.51417
v -0.14104 4.72701 -0.15542
v -0.15105 4.81026 -0.21977
v -0.16106 4.86021 -0.28412
v -0.17107 4.87686 -0.34847
v -0.18108 4.86021 -0.41282
v -0.19109 4.81026 -0.47717
v -0.20110 4.72701 -0.54152
v -0.19615 4.75109 -0.13425
v -0.20679 4.84120 -0.20270
v -0.21744 4.89526 -0.27115
v -0.22809 4.91328 -0.33960
v -0.23874 4.89526 -0.40805
v -0.24938 4.84120 -0.47650
v -0.26003 4.75109 -0.54494
v -0.25508 4.77516 -0.13768
v -0.26509 4.85841 -0.20203
v -0.27510 4.90836 -0.26638
v -0.28511 4.92501 -0.33073
v -0.29512 4.90836 -0.39508
v -0.30513 4.85841 -0.45943
v -0.31514 4.77516 -0.52378
v -0.31774 4.79924 -0.16502
v -0.32587 4.86296 -0.21730
v -0.33400 4.90119 -0.26958
v -0.34213 4.91393 -0.32186
v -0.35027 4.90119 -0.37414
v -0.35840 4.86296 -0.42642
v -0.36653 4.79924 -0.47869
v -0.38392 4.82331 -0.21508
v -0.38900 4.85780 -0.24771
v -0.39408 4.87849 -0.28035
v -0.39916 4.88538 -0.31299
v -0.40423 4.87849 -0.34563
v -0.40931 4.85780 -0.37826
v -0.41439 4.82331 -0.41090
v -0.45540 4.84739 -0.29911
v -0.45566 4.84739 -0.30078
v -0.45592 4.84739 -0.30245
v -0.45618 4.84739 -0.30412
v -0.45644 4.84739 -0.30579
v -0.45670 4.84739 -0.30746
v -0.45696 4.84739 -0.30913
v 0.00078 4.66695 -0.37007
v 0.00052 4.66695 -0.37174
v 0.00026 4.66695 -0.37341
v 0.00000 4.66695 -0.37508
v -0.00026 4.66695 -0.37675
v -0.00052 4.66695 -0.37842
v -0.00078 4.66695 -0.38009
v -0.04179 4.69102 -0.26830
v -0.04687 4.72551 -0.30093
v -0.05195 4.74620 -0.33357
v -0.05702 4.75309 -0.36621
v -0.06210 4.74620 -0.39885
v -0.06718 4.72551 -0.43148
v -0.07225 4.69102 -0.46412
v -0.08965 4.71510 -0.20050
v -0.09778 4.77882 -0.25278
v -0.10591 4.81705 -0.30506
v -0.11404 4.82979 -0.35734
v -0.12218 4.81705 -0.40962
v -0.13031 4.77882 -0.46190
v -0.13844 4.71510 -0.51417
v -0.14104 4.73917 -0.15542
v -0.15105 4.82242 -0.21977
v -0.16106 4.87238 -0.28412
v -0.17107 4.88903 -0.34847
v -0.18108 4.87238 -0.41282
v -0.19109 4.82242 -0.47717
v -0.20110 4.73917 -0.54152
v -0.19615 4.76325 -0.13425
v -0.20679 4.85336 -0.20270
v -0.21744 4.90743 -0.27115
v -0.22809 4.92545 -0.33960
v -0.23874 4.90743 -0.40805
v -0.24938 4.85336 -0.47650
v -0.26003 4.76325 -0.54494
v -0.25508 4.78733 -0.13768
v -0.26509 4.87058 -0.20203
v -0.27510 4.92053 -0.26638
v -0.28511 4.93718 -0.33073
v -0.29512 4.92053 -0.39508
v -0.30513 4.87058 -0.45943
v -0.31514 4.78733 -0.52378
v -0.31774 4.81140 -0.16502
v -0.32587 4.87512 -0.21730
v -0.33400 4.91335 -0.26958
v -0.34213 4.92609 -0.32186
v -0.35027 4.91335 -0.37414
v -0.35840 4.87512 -0.42642
v -0.36653 4.81140 -0.47869
v -0.38392 4.83548 -0.21508
v -0.38900 4.86996 -0.24771
v -0.39408 4.89065 -0.28035
v -0.39916 4.89755 -0.31299
v -0.40423 4.89065 -0.34563
v -0.40931 4.86996 -0.37826
v -0.41439 4.83548 -0.41090
v -0.45540 4.85956 -0.29911
v -0.45566 4.85956 -0.30078
v -0.45592 4.85956 -0.30245
v -0.45618 4.85956 -0.30412
v -0.45644 4.85956 -0.30579
v -0.45670 4.85956 -0.30746
v -0.45696 4.85956 -0.30913
f 13489 13497 13490
f 13489 13496 13497
f 13490 13498 13491
f 13490 13497 13498
f 13491 13499 13492
f 13491 13498 13499
f 13492 13500 13493
f 13492 13499 13500
f 13493 13501 13494
f 13493 13500 13501
f 13494 13502 13495
f 13494 13501 13502
f 13496 13504 13497
f 13496 13503 13504
f 13497 13505 13498
f 13497 13504 13505
f 13498 13506 13499
f 13498 13505 13506
f 13499 13507 13500
f 13499 13506 13507
f 13500 13508 13501
f 13500 13507 13508
f 13501 13509 13502
f 13501 13508 13509
f 13503 13511 13504
f 13503 13510 13511
f 13504 13512 13505
f 13504 13511 13512
f 13505 13513 13506
f 13505 13512 13513
f 13506 13514 13507
f 13506 13513 13514
f 13507 13515 13508
f 13507 13514 13515
f 13508 13516 13509
f 13508 13515 13516
f 13510 13518 13511
f 13510 13517 13518
f 13511 13519 13512
f 13511 13518 13519
f 13512 13520 13513
f 13512 13519 13520
f 13513 13521 13514
f 13513 13520 13521
f 13514 13522 13515
f 13514 13521 13522
f 13515 13523 13516
f 13515 13522 13523
f 13517 13525 13518
f 13517 13524 13525
f 13518 13526 13519
f 13518 13525 13526
f 13519 13527 13520
f 13519 13526 13527
f 13520 13528 13521
f 13520 13527 13528
f 13521 13529 13522
f 13521 13528 13529
f 13522 13530 13523
f 13522 13529 13530
f 13524 13532 13525
f 13524 13531 13532
f 13525 13533 13526
f 13525 13532 13533
f 13526 13534 13527
f 13526 13533 13534
f 13527 13535 13528
f 13527 13534 13535
f 13528 13536 13529
f 13528 13535 13536
f 13529 13537 13530
f 13529 13536 13537
f 13531 13539 13532
f 13531 13538 13539
f 13532 13540 13533
f 13532 13539 13540
f 13533 13541 13534
f 13533 13540 13541
f 13534 13542 13535
f 13534 13541 13542
f 13535 13543 13536
f 13535 13542 13543
f 13536 13544 13537
f 13536 13543 13544
f 13538 13546 13539
f 13538 13545 13546
f 13539 13547 13540
f 13539 13546 13547
f 13540 13548 13541
f 13540 13547 13548
f 13541 13549 13542
f 13541 13548 13549
f 13542 13550 13543
f 13542 13549 13550
f 13543 13551 13544
f 13543 13550 13551
f 13552 13553 13560
f 13552 13560 13559
f 13553 13554 13561
f 13553 13561 13560
f 13554 13555 13562
f 13554 13562 13561
f 13555 13556 13563
f 13555 13563 13562
f 13556 13557 13564
f 13556 13564 13563
f 13557 13558 13565
f 13557 13565 13564
f 13559 13560 13567
f 13559 13567 13566
f 13560 13561 13568
f 13560 13568 13567
f 13561 13562 13569
f 13561 13569 13568
f 13562 13563 13570
f 13562 13570 13569
f 13563 13564 13571
f 13563 13571 13570
f 13564 13565 13572
f 13564 13572 13571
f 13566 13567 13574
f 13566 13574 13573
f 13567 13568 13575
f 13567 13575 13574
f 13568 13569 13576
f 13568 13576 13575
f 13569 13570 13577
f 13569 13577 13576
f 13570 13571 13578
f 13570 13578 13577
f 13571 13572 13579
f 13571 13579 13578
f 13573 13574 13581
f 13573 13581 13580
f 13574 13575 13582
f 13574 13582 13581
f 13575 13576 13583
f 13575 13583 13582
f 13576 13577 13584
f 13576 13584 13583
f 13577 13578 13585
f 13577 13585 13584
f 13578 13579 13586
f 13578 13586 13585
f 13580 13581 13588
f 13580 13588 13587
f 13581 13582 13589
f 13581 13589 13588
f 13582 13583 13590
f 13582 13590 13589
f 13583 13584 13591
f 13583 13591 13590
f 13584 13585 13592
f 13584 13592 13591
f 13585 13586 13593
f 13585 13593 13592
f 13587 13588 13595
f 13587 13595 13594
f 13588 13589 13596
f 13588 13596 13595
f 13589 13590 13597
f 13589 13597 13596
f 13590 13591 13598
f 13590 13598 13597
f 13591 13592 13599
f 13591 13599 13598
f 13592 13593 13600
f 13592 13600 13599
f 13594 13595 13602
f 13594 13602 13601
f 13595 13596 13603
f 13595 13603 13602
f 13596 13597 13604
f 13596 13604 13603
f 13597 13598 13605
f 13597 13605 13604
f 13598 13599 13606
f 13598 13606 13605
f 13599 13600 13607
f 13599 13607 13606
f 13601 13602 13609
f 13601 13609 13608
f 13602 13603 13610
f 13602 13610 13609
f 13603 13604 13611
f 13603 13611 13610
f 13604 13605 13612
f 13604 13612 13611
f 13605 13606 13613
f 13605 13613 13612
f 13606 13607 13614
f 13606 13614 13613
f 13489 13490 13553
f 13489 13553 13552
f 13490 13491 13554
f 13490 13554 13553
f 13491 13492 13555
f 13491 13555 13554
f 13492 13493 13556
f 13492 13556 13555
f 13493 13494 13557
f 13493 13557 13556
f 13494 13495 13558
f 13494 13558 13557
f 13495 13502 13565
f 13495 13565 13558
f 13502 13509 13572
f 13502 13572 13565
f 13509 13516 13579
f 13509 13579 13572
f 13516 13523 13586
f 13516 13586 13579
f 13523 13530 13593
f 13523 13593 13586
f 13530 13537 13600
f 13530 13600 13593
f 13537 13544 13607
f 13537 13607 13600
f 13544 13551 13614
f 13544 13614 13607
f 13551 13550 13613
f 13551 13613 13614
f 13550 13549 13612
f 13550 13612 13613
f 13549 13548 13611
f 13549 13611 13612
f 13548 13547 13610
f 13548 13610 13611
f 13547 13546 13609
f 13547 13609 13610
f 13546 13545 13608
f 13546 13608 13609
f 13545 13538 13601
f 13545 13601 13608
f 13538 13531 13594
f 13538 13594 13601
f 13531 13524 13587
f 13531 13587 13594
f 13524 13517 13580
f 13524 13580 13587
f 13517 13510 13573
f 13517 13573 13580
f 13510 13503 13566
f 13510 13566 13573
f 13503 13496 13559
f 13503 13559 13566
f 13496 13489 13552
f 13496 13552 13559
o Avarin_SensoryRibbon_L0
usemtl sail_vein
s 1
v -0.22482 4.74433 -0.44604
v -0.22092 4.74566 -0.45439
v -0.21231 4.74483 -0.45785
v -0.20404 4.74232 -0.45439
v -0.20095 4.73960 -0.44604
v -0.20485 4.73826 -0.43769
v -0.21345 4.73910 -0.43423
v -0.22172 4.74161 -0.43769
v -0.23307 4.70266 -0.45655
v -0.22919 4.70392 -0.46492
v -0.22059 4.70306 -0.46839
v -0.21232 4.70057 -0.46492
v -0.20921 4.69792 -0.45655
v -0.21309 4.69665 -0.44819
v -0.22169 4.69752 -0.44472
v -0.22997 4.70000 -0.44819
v -0.24471 4.64411 -0.47045
v -0.24092 4.64488 -0.47892
v -0.23237 4.64379 -0.48242
v -0.22405 4.64149 -0.47892
v -0.22086 4.63932 -0.47045
v -0.22464 4.63856 -0.46197
v -0.23320 4.63964 -0.45847
v -0.24151 4.64194 -0.46197
v -0.25520 4.59238 -0.47645
v -0.25179 4.59131 -0.48505
v -0.24340 4.58942 -0.48861
v -0.23495 4.58781 -0.48505
v -0.23139 4.58742 -0.47645
v -0.23480 4.58849 -0.46786
v -0.24319 4.59039 -0.46430
v -0.25164 4.59200 -0.46786
v -0.26343 4.55423 -0.46669
v -0.26062 4.55045 -0.47472
v -0.25249 4.54736 -0.47805
v -0.24382 4.54675 -0.47472
v -0.23968 4.54899 -0.46669
v -0.24249 4.55276 -0.45866
v -0.25062 4.55586 -0.45533
v -0.25929 4.55646 -0.45866
v -0.27055 4.52276 -0.44904
v -0.26802 4.51783 -0.45653
v -0.26002 4.51422 -0.45963
v -0.25124 4.51403 -0.45653
v -0.24683 4.51738 -0.44904
v -0.24936 4.52230 -0.44156
v -0.25736 4.52592 -0.43846
v -0.26614 4.52611 -0.44156
v -0.27543 4.50137 -0.43590
v -0.27294 4.49627 -0.44328
v -0.26496 4.49258 -0.44634
v -0.25617 4.49245 -0.44328
v -0.25171 4.49596 -0.43590
v -0.25420 4.50106 -0.42852
v -0.26218 4.50476 -0.42547
v -0.27097 4.50489 -0.42852
v -0.21288 4.74196 -0.44604
v -0.26357 4.49867 -0.43590
f 13615 13616 13624
f 13615 13624 13623
f 13616 13617 13625
f 13616 13625 13624
f 13617 13618 13626
f 13617 13626 13625
f 13618 13619 13627
f 13618 13627 13626
f 13619 13620 13628
f 13619 13628 13627
f 13620 13621 13629
f 13620 13629 13628
f 13621 13622 13630
f 13621 13630 13629
f 13622 13615 13623
f 13622 13623 13630
f 13623 13624 13632
f 13623 13632 13631
f 13624 13625 13633
f 13624 13633 13632
f 13625 13626 13634
f 13625 13634 13633
f 13626 13627 13635
f 13626 13635 13634
f 13627 13628 13636
f 13627 13636 13635
f 13628 13629 13637
f 13628 13637 13636
f 13629 13630 13638
f 13629 13638 13637
f 13630 13623 13631
f 13630 13631 13638
f 13631 13632 13640
f 13631 13640 13639
f 13632 13633 13641
f 13632 13641 13640
f 13633 13634 13642
f 13633 13642 13641
f 13634 13635 13643
f 13634 13643 13642
f 13635 13636 13644
f 13635 13644 13643
f 13636 13637 13645
f 13636 13645 13644
f 13637 13638 13646
f 13637 13646 13645
f 13638 13631 13639
f 13638 13639 13646
f 13639 13640 13648
f 13639 13648 13647
f 13640 13641 13649
f 13640 13649 13648
f 13641 13642 13650
f 13641 13650 13649
f 13642 13643 13651
f 13642 13651 13650
f 13643 13644 13652
f 13643 13652 13651
f 13644 13645 13653
f 13644 13653 13652
f 13645 13646 13654
f 13645 13654 13653
f 13646 13639 13647
f 13646 13647 13654
f 13647 13648 13656
f 13647 13656 13655
f 13648 13649 13657
f 13648 13657 13656
f 13649 13650 13658
f 13649 13658 13657
f 13650 13651 13659
f 13650 13659 13658
f 13651 13652 13660
f 13651 13660 13659
f 13652 13653 13661
f 13652 13661 13660
f 13653 13654 13662
f 13653 13662 13661
f 13654 13647 13655
f 13654 13655 13662
f 13655 13656 13664
f 13655 13664 13663
f 13656 13657 13665
f 13656 13665 13664
f 13657 13658 13666
f 13657 13666 13665
f 13658 13659 13667
f 13658 13667 13666
f 13659 13660 13668
f 13659 13668 13667
f 13660 13661 13669
f 13660 13669 13668
f 13661 13662 13670
f 13661 13670 13669
f 13662 13655 13663
f 13662 13663 13670
f 13671 13616 13615
f 13671 13617 13616
f 13671 13618 13617
f 13671 13619 13618
f 13671 13620 13619
f 13671 13621 13620
f 13671 13622 13621
f 13671 13615 13622
f 13672 13663 13664
f 13672 13664 13665
f 13672 13665 13666
f 13672 13666 13667
f 13672 13667 13668
f 13672 13668 13669
f 13672 13669 13670
f 13672 13670 13663
o Avarin_SensoryRibbon_L1
usemtl sail_vein
s 1
v -0.29570 4.74469 -0.44604
v -0.29177 4.74589 -0.45439
v -0.28319 4.74479 -0.45785
v -0.27500 4.74204 -0.45439
v -0.27199 4.73924 -0.44604
v -0.27592 4.73804 -0.43769
v -0.28449 4.73913 -0.43423
v -0.29269 4.74189 -0.43769
v -0.30527 4.70302 -0.45655
v -0.30135 4.70415 -0.46492
v -0.29279 4.70302 -0.46839
v -0.28459 4.70029 -0.46492
v -0.28156 4.69756 -0.45655
v -0.28548 4.69642 -0.44818
v -0.29405 4.69755 -0.44472
v -0.30225 4.70028 -0.44818
v -0.31878 4.64450 -0.47045
v -0.31497 4.64513 -0.47892
v -0.30645 4.64376 -0.48243
v -0.29822 4.64120 -0.47892
v -0.29509 4.63894 -0.47045
v -0.29890 4.63830 -0.46197
v -0.30741 4.63967 -0.45846
v -0.31565 4.64223 -0.46197
v -0.33113 4.59285 -0.47645
v -0.32775 4.59165 -0.48505
v -0.31944 4.58943 -0.48861
v -0.31106 4.58748 -0.48505
v -0.30752 4.58695 -0.47645
v -0.31090 4.58815 -0.46786
v -0.31921 4.59038 -0.46430
v -0.32759 4.59233 -0.46786
v -0.34119 4.55482 -0.46669
v -0.33856 4.55094 -0.47474
v -0.33060 4.54745 -0.47807
v -0.32197 4.54640 -0.47474
v -0.31773 4.54839 -0.46669
v -0.32036 4.55227 -0.45865
v -0.32832 4.55576 -0.45531
v -0.33695 4.55682 -0.45865
v -0.35016 4.52343 -0.44904
v -0.34790 4.51841 -0.45655
v -0.34011 4.51436 -0.45966
v -0.33136 4.51366 -0.45655
v -0.32678 4.51671 -0.44904
v -0.32905 4.52173 -0.44154
v -0.33683 4.52577 -0.43843
v -0.34558 4.52648 -0.44154
v -0.35635 4.50205 -0.43590
v -0.35415 4.49686 -0.44331
v -0.34639 4.49273 -0.44638
v -0.33762 4.49208 -0.44331
v -0.33298 4.49529 -0.43590
v -0.33519 4.50047 -0.42849
v -0.34295 4.50460 -0.42543
v -0.35172 4.50526 -0.42849
v -0.28384 4.74196 -0.44604
v -0.34467 4.49867 -0.43590
f 13673 13674 13682
f 13673 13682 13681
f 13674 13675 13683
f 13674 13683 13682
f 13675 13676 13684
f 13675 13684 13683
f 13676 13677 13685
f 13676 13685 13684
f 13677 13678 13686
f 13677 13686 13685
f 13678 13679 13687
f 13678 13687 13686
f 13679 13680 13688
f 13679 13688 13687
f 13680 13673 13681
f 13680 13681 13688
f 13681 13682 13690
f 13681 13690 13689
f 13682 13683 13691
f 13682 13691 13690
f 13683 13684 13692
f 13683 13692 13691
f 13684 13685 13693
f 13684 13693 13692
f 13685 13686 13694
f 13685 13694 13693
f 13686 13687 13695
f 13686 13695 13694
f 13687 13688 13696
f 13687 13696 13695
f 13688 13681 13689
f 13688 13689 13696
f 13689 13690 13698
f 13689 13698 13697
f 13690 13691 13699
f 13690 13699 13698
f 13691 13692 13700
f 13691 13700 13699
f 13692 13693 13701
f 13692 13701 13700
f 13693 13694 13702
f 13693 13702 13701
f 13694 13695 13703
f 13694 13703 13702
f 13695 13696 13704
f 13695 13704 13703
f 13696 13689 13697
f 13696 13697 13704
f 13697 13698 13706
f 13697 13706 13705
f 13698 13699 13707
f 13698 13707 13706
f 13699 13700 13708
f 13699 13708 13707
f 13700 13701 13709
f 13700 13709 13708
f 13701 13702 13710
f 13701 13710 13709
f 13702 13703 13711
f 13702 13711 13710
f 13703 13704 13712
f 13703 13712 13711
f 13704 13697 13705
f 13704 13705 13712
f 13705 13706 13714
f 13705 13714 13713
f 13706 13707 13715
f 13706 13715 13714
f 13707 13708 13716
f 13707 13716 13715
f 13708 13709 13717
f 13708 13717 13716
f 13709 13710 13718
f 13709 13718 13717
f 13710 13711 13719
f 13710 13719 13718
f 13711 13712 13720
f 13711 13720 13719
f 13712 13705 13713
f 13712 13713 13720
f 13713 13714 13722
f 13713 13722 13721
f 13714 13715 13723
f 13714 13723 13722
f 13715 13716 13724
f 13715 13724 13723
f 13716 13717 13725
f 13716 13725 13724
f 13717 13718 13726
f 13717 13726 13725
f 13718 13719 13727
f 13718 13727 13726
f 13719 13720 13728
f 13719 13728 13727
f 13720 13713 13721
f 13720 13721 13728
f 13729 13674 13673
f 13729 13675 13674
f 13729 13676 13675
f 13729 13677 13676
f 13729 13678 13677
f 13729 13679 13678
f 13729 13680 13679
f 13729 13673 13680
f 13730 13721 13722
f 13730 13722 13723
f 13730 13723 13724
f 13730 13724 13725
f 13730 13725 13726
f 13730 13726 13727
f 13730 13727 13728
f 13730 13728 13721
o Avarin_SensoryRibbon_L2
usemtl sail_vein
s 1
v -0.36657 4.74504 -0.44604
v -0.36261 4.74611 -0.45440
v -0.35408 4.74475 -0.45786
v -0.34597 4.74176 -0.45440
v -0.34304 4.73889 -0.44604
v -0.34700 4.73782 -0.43768
v -0.35553 4.73917 -0.43422
v -0.36364 4.74216 -0.43768
v -0.37746 4.70337 -0.45655
v -0.37351 4.70438 -0.46493
v -0.36499 4.70298 -0.46839
v -0.35687 4.70001 -0.46493
v -0.35393 4.69720 -0.45655
v -0.35787 4.69620 -0.44818
v -0.36640 4.69759 -0.44471
v -0.37451 4.70056 -0.44818
v -0.39283 4.64487 -0.47045
v -0.38901 4.64537 -0.47892
v -0.38055 4.64373 -0.48243
v -0.37240 4.64091 -0.47892
v -0.36934 4.63856 -0.47045
v -0.37316 4.63806 -0.46197
v -0.38163 4.63970 -0.45846
v -0.38978 4.64252 -0.46197
v -0.40703 4.59331 -0.47645
v -0.40371 4.59198 -0.48505
v -0.39549 4.58944 -0.48861
v -0.38719 4.58716 -0.48505
v -0.38368 4.58650 -0.47645
v -0.38700 4.58782 -0.46786
v -0.39522 4.59037 -0.46430
v -0.40352 4.59264 -0.46786
v -0.41893 4.55540 -0.46669
v -0.41648 4.55143 -0.47475
v -0.40869 4.54757 -0.47809
v -0.40013 4.54607 -0.47475
v -0.39581 4.54782 -0.46669
v -0.39826 4.55178 -0.45863
v -0.40604 4.55565 -0.45529
v -0.41461 4.55714 -0.45863
v -0.42975 4.52406 -0.44904
v -0.42774 4.51898 -0.45658
v -0.42018 4.51454 -0.45971
v -0.41149 4.51333 -0.45658
v -0.40677 4.51608 -0.44904
v -0.40877 4.52116 -0.44151
v -0.41633 4.52560 -0.43838
v -0.42502 4.52680 -0.44151
v -0.43724 4.50270 -0.43590
v -0.43531 4.49745 -0.44335
v -0.42779 4.49291 -0.44643
v -0.41908 4.49175 -0.44335
v -0.41429 4.49464 -0.43590
v -0.41622 4.49989 -0.42846
v -0.42375 4.50442 -0.42538
v -0.43245 4.50558 -0.42846
v -0.35481 4.74196 -0.44604
v -0.42577 4.49867 -0.43590
f 13731 13732 13740
f 13731 13740 13739
f 13732 13733 13741
f 13732 13741 13740
f 13733 13734 13742
f 13733 13742 13741
f 13734 13735 13743
f 13734 13743 13742
f 13735 13736 13744
f 13735 13744 13743
f 13736 13737 13745
f 13736 13745 13744
f 13737 13738 13746
f 13737 13746 13745
f 13738 13731 13739
f 13738 13739 13746
f 13739 13740 13748
f 13739 13748 13747
f 13740 13741 13749
f 13740 13749 13748
f 13741 13742 13750
f 13741 13750 13749
f 13742 13743 13751
f 13742 13751 13750
f 13743 13744 13752
f 13743 13752 13751
f 13744 13745 13753
f 13744 13753 13752
f 13745 13746 13754
f 13745 13754 13753
f 13746 13739 13747
f 13746 13747 13754
f 13747 13748 13756
f 13747 13756 13755
f 13748 13749 13757
f 13748 13757 13756
f 13749 13750 13758
f 13749 13758 13757
f 13750 13751 13759
f 13750 13759 13758
f 13751 13752 13760
f 13751 13760 13759
f 13752 13753 13761
f 13752 13761 13760
f 13753 13754 13762
f 13753 13762 13761
f 13754 13747 13755
f 13754 13755 13762
f 13755 13756 13764
f 13755 13764 13763
f 13756 13757 13765
f 13756 13765 13764
f 13757 13758 13766
f 13757 13766 13765
f 13758 13759 13767
f 13758 13767 13766
f 13759 13760 13768
f 13759 13768 13767
f 13760 13761 13769
f 13760 13769 13768
f 13761 13762 13770
f 13761 13770 13769
f 13762 13755 13763
f 13762 13763 13770
f 13763 13764 13772
f 13763 13772 13771
f 13764 13765 13773
f 13764 13773 13772
f 13765 13766 13774
f 13765 13774 13773
f 13766 13767 13775
f 13766 13775 13774
f 13767 13768 13776
f 13767 13776 13775
f 13768 13769 13777
f 13768 13777 13776
f 13769 13770 13778
f 13769 13778 13777
f 13770 13763 13771
f 13770 13771 13778
f 13771 13772 13780
f 13771 13780 13779
f 13772 13773 13781
f 13772 13781 13780
f 13773 13774 13782
f 13773 13782 13781
f 13774 13775 13783
f 13774 13783 13782
f 13775 13776 13784
f 13775 13784 13783
f 13776 13777 13785
f 13776 13785 13784
f 13777 13778 13786
f 13777 13786 13785
f 13778 13771 13779
f 13778 13779 13786
f 13787 13732 13731
f 13787 13733 13732
f 13787 13734 13733
f 13787 13735 13734
f 13787 13736 13735
f 13787 13737 13736
f 13787 13738 13737
f 13787 13731 13738
f 13788 13779 13780
f 13788 13780 13781
f 13788 13781 13782
f 13788 13782 13783
f 13788 13783 13784
f 13788 13784 13785
f 13788 13785 13786
f 13788 13786 13779
o Avarin_Eye_R
usemtl eye
s 1
v 0.04967 4.95992 -0.07603
v 0.04952 4.95992 -0.07681
v 0.04908 4.95992 -0.07746
v 0.04842 4.95992 -0.07790
v 0.04765 4.95992 -0.07806
v 0.04687 4.95992 -0.07790
v 0.04621 4.95992 -0.07746
v 0.04577 4.95992 -0.07681
v 0.04562 4.95992 -0.07603
v 0.04577 4.95992 -0.07525
v 0.04621 4.95992 -0.07460
v 0.04687 4.95992 -0.07416
v 0.04765 4.95992 -0.07400
v 0.04842 4.95992 -0.07416
v 0.04908 4.95992 -0.07460
v 0.04952 4.95992 -0.07525
v 0.04991 4.96017 -0.07603
v 0.04974 4.96017 -0.07681
v 0.04925 4.96017 -0.07746
v 0.04851 4.96017 -0.07790
v 0.04765 4.96017 -0.07806
v 0.04678 4.96017 -0.07790
v 0.04604 4.96017 -0.07746
v 0.04555 4.96017 -0.07681
v 0.04538 4.96017 -0.07603
v 0.04555 4.96017 -0.07525
v 0.04604 4.96017 -0.07460
v 0.04678 4.96017 -0.07416
v 0.04765 4.96017 -0.07400
v 0.04851 4.96017 -0.07416
v 0.04925 4.96017 -0.07460
v 0.04974 4.96017 -0.07525
v 0.05249 4.96056 -0.07603
v 0.05212 4.96056 -0.07737
v 0.05107 4.96056 -0.07850
v 0.04950 4.96056 -0.07926
v 0.04765 4.96056 -0.07953
v 0.04579 4.96056 -0.07926
v 0.04422 4.96056 -0.07850
v 0.04317 4.96056 -0.07737
v 0.04280 4.96056 -0.07603
v 0.04317 4.96056 -0.07469
v 0.04422 4.96056 -0.07356
v 0.04579 4.96056 -0.07280
v 0.04765 4.96056 -0.07253
v 0.04950 4.96056 -0.07280
v 0.05107 4.96056 -0.07356
v 0.05212 4.96056 -0.07469
v 0.05494 4.96118 -0.07603
v 0.05439 4.96118 -0.07805
v 0.05281 4.96118 -0.07976
v 0.05044 4.96118 -0.08090
v 0.04765 4.96118 -0.08130
v 0.04485 4.96118 -0.08090
v 0.04248 4.96118 -0.07976
v 0.04090 4.96118 -0.07805
v 0.04035 4.96118 -0.07603
v 0.04090 4.96118 -0.07401
v 0.04248 4.96118 -0.07230
v 0.04485 4.96118 -0.07116
v 0.04765 4.96118 -0.07076
v 0.05044 4.96118 -0.07116
v 0.05281 4.96118 -0.07230
v 0.05439 4.96118 -0.07401
v 0.05702 4.96208 -0.07603
v 0.05630 4.96208 -0.07862
v 0.05427 4.96208 -0.08082
v 0.05123 4.96208 -0.08228
v 0.04765 4.96208 -0.08280
v 0.04406 4.96208 -0.08228
v 0.04102 4.96208 -0.08082
v 0.03899 4.96208 -0.07862
v 0.03827 4.96208 -0.07603
v 0.03899 4.96208 -0.07344
v 0.04102 4.96208 -0.07124
v 0.04406 4.96208 -0.06978
v 0.04765 4.96208 -0.06926
v 0.05123 4.96208 -0.06978
v 0.05427 4.96208 -0.07124
v 0.05630 4.96208 -0.07344
v 0.05897 4.96320 -0.07603
v 0.05811 4.96320 -0.07916
v 0.05565 4.96320 -0.08181
v 0.05198 4.96320 -0.08359
v 0.04765 4.96320 -0.08421
v 0.04331 4.96320 -0.08359
v 0.03964 4.96320 -0.08181
v 0.03718 4.96320 -0.07916
v 0.03632 4.96320 -0.07603
v 0.03718 4.96320 -0.07290
v 0.03964 4.96320 -0.07025
v 0.04331 4.96320 -0.06847
v 0.04765 4.96320 -0.06785
v 0.05198 4.96320 -0.06847
v 0.05565 4.96320 -0.07025
v 0.05811 4.96320 -0.07290
v 0.06071 4.96450 -0.07603
v 0.05971 4.96450 -0.07964
v 0.05688 4.96450 -0.08270
v 0.05264 4.96450 -0.08475
v 0.04765 4.96450 -0.08546
v 0.04265 4.96450 -0.08475
v 0.03841 4.96450 -0.08270
v 0.03558 4.96450 -0.07964
v 0.03458 4.96450 -0.07603
v 0.03558 4.96450 -0.07242
v 0.03841 4.96450 -0.06936
v 0.04265 4.96450 -0.06731
v 0.04765 4.96450 -0.06660
v 0.05264 4.96450 -0.06731
v 0.05688 4.96450 -0.06936
v 0.05971 4.96450 -0.07242
v 0.06222 4.96598 -0.07603
v 0.06111 4.96598 -0.08006
v 0.05795 4.96598 -0.08347
v 0.05322 4.96598 -0.08576
v 0.04765 4.96598 -0.08656
v 0.04207 4.96598 -0.08576
v 0.03734 4.96598 -0.08347
v 0.03418 4.96598 -0.08006
v 0.03307 4.96598 -0.07603
v 0.03418 4.96598 -0.07200
v 0.03734 4.96598 -0.06859
v 0.04207 4.96598 -0.06630
v 0.04765 4.96598 -0.06550
v 0.05322 4.96598 -0.06630
v 0.05795 4.96598 -0.06859
v 0.06111 4.96598 -0.07200
v 0.06352 4.96764 -0.07603
v 0.06231 4.96764 -0.08042
v 0.05887 4.96764 -0.08414
v 0.05372 4.96764 -0.08662
v 0.04765 4.96764 -0.08750
v 0.04157 4.96764 -0.08662
v 0.03642 4.96764 -0.08414
v 0.03298 4.96764 -0.08042
v 0.03177 4.96764 -0.07603
v 0.03298 4.96764 -0.07164
v 0.03642 4.96764 -0.06792
v 0.04157 4.96764 -0.06544
v 0.04765 4.96764 -0.06456
v 0.05372 4.96764 -0.06544
v 0.05887 4.96764 -0.06792
v 0.06231 4.96764 -0.07164
v 0.06455 4.96939 -0.07603
v 0.06326 4.96939 -0.08070
v 0.05960 4.96939 -0.08466
v 0.05411 4.96939 -0.08731
v 0.04765 4.96939 -0.08824
v 0.04118 4.96939 -0.08731
v 0.03569 4.96939 -0.08466
v 0.03203 4.96939 -0.08070
v 0.03074 4.96939 -0.07603
v 0.03203 4.96939 -0.07136
v 0.03569 4.96939 -0.06740
v 0.04118 4.96939 -0.06475
v 0.04765 4.96939 -0.06382
v 0.05411 4.96939 -0.06475
v 0.05960 4.96939 -0.06740
v 0.06326 4.96939 -0.07136
v 0.06528 4.97124 -0.07603
v 0.06394 4.97124 -0.08090
v 0.06011 4.97124 -0.08504
v 0.05439 4.97124 -0.08780
v 0.04765 4.97124 -0.08877
v 0.04090 4.97124 -0.08780
v 0.03518 4.97124 -0.08504
v 0.03135 4.97124 -0.08090
v 0.03001 4.97124 -0.07603
v 0.03135 4.97124 -0.07116
v 0.03518 4.97124 -0.06702
v 0.04090 4.97124 -0.06426
v 0.04765 4.97124 -0.06329
v 0.05439 4.97124 -0.06426
v 0.06011 4.97124 -0.06702
v 0.06394 4.97124 -0.07116
v 0.06574 4.97318 -0.07603
v 0.06436 4.97318 -0.08103
v 0.06044 4.97318 -0.08527
v 0.05457 4.97318 -0.08810
v 0.04765 4.97318 -0.08909
v 0.04072 4.97318 -0.08810
v 0.03485 4.97318 -0.08527
v 0.03093 4.97318 -0.08103
v 0.02956 4.97318 -0.07603
v 0.03093 4.97318 -0.07103
v 0.03485 4.97318 -0.06679
v 0.04072 4.97318 -0.06396
v 0.04765 4.97318 -0.06296
v 0.05457 4.97318 -0.06396
v 0.06044 4.97318 -0.06679
v 0.06436 4.97318 -0.07103
v 0.06589 4.97512 -0.07603
v 0.06450 4.97512 -0.08107
v 0.06055 4.97512 -0.08535
v 0.05463 4.97512 -0.08820
v 0.04765 4.97512 -0.08921
v 0.04066 4.97512 -0.08820
v 0.03474 4.97512 -0.08535
v 0.03079 4.97512 -0.08107
v 0.02940 4.97512 -0.07603
v 0.03079 4.97512 -0.07099
v 0.03474 4.97512 -0.06671
v 0.04066 4.97512 -0.06385
v 0.04765 4.97512 -0.06285
v 0.05463 4.97512 -0.06385
v 0.06055 4.97512 -0.06671
v 0.06450 4.97512 -0.07099
v 0.06574 4.97706 -0.07603
v 0.06436 4.97706 -0.08103
v 0.06044 4.97706 -0.08527
v 0.05457 4.97706 -0.08810
v 0.04765 4.97706 -0.08909
v 0.04072 4.97706 -0.08810
v 0.03485 4.97706 -0.08527
v 0.03093 4.97706 -0.08103
v 0.02956 4.97706 -0.07603
v 0.03093 4.97706 -0.07103
v 0.03485 4.97706 -0.06679
v 0.04072 4.97706 -0.06396
v 0.04765 4.97706 -0.06296
v 0.05457 4.97706 -0.06396
v 0.06044 4.97706 -0.06679
v 0.06436 4.97706 -0.07103
v 0.06528 4.97900 -0.07603
v 0.06394 4.97900 -0.08090
v 0.06011 4.97900 -0.08504
v 0.05439 4.97900 -0.08780
v 0.04765 4.97900 -0.08877
v 0.04090 4.97900 -0.08780
v 0.03518 4.97900 -0.08504
v 0.03135 4.97900 -0.08090
v 0.03001 4.97900 -0.07603
v 0.03135 4.97900 -0.07116
v 0.03518 4.97900 -0.06702
v 0.04090 4.97900 -0.06426
v 0.04765 4.97900 -0.06329
v 0.05439 4.97900 -0.06426
v 0.06011 4.97900 -0.06702
v 0.06394 4.97900 -0.07116
v 0.06455 4.98085 -0.07603
v 0.06326 4.98085 -0.08070
v 0.05960 4.98085 -0.08466
v 0.05411 4.98085 -0.08731
v 0.04765 4.98085 -0.08824
v 0.04118 4.98085 -0.08731
v 0.03569 4.98085 -0.08466
v 0.03203 4.98085 -0.08070
v 0.03074 4.98085 -0.07603
v 0.03203 4.98085 -0.07136
v 0.03569 4.98085 -0.06740
v 0.04118 4.98085 -0.06475
v 0.04765 4.98085 -0.06382
v 0.05411 4.98085 -0.06475
v 0.05960 4.98085 -0.06740
v 0.06326 4.98085 -0.07136
v 0.06352 4.98260 -0.07603
v 0.06231 4.98260 -0.08042
v 0.05887 4.98260 -0.08414
v 0.05372 4.98260 -0.08662
v 0.04765 4.98260 -0.08750
v 0.04157 4.98260 -0.08662
v 0.03642 4.98260 -0.08414
v 0.03298 4.98260 -0.08042
v 0.03177 4.98260 -0.07603
v 0.03298 4.98260 -0.07164
v 0.03642 4.98260 -0.06792
v 0.04157 4.98260 -0.06544
v 0.04765 4.98260 -0.06456
v 0.05372 4.98260 -0.06544
v 0.05887 4.98260 -0.06792
v 0.06231 4.98260 -0.07164
v 0.06222 4.98426 -0.07603
v 0.06111 4.98426 -0.08006
v 0.05795 4.98426 -0.08347
v 0.05322 4.98426 -0.08576
v 0.04765 4.98426 -0.08656
v 0.04207 4.98426 -0.08576
v 0.03734 4.98426 -0.08347
v 0.03418 4.98426 -0.08006
v 0.03307 4.98426 -0.07603
v 0.03418 4.98426 -0.07200
v 0.03734 4.98426 -0.06859
v 0.04207 4.98426 -0.06630
v 0.04765 4.98426 -0.06550
v 0.05322 4.98426 -0.06630
v 0.05795 4.98426 -0.06859
v 0.06111 4.98426 -0.07200
v 0.06071 4.98574 -0.07603
v 0.05971 4.98574 -0.07964
v 0.05688 4.98574 -0.08270
v 0.05264 4.98574 -0.08475
v 0.04765 4.98574 -0.08546
v 0.04265 4.98574 -0.08475
v 0.03841 4.98574 -0.08270
v 0.03558 4.98574 -0.07964
v 0.03458 4.98574 -0.07603
v 0.03558 4.98574 -0.07242
v 0.03841 4.98574 -0.06936
v 0.04265 4.98574 -0.06731
v 0.04765 4.98574 -0.06660
v 0.05264 4.98574 -0.06731
v 0.05688 4.98574 -0.06936
v 0.05971 4.98574 -0.07242
v 0.05897 4.98704 -0.07603
v 0.05811 4.98704 -0.07916
v 0.05565 4.98704 -0.08181
v 0.05198 4.98704 -0.08359
v 0.04765 4.98704 -0.08421
v 0.04331 4.98704 -0.08359
v 0.03964 4.98704 -0.08181
v 0.03718 4.98704 -0.07916
v 0.03632 4.98704 -0.07603
v 0.03718 4.98704 -0.07290
v 0.03964 4.98704 -0.07025
v 0.04331 4.98704 -0.06847
v 0.04765 4.98704 -0.06785
v 0.05198 4.98704 -0.06847
v 0.05565 4.98704 -0.07025
v 0.05811 4.98704 -0.07290
v 0.05702 4.98816 -0.07603
v 0.05630 4.98816 -0.07862
v 0.05427 4.98816 -0.08082
v 0.05123 4.98816 -0.08228
v 0.04765 4.98816 -0.08280
v 0.04406 4.98816 -0.08228
v 0.04102 4.98816 -0.08082
v 0.03899 4.98816 -0.07862
v 0.03827 4.98816 -0.07603
v 0.03899 4.98816 -0.07344
v 0.04102 4.98816 -0.07124
v 0.04406 4.98816 -0.06978
v 0.04765 4.98816 -0.06926
v 0.05123 4.98816 -0.06978
v 0.05427 4.98816 -0.07124
v 0.05630 4.98816 -0.07344
v 0.05494 4.98906 -0.07603
v 0.05439 4.98906 -0.07805
v 0.05281 4.98906 -0.07976
v 0.05044 4.98906 -0.08090
v 0.04765 4.98906 -0.08130
v 0.04485 4.98906 -0.08090
v 0.04248 4.98906 -0.07976
v 0.04090 4.98906 -0.07805
v 0.04035 4.98906 -0.07603
v 0.04090 4.98906 -0.07401
v 0.04248 4.98906 -0.07230
v 0.04485 4.98906 -0.07116
v 0.04765 4.98906 -0.07076
v 0.05044 4.98906 -0.07116
v 0.05281 4.98906 -0.07230
v 0.05439 4.98906 -0.07401
v 0.05249 4.98968 -0.07603
v 0.05212 4.98968 -0.07737
v 0.05107 4.98968 -0.07850
v 0.04950 4.98968 -0.07926
v 0.04765 4.98968 -0.07953
v 0.04579 4.98968 -0.07926
v 0.04422 4.98968 -0.07850
v 0.04317 4.98968 -0.07737
v 0.04280 4.98968 -0.07603
v 0.04317 4.98968 -0.07469
v 0.04422 4.98968 -0.07356
v 0.04579 4.98968 -0.07280
v 0.04765 4.98968 -0.07253
v 0.04950 4.98968 -0.07280
v 0.05107 4.98968 -0.07356
v 0.05212 4.98968 -0.07469
v 0.04991 4.99007 -0.07603
v 0.04974 4.99007 -0.07681
v 0.04925 4.99007 -0.07746
v 0.04851 4.99007 -0.07790
v 0.04765 4.99007 -0.07806
v 0.04678 4.99007 -0.07790
v 0.04604 4.99007 -0.07746
v 0.04555 4.99007 -0.07681
v 0.04538 4.99007 -0.07603
v 0.04555 4.99007 -0.07525
v 0.04604 4.99007 -0.07460
v 0.04678 4.99007 -0.07416
v 0.04765 4.99007 -0.07400
v 0.04851 4.99007 -0.07416
v 0.04925 4.99007 -0.07460
v 0.04974 4.99007 -0.07525
v 0.04810 4.99032 -0.07603
v 0.04807 4.99032 -0.07616
v 0.04797 4.99032 -0.07626
v 0.04782 4.99032 -0.07633
v 0.04765 4.99032 -0.07636
v 0.04747 4.99032 -0.07633
v 0.04732 4.99032 -0.07626
v 0.04722 4.99032 -0.07616
v 0.04719 4.99032 -0.07603
v 0.04722 4.99032 -0.07590
v 0.04732 4.99032 -0.07580
v 0.04747 4.99032 -0.07573
v 0.04765 4.99032 -0.07570
v 0.04782 4.99032 -0.07573
v 0.04797 4.99032 -0.07580
v 0.04807 4.99032 -0.07590
v 0.04765 4.95992 -0.07603
v 0.04765 4.99032 -0.07603
f 13789 13790 13806
f 13789 13806 13805
f 13790 13791 13807
f 13790 13807 13806
f 13791 13792 13808
f 13791 13808 13807
f 13792 13793 13809
f 13792 13809 13808
f 13793 13794 13810
f 13793 13810 13809
f 13794 13795 13811
f 13794 13811 13810
f 13795 13796 13812
f 13795 13812 13811
f 13796 13797 13813
f 13796 13813 13812
f 13797 13798 13814
f 13797 13814 13813
f 13798 13799 13815
f 13798 13815 13814
f 13799 13800 13816
f 13799 13816 13815
f 13800 13801 13817
f 13800 13817 13816
f 13801 13802 13818
f 13801 13818 13817
f 13802 13803 13819
f 13802 13819 13818
f 13803 13804 13820
f 13803 13820 13819
f 13804 13789 13805
f 13804 13805 13820
f 13805 13806 13822
f 13805 13822 13821
f 13806 13807 13823
f 13806 13823 13822
f 13807 13808 13824
f 13807 13824 13823
f 13808 13809 13825
f 13808 13825 13824
f 13809 13810 13826
f 13809 13826 13825
f 13810 13811 13827
f 13810 13827 13826
f 13811 13812 13828
f 13811 13828 13827
f 13812 13813 13829
f 13812 13829 13828
f 13813 13814 13830
f 13813 13830 13829
f 13814 13815 13831
f 13814 13831 13830
f 13815 13816 13832
f 13815 13832 13831
f 13816 13817 13833
f 13816 13833 13832
f 13817 13818 13834
f 13817 13834 13833
f 13818 13819 13835
f 13818 13835 13834
f 13819 13820 13836
f 13819 13836 13835
f 13820 13805 13821
f 13820 13821 13836
f 13821 13822 13838
f 13821 13838 13837
f 13822 13823 13839
f 13822 13839 13838
f 13823 13824 13840
f 13823 13840 13839
f 13824 13825 13841
f 13824 13841 13840
f 13825 13826 13842
f 13825 13842 13841
f 13826 13827 13843
f 13826 13843 13842
f 13827 13828 13844
f 13827 13844 13843
f 13828 13829 13845
f 13828 13845 13844
f 13829 13830 13846
f 13829 13846 13845
f 13830 13831 13847
f 13830 13847 13846
f 13831 13832 13848
f 13831 13848 13847
f 13832 13833 13849
f 13832 13849 13848
f 13833 13834 13850
f 13833 13850 13849
f 13834 13835 13851
f 13834 13851 13850
f 13835 13836 13852
f 13835 13852 13851
f 13836 13821 13837
f 13836 13837 13852
f 13837 13838 13854
f 13837 13854 13853
f 13838 13839 13855
f 13838 13855 13854
f 13839 13840 13856
f 13839 13856 13855
f 13840 13841 13857
f 13840 13857 13856
f 13841 13842 13858
f 13841 13858 13857
f 13842 13843 13859
f 13842 13859 13858
f 13843 13844 13860
f 13843 13860 13859
f 13844 13845 13861
f 13844 13861 13860
f 13845 13846 13862
f 13845 13862 13861
f 13846 13847 13863
f 13846 13863 13862
f 13847 13848 13864
f 13847 13864 13863
f 13848 13849 13865
f 13848 13865 13864
f 13849 13850 13866
f 13849 13866 13865
f 13850 13851 13867
f 13850 13867 13866
f 13851 13852 13868
f 13851 13868 13867
f 13852 13837 13853
f 13852 13853 13868
f 13853 13854 13870
f 13853 13870 13869
f 13854 13855 13871
f 13854 13871 13870
f 13855 13856 13872
f 13855 13872 13871
f 13856 13857 13873
f 13856 13873 13872
f 13857 13858 13874
f 13857 13874 13873
f 13858 13859 13875
f 13858 13875 13874
f 13859 13860 13876
f 13859 13876 13875
f 13860 13861 13877
f 13860 13877 13876
f 13861 13862 13878
f 13861 13878 13877
f 13862 13863 13879
f 13862 13879 13878
f 13863 13864 13880
f 13863 13880 13879
f 13864 13865 13881
f 13864 13881 13880
f 13865 13866 13882
f 13865 13882 13881
f 13866 13867 13883
f 13866 13883 13882
f 13867 13868 13884
f 13867 13884 13883
f 13868 13853 13869
f 13868 13869 13884
f 13869 13870 13886
f 13869 13886 13885
f 13870 13871 13887
f 13870 13887 13886
f 13871 13872 13888
f 13871 13888 13887
f 13872 13873 13889
f 13872 13889 13888
f 13873 13874 13890
f 13873 13890 13889
f 13874 13875 13891
f 13874 13891 13890
f 13875 13876 13892
f 13875 13892 13891
f 13876 13877 13893
f 13876 13893 13892
f 13877 13878 13894
f 13877 13894 13893
f 13878 13879 13895
f 13878 13895 13894
f 13879 13880 13896
f 13879 13896 13895
f 13880 13881 13897
f 13880 13897 13896
f 13881 13882 13898
f 13881 13898 13897
f 13882 13883 13899
f 13882 13899 13898
f 13883 13884 13900
f 13883 13900 13899
f 13884 13869 13885
f 13884 13885 13900
f 13885 13886 13902
f 13885 13902 13901
f 13886 13887 13903
f 13886 13903 13902
f 13887 13888 13904
f 13887 13904 13903
f 13888 13889 13905
f 13888 13905 13904
f 13889 13890 13906
f 13889 13906 13905
f 13890 13891 13907
f 13890 13907 13906
f 13891 13892 13908
f 13891 13908 13907
f 13892 13893 13909
f 13892 13909 13908
f 13893 13894 13910
f 13893 13910 13909
f 13894 13895 13911
f 13894 13911 13910
f 13895 13896 13912
f 13895 13912 13911
f 13896 13897 13913
f 13896 13913 13912
f 13897 13898 13914
f 13897 13914 13913
f 13898 13899 13915
f 13898 13915 13914
f 13899 13900 13916
f 13899 13916 13915
f 13900 13885 13901
f 13900 13901 13916
f 13901 13902 13918
f 13901 13918 13917
f 13902 13903 13919
f 13902 13919 13918
f 13903 13904 13920
f 13903 13920 13919
f 13904 13905 13921
f 13904 13921 13920
f 13905 13906 13922
f 13905 13922 13921
f 13906 13907 13923
f 13906 13923 13922
f 13907 13908 13924
f 13907 13924 13923
f 13908 13909 13925
f 13908 13925 13924
f 13909 13910 13926
f 13909 13926 13925
f 13910 13911 13927
f 13910 13927 13926
f 13911 13912 13928
f 13911 13928 13927
f 13912 13913 13929
f 13912 13929 13928
f 13913 13914 13930
f 13913 13930 13929
f 13914 13915 13931
f 13914 13931 13930
f 13915 13916 13932
f 13915 13932 13931
f 13916 13901 13917
f 13916 13917 13932
f 13917 13918 13934
f 13917 13934 13933
f 13918 13919 13935
f 13918 13935 13934
f 13919 13920 13936
f 13919 13936 13935
f 13920 13921 13937
f 13920 13937 13936
f 13921 13922 13938
f 13921 13938 13937
f 13922 13923 13939
f 13922 13939 13938
f 13923 13924 13940
f 13923 13940 13939
f 13924 13925 13941
f 13924 13941 13940
f 13925 13926 13942
f 13925 13942 13941
f 13926 13927 13943
f 13926 13943 13942
f 13927 13928 13944
f 13927 13944 13943
f 13928 13929 13945
f 13928 13945 13944
f 13929 13930 13946
f 13929 13946 13945
f 13930 13931 13947
f 13930 13947 13946
f 13931 13932 13948
f 13931 13948 13947
f 13932 13917 13933
f 13932 13933 13948
f 13933 13934 13950
f 13933 13950 13949
f 13934 13935 13951
f 13934 13951 13950
f 13935 13936 13952
f 13935 13952 13951
f 13936 13937 13953
f 13936 13953 13952
f 13937 13938 13954
f 13937 13954 13953
f 13938 13939 13955
f 13938 13955 13954
f 13939 13940 13956
f 13939 13956 13955
f 13940 13941 13957
f 13940 13957 13956
f 13941 13942 13958
f 13941 13958 13957
f 13942 13943 13959
f 13942 13959 13958
f 13943 13944 13960
f 13943 13960 13959
f 13944 13945 13961
f 13944 13961 13960
f 13945 13946 13962
f 13945 13962 13961
f 13946 13947 13963
f 13946 13963 13962
f 13947 13948 13964
f 13947 13964 13963
f 13948 13933 13949
f 13948 13949 13964
f 13949 13950 13966
f 13949 13966 13965
f 13950 13951 13967
f 13950 13967 13966
f 13951 13952 13968
f 13951 13968 13967
f 13952 13953 13969
f 13952 13969 13968
f 13953 13954 13970
f 13953 13970 13969
f 13954 13955 13971
f 13954 13971 13970
f 13955 13956 13972
f 13955 13972 13971
f 13956 13957 13973
f 13956 13973 13972
f 13957 13958 13974
f 13957 13974 13973
f 13958 13959 13975
f 13958 13975 13974
f 13959 13960 13976
f 13959 13976 13975
f 13960 13961 13977
f 13960 13977 13976
f 13961 13962 13978
f 13961 13978 13977
f 13962 13963 13979
f 13962 13979 13978
f 13963 13964 13980
f 13963 13980 13979
f 13964 13949 13965
f 13964 13965 13980
f 13965 13966 13982
f 13965 13982 13981
f 13966 13967 13983
f 13966 13983 13982
f 13967 13968 13984
f 13967 13984 13983
f 13968 13969 13985
f 13968 13985 13984
f 13969 13970 13986
f 13969 13986 13985
f 13970 13971 13987
f 13970 13987 13986
f 13971 13972 13988
f 13971 13988 13987
f 13972 13973 13989
f 13972 13989 13988
f 13973 13974 13990
f 13973 13990 13989
f 13974 13975 13991
f 13974 13991 13990
f 13975 13976 13992
f 13975 13992 13991
f 13976 13977 13993
f 13976 13993 13992
f 13977 13978 13994
f 13977 13994 13993
f 13978 13979 13995
f 13978 13995 13994
f 13979 13980 13996
f 13979 13996 13995
f 13980 13965 13981
f 13980 13981 13996
f 13981 13982 13998
f 13981 13998 13997
f 13982 13983 13999
f 13982 13999 13998
f 13983 13984 14000
f 13983 14000 13999
f 13984 13985 14001
f 13984 14001 14000
f 13985 13986 14002
f 13985 14002 14001
f 13986 13987 14003
f 13986 14003 14002
f 13987 13988 14004
f 13987 14004 14003
f 13988 13989 14005
f 13988 14005 14004
f 13989 13990 14006
f 13989 14006 14005
f 13990 13991 14007
f 13990 14007 14006
f 13991 13992 14008
f 13991 14008 14007
f 13992 13993 14009
f 13992 14009 14008
f 13993 13994 14010
f 13993 14010 14009
f 13994 13995 14011
f 13994 14011 14010
f 13995 13996 14012
f 13995 14012 14011
f 13996 13981 13997
f 13996 13997 14012
f 13997 13998 14014
f 13997 14014 14013
f 13998 13999 14015
f 13998 14015 14014
f 13999 14000 14016
f 13999 14016 14015
f 14000 14001 14017
f 14000 14017 14016
f 14001 14002 14018
f 14001 14018 14017
f 14002 14003 14019
f 14002 14019 14018
f 14003 14004 14020
f 14003 14020 14019
f 14004 14005 14021
f 14004 14021 14020
f 14005 14006 14022
f 14005 14022 14021
f 14006 14007 14023
f 14006 14023 14022
f 14007 14008 14024
f 14007 14024 14023
f 14008 14009 14025
f 14008 14025 14024
f 14009 14010 14026
f 14009 14026 14025
f 14010 14011 14027
f 14010 14027 14026
f 14011 14012 14028
f 14011 14028 14027
f 14012 13997 14013
f 14012 14013 14028
f 14013 14014 14030
f 14013 14030 14029
f 14014 14015 14031
f 14014 14031 14030
f 14015 14016 14032
f 14015 14032 14031
f 14016 14017 14033
f 14016 14033 14032
f 14017 14018 14034
f 14017 14034 14033
f 14018 14019 14035
f 14018 14035 14034
f 14019 14020 14036
f 14019 14036 14035
f 14020 14021 14037
f 14020 14037 14036
f 14021 14022 14038
f 14021 14038 14037
f 14022 14023 14039
f 14022 14039 14038
f 14023 14024 14040
f 14023 14040 14039
f 14024 14025 14041
f 14024 14041 14040
f 14025 14026 14042
f 14025 14042 14041
f 14026 14027 14043
f 14026 14043 14042
f 14027 14028 14044
f 14027 14044 14043
f 14028 14013 14029
f 14028 14029 14044
f 14029 14030 14046
f 14029 14046 14045
f 14030 14031 14047
f 14030 14047 14046
f 14031 14032 14048
f 14031 14048 14047
f 14032 14033 14049
f 14032 14049 14048
f 14033 14034 14050
f 14033 14050 14049
f 14034 14035 14051
f 14034 14051 14050
f 14035 14036 14052
f 14035 14052 14051
f 14036 14037 14053
f 14036 14053 14052
f 14037 14038 14054
f 14037 14054 14053
f 14038 14039 14055
f 14038 14055 14054
f 14039 14040 14056
f 14039 14056 14055
f 14040 14041 14057
f 14040 14057 14056
f 14041 14042 14058
f 14041 14058 14057
f 14042 14043 14059
f 14042 14059 14058
f 14043 14044 14060
f 14043 14060 14059
f 14044 14029 14045
f 14044 14045 14060
f 14045 14046 14062
f 14045 14062 14061
f 14046 14047 14063
f 14046 14063 14062
f 14047 14048 14064
f 14047 14064 14063
f 14048 14049 14065
f 14048 14065 14064
f 14049 14050 14066
f 14049 14066 14065
f 14050 14051 14067
f 14050 14067 14066
f 14051 14052 14068
f 14051 14068 14067
f 14052 14053 14069
f 14052 14069 14068
f 14053 14054 14070
f 14053 14070 14069
f 14054 14055 14071
f 14054 14071 14070
f 14055 14056 14072
f 14055 14072 14071
f 14056 14057 14073
f 14056 14073 14072
f 14057 14058 14074
f 14057 14074 14073
f 14058 14059 14075
f 14058 14075 14074
f 14059 14060 14076
f 14059 14076 14075
f 14060 14045 14061
f 14060 14061 14076
f 14061 14062 14078
f 14061 14078 14077
f 14062 14063 14079
f 14062 14079 14078
f 14063 14064 14080
f 14063 14080 14079
f 14064 14065 14081
f 14064 14081 14080
f 14065 14066 14082
f 14065 14082 14081
f 14066 14067 14083
f 14066 14083 14082
f 14067 14068 14084
f 14067 14084 14083
f 14068 14069 14085
f 14068 14085 14084
f 14069 14070 14086
f 14069 14086 14085
f 14070 14071 14087
f 14070 14087 14086
f 14071 14072 14088
f 14071 14088 14087
f 14072 14073 14089
f 14072 14089 14088
f 14073 14074 14090
f 14073 14090 14089
f 14074 14075 14091
f 14074 14091 14090
f 14075 14076 14092
f 14075 14092 14091
f 14076 14061 14077
f 14076 14077 14092
f 14077 14078 14094
f 14077 14094 14093
f 14078 14079 14095
f 14078 14095 14094
f 14079 14080 14096
f 14079 14096 14095
f 14080 14081 14097
f 14080 14097 14096
f 14081 14082 14098
f 14081 14098 14097
f 14082 14083 14099
f 14082 14099 14098
f 14083 14084 14100
f 14083 14100 14099
f 14084 14085 14101
f 14084 14101 14100
f 14085 14086 14102
f 14085 14102 14101
f 14086 14087 14103
f 14086 14103 14102
f 14087 14088 14104
f 14087 14104 14103
f 14088 14089 14105
f 14088 14105 14104
f 14089 14090 14106
f 14089 14106 14105
f 14090 14091 14107
f 14090 14107 14106
f 14091 14092 14108
f 14091 14108 14107
f 14092 14077 14093
f 14092 14093 14108
f 14093 14094 14110
f 14093 14110 14109
f 14094 14095 14111
f 14094 14111 14110
f 14095 14096 14112
f 14095 14112 14111
f 14096 14097 14113
f 14096 14113 14112
f 14097 14098 14114
f 14097 14114 14113
f 14098 14099 14115
f 14098 14115 14114
f 14099 14100 14116
f 14099 14116 14115
f 14100 14101 14117
f 14100 14117 14116
f 14101 14102 14118
f 14101 14118 14117
f 14102 14103 14119
f 14102 14119 14118
f 14103 14104 14120
f 14103 14120 14119
f 14104 14105 14121
f 14104 14121 14120
f 14105 14106 14122
f 14105 14122 14121
f 14106 14107 14123
f 14106 14123 14122
f 14107 14108 14124
f 14107 14124 14123
f 14108 14093 14109
f 14108 14109 14124
f 14109 14110 14126
f 14109 14126 14125
f 14110 14111 14127
f 14110 14127 14126
f 14111 14112 14128
f 14111 14128 14127
f 14112 14113 14129
f 14112 14129 14128
f 14113 14114 14130
f 14113 14130 14129
f 14114 14115 14131
f 14114 14131 14130
f 14115 14116 14132
f 14115 14132 14131
f 14116 14117 14133
f 14116 14133 14132
f 14117 14118 14134
f 14117 14134 14133
f 14118 14119 14135
f 14118 14135 14134
f 14119 14120 14136
f 14119 14136 14135
f 14120 14121 14137
f 14120 14137 14136
f 14121 14122 14138
f 14121 14138 14137
f 14122 14123 14139
f 14122 14139 14138
f 14123 14124 14140
f 14123 14140 14139
f 14124 14109 14125
f 14124 14125 14140
f 14125 14126 14142
f 14125 14142 14141
f 14126 14127 14143
f 14126 14143 14142
f 14127 14128 14144
f 14127 14144 14143
f 14128 14129 14145
f 14128 14145 14144
f 14129 14130 14146
f 14129 14146 14145
f 14130 14131 14147
f 14130 14147 14146
f 14131 14132 14148
f 14131 14148 14147
f 14132 14133 14149
f 14132 14149 14148
f 14133 14134 14150
f 14133 14150 14149
f 14134 14135 14151
f 14134 14151 14150
f 14135 14136 14152
f 14135 14152 14151
f 14136 14137 14153
f 14136 14153 14152
f 14137 14138 14154
f 14137 14154 14153
f 14138 14139 14155
f 14138 14155 14154
f 14139 14140 14156
f 14139 14156 14155
f 14140 14125 14141
f 14140 14141 14156
f 14141 14142 14158
f 14141 14158 14157
f 14142 14143 14159
f 14142 14159 14158
f 14143 14144 14160
f 14143 14160 14159
f 14144 14145 14161
f 14144 14161 14160
f 14145 14146 14162
f 14145 14162 14161
f 14146 14147 14163
f 14146 14163 14162
f 14147 14148 14164
f 14147 14164 14163
f 14148 14149 14165
f 14148 14165 14164
f 14149 14150 14166
f 14149 14166 14165
f 14150 14151 14167
f 14150 14167 14166
f 14151 14152 14168
f 14151 14168 14167
f 14152 14153 14169
f 14152 14169 14168
f 14153 14154 14170
f 14153 14170 14169
f 14154 14155 14171
f 14154 14171 14170
f 14155 14156 14172
f 14155 14172 14171
f 14156 14141 14157
f 14156 14157 14172
f 14157 14158 14174
f 14157 14174 14173
f 14158 14159 14175
f 14158 14175 14174
f 14159 14160 14176
f 14159 14176 14175
f 14160 14161 14177
f 14160 14177 14176
f 14161 14162 14178
f 14161 14178 14177
f 14162 14163 14179
f 14162 14179 14178
f 14163 14164 14180
f 14163 14180 14179
f 14164 14165 14181
f 14164 14181 14180
f 14165 14166 14182
f 14165 14182 14181
f 14166 14167 14183
f 14166 14183 14182
f 14167 14168 14184
f 14167 14184 14183
f 14168 14169 14185
f 14168 14185 14184
f 14169 14170 14186
f 14169 14186 14185
f 14170 14171 14187
f 14170 14187 14186
f 14171 14172 14188
f 14171 14188 14187
f 14172 14157 14173
f 14172 14173 14188
f 14189 13790 13789
f 14189 13791 13790
f 14189 13792 13791
f 14189 13793 13792
f 14189 13794 13793
f 14189 13795 13794
f 14189 13796 13795
f 14189 13797 13796
f 14189 13798 13797
f 14189 13799 13798
f 14189 13800 13799
f 14189 13801 13800
f 14189 13802 13801
f 14189 13803 13802
f 14189 13804 13803
f 14189 13789 13804
f 14190 14173 14174
f 14190 14174 14175
f 14190 14175 14176
f 14190 14176 14177
f 14190 14177 14178
f 14190 14178 14179
f 14190 14179 14180
f 14190 14180 14181
f 14190 14181 14182
f 14190 14182 14183
f 14190 14183 14184
f 14190 14184 14185
f 14190 14185 14186
f 14190 14186 14187
f 14190 14187 14188
f 14190 14188 14173
o Avarin_Temple_R
usemtl grown_mineral
s 1
v 0.08843 5.02826 -0.14192
v 0.09128 5.02259 -0.14976
v 0.10004 5.01880 -0.15300
v 0.10959 5.01911 -0.14976
v 0.11432 5.02335 -0.14192
v 0.11147 5.02903 -0.13409
v 0.10270 5.03281 -0.13084
v 0.09316 5.03250 -0.13409
v 0.08429 5.00648 -0.12765
v 0.08717 5.00089 -0.13555
v 0.09594 4.99714 -0.13881
v 0.10548 4.99743 -0.13555
v 0.11019 5.00158 -0.12765
v 0.10732 5.00717 -0.11976
v 0.09855 5.01092 -0.11650
v 0.08901 5.01063 -0.11976
v 0.07847 4.97566 -0.10832
v 0.08147 4.97073 -0.11659
v 0.09031 4.96727 -0.12001
v 0.09980 4.96731 -0.11659
v 0.10438 4.97082 -0.10832
v 0.10137 4.97576 -0.10005
v 0.09254 4.97922 -0.09662
v 0.08305 4.97918 -0.10005
v 0.07319 4.94703 -0.09630
v 0.07671 4.94476 -0.10548
v 0.08577 4.94246 -0.10928
v 0.09506 4.94148 -0.10548
v 0.09914 4.94239 -0.09630
v 0.09562 4.94466 -0.08713
v 0.08657 4.94695 -0.08332
v 0.07728 4.94793 -0.08713
v 0.06904 4.92286 -0.09893
v 0.07325 4.92463 -0.10793
v 0.08261 4.92408 -0.11165
v 0.09163 4.92154 -0.10793
v 0.09503 4.91850 -0.09893
v 0.09082 4.91673 -0.08994
v 0.08147 4.91728 -0.08621
v 0.07244 4.91982 -0.08994
v 0.06546 4.90103 -0.10888
v 0.06992 4.90434 -0.11730
v 0.07938 4.90447 -0.12079
v 0.08831 4.90134 -0.11730
v 0.09148 4.89678 -0.10888
v 0.08702 4.89347 -0.10046
v 0.07756 4.89334 -0.09697
v 0.06863 4.89647 -0.10046
v 0.06302 4.88600 -0.11658
v 0.06751 4.88953 -0.12489
v 0.07698 4.88976 -0.12834
v 0.08590 4.88654 -0.12489
v 0.08904 4.88177 -0.11658
v 0.08455 4.87824 -0.10826
v 0.07508 4.87801 -0.10482
v 0.06616 4.88123 -0.10826
v 0.10137 5.02581 -0.14192
v 0.07603 4.88388 -0.11658
f 14191 14192 14200
f 14191 14200 14199
f 14192 14193 14201
f 14192 14201 14200
f 14193 14194 14202
f 14193 14202 14201
f 14194 14195 14203
f 14194 14203 14202
f 14195 14196 14204
f 14195 14204 14203
f 14196 14197 14205
f 14196 14205 14204
f 14197 14198 14206
f 14197 14206 14205
f 14198 14191 14199
f 14198 14199 14206
f 14199 14200 14208
f 14199 14208 14207
f 14200 14201 14209
f 14200 14209 14208
f 14201 14202 14210
f 14201 14210 14209
f 14202 14203 14211
f 14202 14211 14210
f 14203 14204 14212
f 14203 14212 14211
f 14204 14205 14213
f 14204 14213 14212
f 14205 14206 14214
f 14205 14214 14213
f 14206 14199 14207
f 14206 14207 14214
f 14207 14208 14216
f 14207 14216 14215
f 14208 14209 14217
f 14208 14217 14216
f 14209 14210 14218
f 14209 14218 14217
f 14210 14211 14219
f 14210 14219 14218
f 14211 14212 14220
f 14211 14220 14219
f 14212 14213 14221
f 14212 14221 14220
f 14213 14214 14222
f 14213 14222 14221
f 14214 14207 14215
f 14214 14215 14222
f 14215 14216 14224
f 14215 14224 14223
f 14216 14217 14225
f 14216 14225 14224
f 14217 14218 14226
f 14217 14226 14225
f 14218 14219 14227
f 14218 14227 14226
f 14219 14220 14228
f 14219 14228 14227
f 14220 14221 14229
f 14220 14229 14228
f 14221 14222 14230
f 14221 14230 14229
f 14222 14215 14223
f 14222 14223 14230
f 14223 14224 14232
f 14223 14232 14231
f 14224 14225 14233
f 14224 14233 14232
f 14225 14226 14234
f 14225 14234 14233
f 14226 14227 14235
f 14226 14235 14234
f 14227 14228 14236
f 14227 14236 14235
f 14228 14229 14237
f 14228 14237 14236
f 14229 14230 14238
f 14229 14238 14237
f 14230 14223 14231
f 14230 14231 14238
f 14231 14232 14240
f 14231 14240 14239
f 14232 14233 14241
f 14232 14241 14240
f 14233 14234 14242
f 14233 14242 14241
f 14234 14235 14243
f 14234 14243 14242
f 14235 14236 14244
f 14235 14244 14243
f 14236 14237 14245
f 14236 14245 14244
f 14237 14238 14246
f 14237 14246 14245
f 14238 14231 14239
f 14238 14239 14246
f 14247 14192 14191
f 14247 14193 14192
f 14247 14194 14193
f 14247 14195 14194
f 14247 14196 14195
f 14247 14197 14196
f 14247 14198 14197
f 14247 14191 14198
f 14248 14239 14240
f 14248 14240 14241
f 14248 14241 14242
f 14248 14242 14243
f 14248 14243 14244
f 14248 14244 14245
f 14248 14245 14246
f 14248 14246 14239
o Avarin_Arm_R
usemtl cloth
s 1
v 0.12637 4.59135 -0.19261
v 0.15159 4.57089 -0.23520
v 0.20023 4.56931 -0.26152
v 0.25370 4.58722 -0.26152
v 0.29158 4.61776 -0.23520
v 0.29940 4.64928 -0.19261
v 0.27417 4.66974 -0.15002
v 0.22554 4.67132 -0.12369
v 0.17207 4.65341 -0.12369
v 0.13419 4.62287 -0.15002
v 0.16090 4.50985 -0.13554
v 0.18434 4.49015 -0.17411
v 0.22944 4.48804 -0.19795
v 0.27897 4.50433 -0.19795
v 0.31402 4.53280 -0.17411
v 0.32118 4.56257 -0.13554
v 0.29774 4.58228 -0.09697
v 0.25264 4.58439 -0.07313
v 0.20311 4.56810 -0.07313
v 0.16807 4.53963 -0.09697
v 0.20629 4.40162 -0.05144
v 0.22756 4.37846 -0.08106
v 0.26818 4.37182 -0.09937
v 0.31263 4.38423 -0.09937
v 0.34394 4.41095 -0.08106
v 0.35014 4.44178 -0.05144
v 0.32887 4.46494 -0.02181
v 0.28824 4.47158 -0.00350
v 0.24379 4.45917 -0.00350
v 0.21248 4.43245 -0.02181
v 0.22816 4.34661 0.04760
v 0.24121 4.31233 0.03804
v 0.27441 4.29115 0.03330
v 0.31509 4.29115 0.03521
v 0.34771 4.31233 0.04303
v 0.35980 4.34661 0.05377
v 0.34675 4.38088 0.06334
v 0.31355 4.40207 0.06807
v 0.27287 4.40207 0.06616
v 0.24026 4.38088 0.05834
v 0.20989 4.35036 0.17422
v 0.21956 4.31856 0.18178
v 0.24734 4.29891 0.19203
v 0.28261 4.29891 0.20107
v 0.31189 4.31856 0.20545
v 0.32401 4.35036 0.20348
v 0.31433 4.38216 0.19593
v 0.28656 4.40182 0.18568
v 0.25129 4.40182 0.17664
v 0.22200 4.38216 0.17226
v 0.16814 4.39354 0.32913
v 0.17541 4.36527 0.33960
v 0.19915 4.34779 0.35216
v 0.23028 4.34779 0.36200
v 0.25692 4.36527 0.36536
v 0.26889 4.39354 0.36096
v 0.26162 4.42181 0.35048
v 0.23788 4.43929 0.33793
v 0.20675 4.43929 0.32809
v 0.18011 4.42181 0.32473
v 0.13619 4.42771 0.44117
v 0.14265 4.40140 0.45135
v 0.16433 4.38514 0.46338
v 0.19293 4.38514 0.47266
v 0.21754 4.40140 0.47564
v 0.22876 4.42771 0.47119
v 0.22229 4.45401 0.46100
v 0.20061 4.47027 0.44898
v 0.17201 4.47027 0.43970
v 0.14740 4.45401 0.43672
v 0.21288 4.62032 -0.19261
v 0.18247 4.42771 0.45618
f 14249 14250 14260
f 14249 14260 14259
f 14250 14251 14261
f 14250 14261 14260
f 14251 14252 14262
f 14251 14262 14261
f 14252 14253 14263
f 14252 14263 14262
f 14253 14254 14264
f 14253 14264 14263
f 14254 14255 14265
f 14254 14265 14264
f 14255 14256 14266
f 14255 14266 14265
f 14256 14257 14267
f 14256 14267 14266
f 14257 14258 14268
f 14257 14268 14267
f 14258 14249 14259
f 14258 14259 14268
f 14259 14260 14270
f 14259 14270 14269
f 14260 14261 14271
f 14260 14271 14270
f 14261 14262 14272
f 14261 14272 14271
f 14262 14263 14273
f 14262 14273 14272
f 14263 14264 14274
f 14263 14274 14273
f 14264 14265 14275
f 14264 14275 14274
f 14265 14266 14276
f 14265 14276 14275
f 14266 14267 14277
f 14266 14277 14276
f 14267 14268 14278
f 14267 14278 14277
f 14268 14259 14269
f 14268 14269 14278
f 14269 14270 14280
f 14269 14280 14279
f 14270 14271 14281
f 14270 14281 14280
f 14271 14272 14282
f 14271 14282 14281
f 14272 14273 14283
f 14272 14283 14282
f 14273 14274 14284
f 14273 14284 14283
f 14274 14275 14285
f 14274 14285 14284
f 14275 14276 14286
f 14275 14286 14285
f 14276 14277 14287
f 14276 14287 14286
f 14277 14278 14288
f 14277 14288 14287
f 14278 14269 14279
f 14278 14279 14288
f 14279 14280 14290
f 14279 14290 14289
f 14280 14281 14291
f 14280 14291 14290
f 14281 14282 14292
f 14281 14292 14291
f 14282 14283 14293
f 14282 14293 14292
f 14283 14284 14294
f 14283 14294 14293
f 14284 14285 14295
f 14284 14295 14294
f 14285 14286 14296
f 14285 14296 14295
f 14286 14287 14297
f 14286 14297 14296
f 14287 14288 14298
f 14287 14298 14297
f 14288 14279 14289
f 14288 14289 14298
f 14289 14290 14300
f 14289 14300 14299
f 14290 14291 14301
f 14290 14301 14300
f 14291 14292 14302
f 14291 14302 14301
f 14292 14293 14303
f 14292 14303 14302
f 14293 14294 14304
f 14293 14304 14303
f 14294 14295 14305
f 14294 14305 14304
f 14295 14296 14306
f 14295 14306 14305
f 14296 14297 14307
f 14296 14307 14306
f 14297 14298 14308
f 14297 14308 14307
f 14298 14289 14299
f 14298 14299 14308
f 14299 14300 14310
f 14299 14310 14309
f 14300 14301 14311
f 14300 14311 14310
f 14301 14302 14312
f 14301 14312 14311
f 14302 14303 14313
f 14302 14313 14312
f 14303 14304 14314
f 14303 14314 14313
f 14304 14305 14315
f 14304 14315 14314
f 14305 14306 14316
f 14305 14316 14315
f 14306 14307 14317
f 14306 14317 14316
f 14307 14308 14318
f 14307 14318 14317
f 14308 14299 14309
f 14308 14309 14318
f 14319 14250 14249
f 14319 14251 14250
f 14319 14252 14251
f 14319 14253 14252
f 14319 14254 14253
f 14319 14255 14254
f 14319 14256 14255
f 14319 14257 14256
f 14319 14258 14257
f 14319 14249 14258
f 14320 14309 14310
f 14320 14310 14311
f 14320 14311 14312
f 14320 14312 14313
f 14320 14313 14314
f 14320 14314 14315
f 14320 14315 14316
f 14320 14316 14317
f 14320 14317 14318
f 14320 14318 14309
o Avarin_Hand_R
usemtl avar_skin
s 1
v 0.18450 4.38717 0.47645
v 0.18434 4.38717 0.47568
v 0.18390 4.38717 0.47502
v 0.18325 4.38717 0.47458
v 0.18247 4.38717 0.47443
v 0.18170 4.38717 0.47458
v 0.18104 4.38717 0.47502
v 0.18060 4.38717 0.47568
v 0.18044 4.38717 0.47645
v 0.18060 4.38717 0.47723
v 0.18104 4.38717 0.47789
v 0.18170 4.38717 0.47833
v 0.18247 4.38717 0.47848
v 0.18325 4.38717 0.47833
v 0.18390 4.38717 0.47789
v 0.18434 4.38717 0.47723
v 0.18878 4.38784 0.47645
v 0.18830 4.38784 0.47307
v 0.18693 4.38784 0.47021
v 0.18488 4.38784 0.46830
v 0.18247 4.38784 0.46763
v 0.18006 4.38784 0.46830
v 0.17801 4.38784 0.47021
v 0.17665 4.38784 0.47307
v 0.17617 4.38784 0.47645
v 0.17665 4.38784 0.47983
v 0.17801 4.38784 0.48269
v 0.18006 4.38784 0.48461
v 0.18247 4.38784 0.48528
v 0.18488 4.38784 0.48461
v 0.18693 4.38784 0.48269
v 0.18830 4.38784 0.47983
v 0.19593 4.38889 0.47645
v 0.19490 4.38889 0.46924
v 0.19198 4.38889 0.46313
v 0.18762 4.38889 0.45905
v 0.18247 4.38889 0.45762
v 0.17732 4.38889 0.45905
v 0.17296 4.38889 0.46313
v 0.17004 4.38889 0.46924
v 0.16902 4.38889 0.47645
v 0.17004 4.38889 0.48366
v 0.17296 4.38889 0.48977
v 0.17732 4.38889 0.49385
v 0.18247 4.38889 0.49529
v 0.18762 4.38889 0.49385
v 0.19198 4.38889 0.48977
v 0.19490 4.38889 0.48366
v 0.20274 4.39054 0.47645
v 0.20120 4.39054 0.46559
v 0.19681 4.39054 0.45638
v 0.19023 4.39054 0.45023
v 0.18247 4.39054 0.44807
v 0.17471 4.39054 0.45023
v 0.16814 4.39054 0.45638
v 0.16374 4.39054 0.46559
v 0.16220 4.39054 0.47645
v 0.16374 4.39054 0.48731
v 0.16814 4.39054 0.49652
v 0.17471 4.39054 0.50267
v 0.18247 4.39054 0.50483
v 0.19023 4.39054 0.50267
v 0.19681 4.39054 0.49652
v 0.20120 4.39054 0.48731
v 0.20850 4.39293 0.47645
v 0.20652 4.39293 0.46251
v 0.20088 4.39293 0.45068
v 0.19243 4.39293 0.44279
v 0.18247 4.39293 0.44001
v 0.17251 4.39293 0.44279
v 0.16407 4.39293 0.45068
v 0.15842 4.39293 0.46251
v 0.15644 4.39293 0.47645
v 0.15842 4.39293 0.49040
v 0.16407 4.39293 0.50222
v 0.17251 4.39293 0.51012
v 0.18247 4.39293 0.51289
v 0.19243 4.39293 0.51012
v 0.20088 4.39293 0.50222
v 0.20652 4.39293 0.49040
v 0.21393 4.39593 0.47645
v 0.21153 4.39593 0.45960
v 0.20471 4.39593 0.44531
v 0.19451 4.39593 0.43577
v 0.18247 4.39593 0.43242
v 0.17043 4.39593 0.43577
v 0.16023 4.39593 0.44531
v 0.15341 4.39593 0.45960
v 0.15102 4.39593 0.47645
v 0.15341 4.39593 0.49330
v 0.16023 4.39593 0.50759
v 0.17043 4.39593 0.51714
v 0.18247 4.39593 0.52049
v 0.19451 4.39593 0.51714
v 0.20471 4.39593 0.50759
v 0.21153 4.39593 0.49330
v 0.21876 4.39939 0.47645
v 0.21599 4.39939 0.45701
v 0.20813 4.39939 0.44053
v 0.19636 4.39939 0.42952
v 0.18247 4.39939 0.42565
v 0.16859 4.39939 0.42952
v 0.15681 4.39939 0.44053
v 0.14895 4.39939 0.45701
v 0.14619 4.39939 0.47645
v 0.14895 4.39939 0.49589
v 0.15681 4.39939 0.51237
v 0.16859 4.39939 0.52339
v 0.18247 4.39939 0.52725
v 0.19636 4.39939 0.52339
v 0.20813 4.39939 0.51237
v 0.21599 4.39939 0.49589
v 0.22296 4.40334 0.47645
v 0.21988 4.40334 0.45476
v 0.21110 4.40334 0.43637
v 0.19797 4.40334 0.42408
v 0.18247 4.40334 0.41976
v 0.16698 4.40334 0.42408
v 0.15384 4.40334 0.43637
v 0.14506 4.40334 0.45476
v 0.14198 4.40334 0.47645
v 0.14506 4.40334 0.49815
v 0.15384 4.40334 0.51654
v 0.16698 4.40334 0.52883
v 0.18247 4.40334 0.53314
v 0.19797 4.40334 0.52883
v 0.21110 4.40334 0.51654
v 0.21988 4.40334 0.49815
v 0.22658 4.40776 0.47645
v 0.22322 4.40776 0.45282
v 0.21366 4.40776 0.43279
v 0.19935 4.40776 0.41941
v 0.18247 4.40776 0.41470
v 0.16559 4.40776 0.41941
v 0.15128 4.40776 0.43279
v 0.14172 4.40776 0.45282
v 0.13837 4.40776 0.47645
v 0.14172 4.40776 0.50008
v 0.15128 4.40776 0.52011
v 0.16559 4.40776 0.53350
v 0.18247 4.40776 0.53820
v 0.19935 4.40776 0.53350
v 0.21366 4.40776 0.52011
v 0.22322 4.40776 0.50008
v 0.22942 4.41242 0.47645
v 0.22585 4.41242 0.45130
v 0.21567 4.41242 0.42998
v 0.20044 4.41242 0.41573
v 0.18247 4.41242 0.41072
v 0.16450 4.41242 0.41573
v 0.14927 4.41242 0.42998
v 0.13910 4.41242 0.45130
v 0.13552 4.41242 0.47645
v 0.13910 4.41242 0.50161
v 0.14927 4.41242 0.52293
v 0.16450 4.41242 0.53718
v 0.18247 4.41242 0.54218
v 0.20044 4.41242 0.53718
v 0.21567 4.41242 0.52293
v 0.22585 4.41242 0.50161
v 0.23146 4.41735 0.47645
v 0.22773 4.41735 0.45021
v 0.21711 4.41735 0.42796
v 0.20122 4.41735 0.41309
v 0.18247 4.41735 0.40787
v 0.16373 4.41735 0.41309
v 0.14783 4.41735 0.42796
v 0.13722 4.41735 0.45021
v 0.13349 4.41735 0.47645
v 0.13722 4.41735 0.50270
v 0.14783 4.41735 0.52494
v 0.16373 4.41735 0.53981
v 0.18247 4.41735 0.54503
v 0.20122 4.41735 0.53981
v 0.21711 4.41735 0.52494
v 0.22773 4.41735 0.50270
v 0.23272 4.42253 0.47645
v 0.22890 4.42253 0.44953
v 0.21800 4.42253 0.42671
v 0.20170 4.42253 0.41146
v 0.18247 4.42253 0.40610
v 0.16324 4.42253 0.41146
v 0.14694 4.42253 0.42671
v 0.13605 4.42253 0.44953
v 0.13222 4.42253 0.47645
v 0.13605 4.42253 0.50337
v 0.14694 4.42253 0.52620
v 0.16324 4.42253 0.54145
v 0.18247 4.42253 0.54680
v 0.20170 4.42253 0.54145
v 0.21800 4.42253 0.52620
v 0.22890 4.42253 0.50337
v 0.23316 4.42771 0.47645
v 0.22930 4.42771 0.44930
v 0.21831 4.42771 0.42628
v 0.20187 4.42771 0.41089
v 0.18247 4.42771 0.40549
v 0.16307 4.42771 0.41089
v 0.14663 4.42771 0.42628
v 0.13564 4.42771 0.44930
v 0.13178 4.42771 0.47645
v 0.13564 4.42771 0.50361
v 0.14663 4.42771 0.52663
v 0.16307 4.42771 0.54201
v 0.18247 4.42771 0.54741
v 0.20187 4.42771 0.54201
v 0.21831 4.42771 0.52663
v 0.22930 4.42771 0.50361
v 0.23272 4.43288 0.47645
v 0.22890 4.43288 0.44953
v 0.21800 4.43288 0.42671
v 0.20170 4.43288 0.41146
v 0.18247 4.43288 0.40610
v 0.16324 4.43288 0.41146
v 0.14694 4.43288 0.42671
v 0.13605 4.43288 0.44953
v 0.13222 4.43288 0.47645
v 0.13605 4.43288 0.50337
v 0.14694 4.43288 0.52620
v 0.16324 4.43288 0.54145
v 0.18247 4.43288 0.54680
v 0.20170 4.43288 0.54145
v 0.21800 4.43288 0.52620
v 0.22890 4.43288 0.50337
v 0.23146 4.43806 0.47645
v 0.22773 4.43806 0.45021
v 0.21711 4.43806 0.42796
v 0.20122 4.43806 0.41309
v 0.18247 4.43806 0.40787
v 0.16373 4.43806 0.41309
v 0.14783 4.43806 0.42796
v 0.13722 4.43806 0.45021
v 0.13349 4.43806 0.47645
v 0.13722 4.43806 0.50270
v 0.14783 4.43806 0.52494
v 0.16373 4.43806 0.53981
v 0.18247 4.43806 0.54503
v 0.20122 4.43806 0.53981
v 0.21711 4.43806 0.52494
v 0.22773 4.43806 0.50270
v 0.22942 4.44299 0.47645
v 0.22585 4.44299 0.45130
v 0.21567 4.44299 0.42998
v 0.20044 4.44299 0.41573
v 0.18247 4.44299 0.41072
v 0.16450 4.44299 0.41573
v 0.14927 4.44299 0.42998
v 0.13910 4.44299 0.45130
v 0.13552 4.44299 0.47645
v 0.13910 4.44299 0.50161
v 0.14927 4.44299 0.52293
v 0.16450 4.44299 0.53718
v 0.18247 4.44299 0.54218
v 0.20044 4.44299 0.53718
v 0.21567 4.44299 0.52293
v 0.22585 4.44299 0.50161
v 0.22658 4.44765 0.47645
v 0.22322 4.44765 0.45282
v 0.21366 4.44765 0.43279
v 0.19935 4.44765 0.41941
v 0.18247 4.44765 0.41470
v 0.16559 4.44765 0.41941
v 0.15128 4.44765 0.43279
v 0.14172 4.44765 0.45282
v 0.13837 4.44765 0.47645
v 0.14172 4.44765 0.50008
v 0.15128 4.44765 0.52011
v 0.16559 4.44765 0.53350
v 0.18247 4.44765 0.53820
v 0.19935 4.44765 0.53350
v 0.21366 4.44765 0.52011
v 0.22322 4.44765 0.50008
v 0.22296 4.45207 0.47645
v 0.21988 4.45207 0.45476
v 0.21110 4.45207 0.43637
v 0.19797 4.45207 0.42408
v 0.18247 4.45207 0.41976
v 0.16698 4.45207 0.42408
v 0.15384 4.45207 0.43637
v 0.14506 4.45207 0.45476
v 0.14198 4.45207 0.47645
v 0.14506 4.45207 0.49815
v 0.15384 4.45207 0.51654
v 0.16698 4.45207 0.52883
v 0.18247 4.45207 0.53314
v 0.19797 4.45207 0.52883
v 0.21110 4.45207 0.51654
v 0.21988 4.45207 0.49815
v 0.21876 4.45602 0.47645
v 0.21599 4.45602 0.45701
v 0.20813 4.45602 0.44053
v 0.19636 4.45602 0.42952
v 0.18247 4.45602 0.42565
v 0.16859 4.45602 0.42952
v 0.15681 4.45602 0.44053
v 0.14895 4.45602 0.45701
v 0.14619 4.45602 0.47645
v 0.14895 4.45602 0.49589
v 0.15681 4.45602 0.51237
v 0.16859 4.45602 0.52339
v 0.18247 4.45602 0.52725
v 0.19636 4.45602 0.52339
v 0.20813 4.45602 0.51237
v 0.21599 4.45602 0.49589
v 0.21393 4.45948 0.47645
v 0.21153 4.45948 0.45960
v 0.20471 4.45948 0.44531
v 0.19451 4.45948 0.43577
v 0.18247 4.45948 0.43242
v 0.17043 4.45948 0.43577
v 0.16023 4.45948 0.44531
v 0.15341 4.45948 0.45960
v 0.15102 4.45948 0.47645
v 0.15341 4.45948 0.49330
v 0.16023 4.45948 0.50759
v 0.17043 4.45948 0.51714
v 0.18247 4.45948 0.52049
v 0.19451 4.45948 0.51714
v 0.20471 4.45948 0.50759
v 0.21153 4.45948 0.49330
v 0.20850 4.46248 0.47645
v 0.20652 4.46248 0.46251
v 0.20088 4.46248 0.45068
v 0.19243 4.46248 0.44279
v 0.18247 4.46248 0.44001
v 0.17251 4.46248 0.44279
v 0.16407 4.46248 0.45068
v 0.15842 4.46248 0.46251
v 0.15644 4.46248 0.47645
v 0.15842 4.46248 0.49040
v 0.16407 4.46248 0.50222
v 0.17251 4.46248 0.51012
v 0.18247 4.46248 0.51289
v 0.19243 4.46248 0.51012
v 0.20088 4.46248 0.50222
v 0.20652 4.46248 0.49040
v 0.20274 4.46487 0.47645
v 0.20120 4.46487 0.46559
v 0.19681 4.46487 0.45638
v 0.19023 4.46487 0.45023
v 0.18247 4.46487 0.44807
v 0.17471 4.46487 0.45023
v 0.16814 4.46487 0.45638
v 0.16374 4.46487 0.46559
v 0.16220 4.46487 0.47645
v 0.16374 4.46487 0.48731
v 0.16814 4.46487 0.49652
v 0.17471 4.46487 0.50267
v 0.18247 4.46487 0.50483
v 0.19023 4.46487 0.50267
v 0.19681 4.46487 0.49652
v 0.20120 4.46487 0.48731
v 0.19593 4.46653 0.47645
v 0.19490 4.46653 0.46924
v 0.19198 4.46653 0.46313
v 0.18762 4.46653 0.45905
v 0.18247 4.46653 0.45762
v 0.17732 4.46653 0.45905
v 0.17296 4.46653 0.46313
v 0.17004 4.46653 0.46924
v 0.16902 4.46653 0.47645
v 0.17004 4.46653 0.48366
v 0.17296 4.46653 0.48977
v 0.17732 4.46653 0.49385
v 0.18247 4.46653 0.49529
v 0.18762 4.46653 0.49385
v 0.19198 4.46653 0.48977
v 0.19490 4.46653 0.48366
v 0.18878 4.46757 0.47645
v 0.18830 4.46757 0.47307
v 0.18693 4.46757 0.47021
v 0.18488 4.46757 0.46830
v 0.18247 4.46757 0.46763
v 0.18006 4.46757 0.46830
v 0.17801 4.46757 0.47021
v 0.17665 4.46757 0.47307
v 0.17617 4.46757 0.47645
v 0.17665 4.46757 0.47983
v 0.17801 4.46757 0.48269
v 0.18006 4.46757 0.48461
v 0.18247 4.46757 0.48528
v 0.18488 4.46757 0.48461
v 0.18693 4.46757 0.48269
v 0.18830 4.46757 0.47983
v 0.18374 4.46824 0.47645
v 0.18364 4.46824 0.47577
v 0.18337 4.46824 0.47520
v 0.18296 4.46824 0.47481
v 0.18247 4.46824 0.47468
v 0.18199 4.46824 0.47481
v 0.18158 4.46824 0.47520
v 0.18130 4.46824 0.47577
v 0.18120 4.46824 0.47645
v 0.18130 4.46824 0.47713
v 0.18158 4.46824 0.47771
v 0.18199 4.46824 0.47809
v 0.18247 4.46824 0.47823
v 0.18296 4.46824 0.47809
v 0.18337 4.46824 0.47771
v 0.18364 4.46824 0.47713
v 0.18247 4.38717 0.47645
v 0.18247 4.46824 0.47645
f 14321 14322 14338
f 14321 14338 14337
f 14322 14323 14339
f 14322 14339 14338
f 14323 14324 14340
f 14323 14340 14339
f 14324 14325 14341
f 14324 14341 14340
f 14325 14326 14342
f 14325 14342 14341
f 14326 14327 14343
f 14326 14343 14342
f 14327 14328 14344
f 14327 14344 14343
f 14328 14329 14345
f 14328 14345 14344
f 14329 14330 14346
f 14329 14346 14345
f 14330 14331 14347
f 14330 14347 14346
f 14331 14332 14348
f 14331 14348 14347
f 14332 14333 14349
f 14332 14349 14348
f 14333 14334 14350
f 14333 14350 14349
f 14334 14335 14351
f 14334 14351 14350
f 14335 14336 14352
f 14335 14352 14351
f 14336 14321 14337
f 14336 14337 14352
f 14337 14338 14354
f 14337 14354 14353
f 14338 14339 14355
f 14338 14355 14354
f 14339 14340 14356
f 14339 14356 14355
f 14340 14341 14357
f 14340 14357 14356
f 14341 14342 14358
f 14341 14358 14357
f 14342 14343 14359
f 14342 14359 14358
f 14343 14344 14360
f 14343 14360 14359
f 14344 14345 14361
f 14344 14361 14360
f 14345 14346 14362
f 14345 14362 14361
f 14346 14347 14363
f 14346 14363 14362
f 14347 14348 14364
f 14347 14364 14363
f 14348 14349 14365
f 14348 14365 14364
f 14349 14350 14366
f 14349 14366 14365
f 14350 14351 14367
f 14350 14367 14366
f 14351 14352 14368
f 14351 14368 14367
f 14352 14337 14353
f 14352 14353 14368
f 14353 14354 14370
f 14353 14370 14369
f 14354 14355 14371
f 14354 14371 14370
f 14355 14356 14372
f 14355 14372 14371
f 14356 14357 14373
f 14356 14373 14372
f 14357 14358 14374
f 14357 14374 14373
f 14358 14359 14375
f 14358 14375 14374
f 14359 14360 14376
f 14359 14376 14375
f 14360 14361 14377
f 14360 14377 14376
f 14361 14362 14378
f 14361 14378 14377
f 14362 14363 14379
f 14362 14379 14378
f 14363 14364 14380
f 14363 14380 14379
f 14364 14365 14381
f 14364 14381 14380
f 14365 14366 14382
f 14365 14382 14381
f 14366 14367 14383
f 14366 14383 14382
f 14367 14368 14384
f 14367 14384 14383
f 14368 14353 14369
f 14368 14369 14384
f 14369 14370 14386
f 14369 14386 14385
f 14370 14371 14387
f 14370 14387 14386
f 14371 14372 14388
f 14371 14388 14387
f 14372 14373 14389
f 14372 14389 14388
f 14373 14374 14390
f 14373 14390 14389
f 14374 14375 14391
f 14374 14391 14390
f 14375 14376 14392
f 14375 14392 14391
f 14376 14377 14393
f 14376 14393 14392
f 14377 14378 14394
f 14377 14394 14393
f 14378 14379 14395
f 14378 14395 14394
f 14379 14380 14396
f 14379 14396 14395
f 14380 14381 14397
f 14380 14397 14396
f 14381 14382 14398
f 14381 14398 14397
f 14382 14383 14399
f 14382 14399 14398
f 14383 14384 14400
f 14383 14400 14399
f 14384 14369 14385
f 14384 14385 14400
f 14385 14386 14402
f 14385 14402 14401
f 14386 14387 14403
f 14386 14403 14402
f 14387 14388 14404
f 14387 14404 14403
f 14388 14389 14405
f 14388 14405 14404
f 14389 14390 14406
f 14389 14406 14405
f 14390 14391 14407
f 14390 14407 14406
f 14391 14392 14408
f 14391 14408 14407
f 14392 14393 14409
f 14392 14409 14408
f 14393 14394 14410
f 14393 14410 14409
f 14394 14395 14411
f 14394 14411 14410
f 14395 14396 14412
f 14395 14412 14411
f 14396 14397 14413
f 14396 14413 14412
f 14397 14398 14414
f 14397 14414 14413
f 14398 14399 14415
f 14398 14415 14414
f 14399 14400 14416
f 14399 14416 14415
f 14400 14385 14401
f 14400 14401 14416
f 14401 14402 14418
f 14401 14418 14417
f 14402 14403 14419
f 14402 14419 14418
f 14403 14404 14420
f 14403 14420 14419
f 14404 14405 14421
f 14404 14421 14420
f 14405 14406 14422
f 14405 14422 14421
f 14406 14407 14423
f 14406 14423 14422
f 14407 14408 14424
f 14407 14424 14423
f 14408 14409 14425
f 14408 14425 14424
f 14409 14410 14426
f 14409 14426 14425
f 14410 14411 14427
f 14410 14427 14426
f 14411 14412 14428
f 14411 14428 14427
f 14412 14413 14429
f 14412 14429 14428
f 14413 14414 14430
f 14413 14430 14429
f 14414 14415 14431
f 14414 14431 14430
f 14415 14416 14432
f 14415 14432 14431
f 14416 14401 14417
f 14416 14417 14432
f 14417 14418 14434
f 14417 14434 14433
f 14418 14419 14435
f 14418 14435 14434
f 14419 14420 14436
f 14419 14436 14435
f 14420 14421 14437
f 14420 14437 14436
f 14421 14422 14438
f 14421 14438 14437
f 14422 14423 14439
f 14422 14439 14438
f 14423 14424 14440
f 14423 14440 14439
f 14424 14425 14441
f 14424 14441 14440
f 14425 14426 14442
f 14425 14442 14441
f 14426 14427 14443
f 14426 14443 14442
f 14427 14428 14444
f 14427 14444 14443
f 14428 14429 14445
f 14428 14445 14444
f 14429 14430 14446
f 14429 14446 14445
f 14430 14431 14447
f 14430 14447 14446
f 14431 14432 14448
f 14431 14448 14447
f 14432 14417 14433
f 14432 14433 14448
f 14433 14434 14450
f 14433 14450 14449
f 14434 14435 14451
f 14434 14451 14450
f 14435 14436 14452
f 14435 14452 14451
f 14436 14437 14453
f 14436 14453 14452
f 14437 14438 14454
f 14437 14454 14453
f 14438 14439 14455
f 14438 14455 14454
f 14439 14440 14456
f 14439 14456 14455
f 14440 14441 14457
f 14440 14457 14456
f 14441 14442 14458
f 14441 14458 14457
f 14442 14443 14459
f 14442 14459 14458
f 14443 14444 14460
f 14443 14460 14459
f 14444 14445 14461
f 14444 14461 14460
f 14445 14446 14462
f 14445 14462 14461
f 14446 14447 14463
f 14446 14463 14462
f 14447 14448 14464
f 14447 14464 14463
f 14448 14433 14449
f 14448 14449 14464
f 14449 14450 14466
f 14449 14466 14465
f 14450 14451 14467
f 14450 14467 14466
f 14451 14452 14468
f 14451 14468 14467
f 14452 14453 14469
f 14452 14469 14468
f 14453 14454 14470
f 14453 14470 14469
f 14454 14455 14471
f 14454 14471 14470
f 14455 14456 14472
f 14455 14472 14471
f 14456 14457 14473
f 14456 14473 14472
f 14457 14458 14474
f 14457 14474 14473
f 14458 14459 14475
f 14458 14475 14474
f 14459 14460 14476
f 14459 14476 14475
f 14460 14461 14477
f 14460 14477 14476
f 14461 14462 14478
f 14461 14478 14477
f 14462 14463 14479
f 14462 14479 14478
f 14463 14464 14480
f 14463 14480 14479
f 14464 14449 14465
f 14464 14465 14480
f 14465 14466 14482
f 14465 14482 14481
f 14466 14467 14483
f 14466 14483 14482
f 14467 14468 14484
f 14467 14484 14483
f 14468 14469 14485
f 14468 14485 14484
f 14469 14470 14486
f 14469 14486 14485
f 14470 14471 14487
f 14470 14487 14486
f 14471 14472 14488
f 14471 14488 14487
f 14472 14473 14489
f 14472 14489 14488
f 14473 14474 14490
f 14473 14490 14489
f 14474 14475 14491
f 14474 14491 14490
f 14475 14476 14492
f 14475 14492 14491
f 14476 14477 14493
f 14476 14493 14492
f 14477 14478 14494
f 14477 14494 14493
f 14478 14479 14495
f 14478 14495 14494
f 14479 14480 14496
f 14479 14496 14495
f 14480 14465 14481
f 14480 14481 14496
f 14481 14482 14498
f 14481 14498 14497
f 14482 14483 14499
f 14482 14499 14498
f 14483 14484 14500
f 14483 14500 14499
f 14484 14485 14501
f 14484 14501 14500
f 14485 14486 14502
f 14485 14502 14501
f 14486 14487 14503
f 14486 14503 14502
f 14487 14488 14504
f 14487 14504 14503
f 14488 14489 14505
f 14488 14505 14504
f 14489 14490 14506
f 14489 14506 14505
f 14490 14491 14507
f 14490 14507 14506
f 14491 14492 14508
f 14491 14508 14507
f 14492 14493 14509
f 14492 14509 14508
f 14493 14494 14510
f 14493 14510 14509
f 14494 14495 14511
f 14494 14511 14510
f 14495 14496 14512
f 14495 14512 14511
f 14496 14481 14497
f 14496 14497 14512
f 14497 14498 14514
f 14497 14514 14513
f 14498 14499 14515
f 14498 14515 14514
f 14499 14500 14516
f 14499 14516 14515
f 14500 14501 14517
f 14500 14517 14516
f 14501 14502 14518
f 14501 14518 14517
f 14502 14503 14519
f 14502 14519 14518
f 14503 14504 14520
f 14503 14520 14519
f 14504 14505 14521
f 14504 14521 14520
f 14505 14506 14522
f 14505 14522 14521
f 14506 14507 14523
f 14506 14523 14522
f 14507 14508 14524
f 14507 14524 14523
f 14508 14509 14525
f 14508 14525 14524
f 14509 14510 14526
f 14509 14526 14525
f 14510 14511 14527
f 14510 14527 14526
f 14511 14512 14528
f 14511 14528 14527
f 14512 14497 14513
f 14512 14513 14528
f 14513 14514 14530
f 14513 14530 14529
f 14514 14515 14531
f 14514 14531 14530
f 14515 14516 14532
f 14515 14532 14531
f 14516 14517 14533
f 14516 14533 14532
f 14517 14518 14534
f 14517 14534 14533
f 14518 14519 14535
f 14518 14535 14534
f 14519 14520 14536
f 14519 14536 14535
f 14520 14521 14537
f 14520 14537 14536
f 14521 14522 14538
f 14521 14538 14537
f 14522 14523 14539
f 14522 14539 14538
f 14523 14524 14540
f 14523 14540 14539
f 14524 14525 14541
f 14524 14541 14540
f 14525 14526 14542
f 14525 14542 14541
f 14526 14527 14543
f 14526 14543 14542
f 14527 14528 14544
f 14527 14544 14543
f 14528 14513 14529
f 14528 14529 14544
f 14529 14530 14546
f 14529 14546 14545
f 14530 14531 14547
f 14530 14547 14546
f 14531 14532 14548
f 14531 14548 14547
f 14532 14533 14549
f 14532 14549 14548
f 14533 14534 14550
f 14533 14550 14549
f 14534 14535 14551
f 14534 14551 14550
f 14535 14536 14552
f 14535 14552 14551
f 14536 14537 14553
f 14536 14553 14552
f 14537 14538 14554
f 14537 14554 14553
f 14538 14539 14555
f 14538 14555 14554
f 14539 14540 14556
f 14539 14556 14555
f 14540 14541 14557
f 14540 14557 14556
f 14541 14542 14558
f 14541 14558 14557
f 14542 14543 14559
f 14542 14559 14558
f 14543 14544 14560
f 14543 14560 14559
f 14544 14529 14545
f 14544 14545 14560
f 14545 14546 14562
f 14545 14562 14561
f 14546 14547 14563
f 14546 14563 14562
f 14547 14548 14564
f 14547 14564 14563
f 14548 14549 14565
f 14548 14565 14564
f 14549 14550 14566
f 14549 14566 14565
f 14550 14551 14567
f 14550 14567 14566
f 14551 14552 14568
f 14551 14568 14567
f 14552 14553 14569
f 14552 14569 14568
f 14553 14554 14570
f 14553 14570 14569
f 14554 14555 14571
f 14554 14571 14570
f 14555 14556 14572
f 14555 14572 14571
f 14556 14557 14573
f 14556 14573 14572
f 14557 14558 14574
f 14557 14574 14573
f 14558 14559 14575
f 14558 14575 14574
f 14559 14560 14576
f 14559 14576 14575
f 14560 14545 14561
f 14560 14561 14576
f 14561 14562 14578
f 14561 14578 14577
f 14562 14563 14579
f 14562 14579 14578
f 14563 14564 14580
f 14563 14580 14579
f 14564 14565 14581
f 14564 14581 14580
f 14565 14566 14582
f 14565 14582 14581
f 14566 14567 14583
f 14566 14583 14582
f 14567 14568 14584
f 14567 14584 14583
f 14568 14569 14585
f 14568 14585 14584
f 14569 14570 14586
f 14569 14586 14585
f 14570 14571 14587
f 14570 14587 14586
f 14571 14572 14588
f 14571 14588 14587
f 14572 14573 14589
f 14572 14589 14588
f 14573 14574 14590
f 14573 14590 14589
f 14574 14575 14591
f 14574 14591 14590
f 14575 14576 14592
f 14575 14592 14591
f 14576 14561 14577
f 14576 14577 14592
f 14577 14578 14594
f 14577 14594 14593
f 14578 14579 14595
f 14578 14595 14594
f 14579 14580 14596
f 14579 14596 14595
f 14580 14581 14597
f 14580 14597 14596
f 14581 14582 14598
f 14581 14598 14597
f 14582 14583 14599
f 14582 14599 14598
f 14583 14584 14600
f 14583 14600 14599
f 14584 14585 14601
f 14584 14601 14600
f 14585 14586 14602
f 14585 14602 14601
f 14586 14587 14603
f 14586 14603 14602
f 14587 14588 14604
f 14587 14604 14603
f 14588 14589 14605
f 14588 14605 14604
f 14589 14590 14606
f 14589 14606 14605
f 14590 14591 14607
f 14590 14607 14606
f 14591 14592 14608
f 14591 14608 14607
f 14592 14577 14593
f 14592 14593 14608
f 14593 14594 14610
f 14593 14610 14609
f 14594 14595 14611
f 14594 14611 14610
f 14595 14596 14612
f 14595 14612 14611
f 14596 14597 14613
f 14596 14613 14612
f 14597 14598 14614
f 14597 14614 14613
f 14598 14599 14615
f 14598 14615 14614
f 14599 14600 14616
f 14599 14616 14615
f 14600 14601 14617
f 14600 14617 14616
f 14601 14602 14618
f 14601 14618 14617
f 14602 14603 14619
f 14602 14619 14618
f 14603 14604 14620
f 14603 14620 14619
f 14604 14605 14621
f 14604 14621 14620
f 14605 14606 14622
f 14605 14622 14621
f 14606 14607 14623
f 14606 14623 14622
f 14607 14608 14624
f 14607 14624 14623
f 14608 14593 14609
f 14608 14609 14624
f 14609 14610 14626
f 14609 14626 14625
f 14610 14611 14627
f 14610 14627 14626
f 14611 14612 14628
f 14611 14628 14627
f 14612 14613 14629
f 14612 14629 14628
f 14613 14614 14630
f 14613 14630 14629
f 14614 14615 14631
f 14614 14631 14630
f 14615 14616 14632
f 14615 14632 14631
f 14616 14617 14633
f 14616 14633 14632
f 14617 14618 14634
f 14617 14634 14633
f 14618 14619 14635
f 14618 14635 14634
f 14619 14620 14636
f 14619 14636 14635
f 14620 14621 14637
f 14620 14637 14636
f 14621 14622 14638
f 14621 14638 14637
f 14622 14623 14639
f 14622 14639 14638
f 14623 14624 14640
f 14623 14640 14639
f 14624 14609 14625
f 14624 14625 14640
f 14625 14626 14642
f 14625 14642 14641
f 14626 14627 14643
f 14626 14643 14642
f 14627 14628 14644
f 14627 14644 14643
f 14628 14629 14645
f 14628 14645 14644
f 14629 14630 14646
f 14629 14646 14645
f 14630 14631 14647
f 14630 14647 14646
f 14631 14632 14648
f 14631 14648 14647
f 14632 14633 14649
f 14632 14649 14648
f 14633 14634 14650
f 14633 14650 14649
f 14634 14635 14651
f 14634 14651 14650
f 14635 14636 14652
f 14635 14652 14651
f 14636 14637 14653
f 14636 14653 14652
f 14637 14638 14654
f 14637 14654 14653
f 14638 14639 14655
f 14638 14655 14654
f 14639 14640 14656
f 14639 14656 14655
f 14640 14625 14641
f 14640 14641 14656
f 14641 14642 14658
f 14641 14658 14657
f 14642 14643 14659
f 14642 14659 14658
f 14643 14644 14660
f 14643 14660 14659
f 14644 14645 14661
f 14644 14661 14660
f 14645 14646 14662
f 14645 14662 14661
f 14646 14647 14663
f 14646 14663 14662
f 14647 14648 14664
f 14647 14664 14663
f 14648 14649 14665
f 14648 14665 14664
f 14649 14650 14666
f 14649 14666 14665
f 14650 14651 14667
f 14650 14667 14666
f 14651 14652 14668
f 14651 14668 14667
f 14652 14653 14669
f 14652 14669 14668
f 14653 14654 14670
f 14653 14670 14669
f 14654 14655 14671
f 14654 14671 14670
f 14655 14656 14672
f 14655 14672 14671
f 14656 14641 14657
f 14656 14657 14672
f 14657 14658 14674
f 14657 14674 14673
f 14658 14659 14675
f 14658 14675 14674
f 14659 14660 14676
f 14659 14676 14675
f 14660 14661 14677
f 14660 14677 14676
f 14661 14662 14678
f 14661 14678 14677
f 14662 14663 14679
f 14662 14679 14678
f 14663 14664 14680
f 14663 14680 14679
f 14664 14665 14681
f 14664 14681 14680
f 14665 14666 14682
f 14665 14682 14681
f 14666 14667 14683
f 14666 14683 14682
f 14667 14668 14684
f 14667 14684 14683
f 14668 14669 14685
f 14668 14685 14684
f 14669 14670 14686
f 14669 14686 14685
f 14670 14671 14687
f 14670 14687 14686
f 14671 14672 14688
f 14671 14688 14687
f 14672 14657 14673
f 14672 14673 14688
f 14673 14674 14690
f 14673 14690 14689
f 14674 14675 14691
f 14674 14691 14690
f 14675 14676 14692
f 14675 14692 14691
f 14676 14677 14693
f 14676 14693 14692
f 14677 14678 14694
f 14677 14694 14693
f 14678 14679 14695
f 14678 14695 14694
f 14679 14680 14696
f 14679 14696 14695
f 14680 14681 14697
f 14680 14697 14696
f 14681 14682 14698
f 14681 14698 14697
f 14682 14683 14699
f 14682 14699 14698
f 14683 14684 14700
f 14683 14700 14699
f 14684 14685 14701
f 14684 14701 14700
f 14685 14686 14702
f 14685 14702 14701
f 14686 14687 14703
f 14686 14703 14702
f 14687 14688 14704
f 14687 14704 14703
f 14688 14673 14689
f 14688 14689 14704
f 14689 14690 14706
f 14689 14706 14705
f 14690 14691 14707
f 14690 14707 14706
f 14691 14692 14708
f 14691 14708 14707
f 14692 14693 14709
f 14692 14709 14708
f 14693 14694 14710
f 14693 14710 14709
f 14694 14695 14711
f 14694 14711 14710
f 14695 14696 14712
f 14695 14712 14711
f 14696 14697 14713
f 14696 14713 14712
f 14697 14698 14714
f 14697 14714 14713
f 14698 14699 14715
f 14698 14715 14714
f 14699 14700 14716
f 14699 14716 14715
f 14700 14701 14717
f 14700 14717 14716
f 14701 14702 14718
f 14701 14718 14717
f 14702 14703 14719
f 14702 14719 14718
f 14703 14704 14720
f 14703 14720 14719
f 14704 14689 14705
f 14704 14705 14720
f 14721 14322 14321
f 14721 14323 14322
f 14721 14324 14323
f 14721 14325 14324
f 14721 14326 14325
f 14721 14327 14326
f 14721 14328 14327
f 14721 14329 14328
f 14721 14330 14329
f 14721 14331 14330
f 14721 14332 14331
f 14721 14333 14332
f 14721 14334 14333
f 14721 14335 14334
f 14721 14336 14335
f 14721 14321 14336
f 14722 14705 14706
f 14722 14706 14707
f 14722 14707 14708
f 14722 14708 14709
f 14722 14709 14710
f 14722 14710 14711
f 14722 14711 14712
f 14722 14712 14713
f 14722 14713 14714
f 14722 14714 14715
f 14722 14715 14716
f 14722 14716 14717
f 14722 14717 14718
f 14722 14718 14719
f 14722 14719 14720
f 14722 14720 14705
o Avarin_Leg_R
usemtl cloth
s 1
v 0.00849 4.18441 -0.07525
v 0.02495 4.12547 -0.08866
v 0.07254 4.08904 -0.10692
v 0.13308 4.08904 -0.12306
v 0.18344 4.12547 -0.13092
v 0.20439 4.18441 -0.12749
v 0.18793 4.24336 -0.11409
v 0.14034 4.27979 -0.09583
v 0.07980 4.27979 -0.07968
v 0.02944 4.24336 -0.07182
v 0.03554 4.16977 0.02007
v 0.05145 4.11322 0.00575
v 0.09812 4.07828 -0.01291
v 0.15771 4.07828 -0.02880
v 0.20748 4.11322 -0.03583
v 0.22840 4.16977 -0.03133
v 0.21249 4.22632 -0.01701
v 0.16583 4.26126 0.00165
v 0.10623 4.26126 0.01753
v 0.05647 4.22632 0.02457
v 0.07323 4.14386 0.15104
v 0.08637 4.09300 0.12826
v 0.13034 4.06156 0.10468
v 0.18834 4.06156 0.08929
v 0.23822 4.09300 0.08799
v 0.26093 4.14386 0.10127
v 0.24778 4.19473 0.12405
v 0.20381 4.22617 0.14763
v 0.14581 4.22617 0.16301
v 0.09593 4.19473 0.16431
v 0.10261 4.06804 0.22302
v 0.12428 4.04403 0.18033
v 0.17205 4.03491 0.15394
v 0.22767 4.04418 0.15394
v 0.26990 4.06830 0.18033
v 0.28260 4.09804 0.22302
v 0.26094 4.12205 0.26571
v 0.21317 4.13116 0.29210
v 0.15755 4.12189 0.29210
v 0.11532 4.09778 0.26571
v 0.11992 3.95153 0.25005
v 0.13506 3.94870 0.20370
v 0.17461 3.94727 0.17504
v 0.22348 3.94780 0.17504
v 0.26299 3.95007 0.20370
v 0.27806 3.95323 0.25005
v 0.26292 3.95607 0.29641
v 0.22337 3.95749 0.32506
v 0.17451 3.95697 0.32506
v 0.13499 3.95469 0.29641
v 0.13206 3.78823 0.24217
v 0.14429 3.79044 0.20031
v 0.17619 3.79126 0.17444
v 0.21559 3.79038 0.17444
v 0.24742 3.78813 0.20031
v 0.25954 3.78538 0.24217
v 0.24731 3.78317 0.28403
v 0.21541 3.78235 0.30989
v 0.17601 3.78323 0.30989
v 0.14418 3.78548 0.28403
v 0.13991 3.66882 0.23316
v 0.15006 3.67146 0.19454
v 0.17645 3.67256 0.17067
v 0.20902 3.67169 0.17067
v 0.23532 3.66918 0.19454
v 0.24530 3.66600 0.23316
v 0.23516 3.66336 0.27178
v 0.20877 3.66226 0.29565
v 0.17620 3.66313 0.29565
v 0.14990 3.66564 0.27178
v 0.10644 4.18441 -0.10137
v 0.19261 3.66741 0.23316
f 14723 14724 14734
f 14723 14734 14733
f 14724 14725 14735
f 14724 14735 14734
f 14725 14726 14736
f 14725 14736 14735
f 14726 14727 14737
f 14726 14737 14736
f 14727 14728 14738
f 14727 14738 14737
f 14728 14729 14739
f 14728 14739 14738
f 14729 14730 14740
f 14729 14740 14739
f 14730 14731 14741
f 14730 14741 14740
f 14731 14732 14742
f 14731 14742 14741
f 14732 14723 14733
f 14732 14733 14742
f 14733 14734 14744
f 14733 14744 14743
f 14734 14735 14745
f 14734 14745 14744
f 14735 14736 14746
f 14735 14746 14745
f 14736 14737 14747
f 14736 14747 14746
f 14737 14738 14748
f 14737 14748 14747
f 14738 14739 14749
f 14738 14749 14748
f 14739 14740 14750
f 14739 14750 14749
f 14740 14741 14751
f 14740 14751 14750
f 14741 14742 14752
f 14741 14752 14751
f 14742 14733 14743
f 14742 14743 14752
f 14743 14744 14754
f 14743 14754 14753
f 14744 14745 14755
f 14744 14755 14754
f 14745 14746 14756
f 14745 14756 14755
f 14746 14747 14757
f 14746 14757 14756
f 14747 14748 14758
f 14747 14758 14757
f 14748 14749 14759
f 14748 14759 14758
f 14749 14750 14760
f 14749 14760 14759
f 14750 14751 14761
f 14750 14761 14760
f 14751 14752 14762
f 14751 14762 14761
f 14752 14743 14753
f 14752 14753 14762
f 14753 14754 14764
f 14753 14764 14763
f 14754 14755 14765
f 14754 14765 14764
f 14755 14756 14766
f 14755 14766 14765
f 14756 14757 14767
f 14756 14767 14766
f 14757 14758 14768
f 14757 14768 14767
f 14758 14759 14769
f 14758 14769 14768
f 14759 14760 14770
f 14759 14770 14769
f 14760 14761 14771
f 14760 14771 14770
f 14761 14762 14772
f 14761 14772 14771
f 14762 14753 14763
f 14762 14763 14772
f 14763 14764 14774
f 14763 14774 14773
f 14764 14765 14775
f 14764 14775 14774
f 14765 14766 14776
f 14765 14776 14775
f 14766 14767 14777
f 14766 14777 14776
f 14767 14768 14778
f 14767 14778 14777
f 14768 14769 14779
f 14768 14779 14778
f 14769 14770 14780
f 14769 14780 14779
f 14770 14771 14781
f 14770 14781 14780
f 14771 14772 14782
f 14771 14782 14781
f 14772 14763 14773
f 14772 14773 14782
f 14773 14774 14784
f 14773 14784 14783
f 14774 14775 14785
f 14774 14785 14784
f 14775 14776 14786
f 14775 14786 14785
f 14776 14777 14787
f 14776 14787 14786
f 14777 14778 14788
f 14777 14788 14787
f 14778 14779 14789
f 14778 14789 14788
f 14779 14780 14790
f 14779 14790 14789
f 14780 14781 14791
f 14780 14791 14790
f 14781 14782 14792
f 14781 14792 14791
f 14782 14773 14783
f 14782 14783 14792
f 14793 14724 14723
f 14793 14725 14724
f 14793 14726 14725
f 14793 14727 14726
f 14793 14728 14727
f 14793 14729 14728
f 14793 14730 14729
f 14793 14731 14730
f 14793 14732 14731
f 14793 14723 14732
f 14794 14783 14784
f 14794 14784 14785
f 14794 14785 14786
f 14794 14786 14787
f 14794 14787 14788
f 14794 14788 14789
f 14794 14789 14790
f 14794 14790 14791
f 14794 14791 14792
f 14794 14792 14783
o Avarin_Foot_R
usemtl soft_charcoal
s 1
v 0.19464 3.59647 0.29398
v 0.19448 3.59647 0.29272
v 0.19404 3.59647 0.29165
v 0.19338 3.59647 0.29094
v 0.19261 3.59647 0.29069
v 0.19183 3.59647 0.29094
v 0.19117 3.59647 0.29165
v 0.19074 3.59647 0.29272
v 0.19058 3.59647 0.29398
v 0.19074 3.59647 0.29524
v 0.19117 3.59647 0.29631
v 0.19183 3.59647 0.29702
v 0.19261 3.59647 0.29728
v 0.19338 3.59647 0.29702
v 0.19404 3.59647 0.29631
v 0.19448 3.59647 0.29524
v 0.20017 3.59730 0.29398
v 0.19960 3.59730 0.28771
v 0.19796 3.59730 0.28239
v 0.19550 3.59730 0.27884
v 0.19261 3.59730 0.27759
v 0.18971 3.59730 0.27884
v 0.18726 3.59730 0.28239
v 0.18562 3.59730 0.28771
v 0.18504 3.59730 0.29398
v 0.18562 3.59730 0.30025
v 0.18726 3.59730 0.30557
v 0.18971 3.59730 0.30913
v 0.19261 3.59730 0.31037
v 0.19550 3.59730 0.30913
v 0.19796 3.59730 0.30557
v 0.19960 3.59730 0.30025
v 0.20875 3.59861 0.29398
v 0.20752 3.59861 0.28059
v 0.20402 3.59861 0.26925
v 0.19879 3.59861 0.26166
v 0.19261 3.59861 0.25900
v 0.18643 3.59861 0.26166
v 0.18119 3.59861 0.26925
v 0.17769 3.59861 0.28059
v 0.17646 3.59861 0.29398
v 0.17769 3.59861 0.30737
v 0.18119 3.59861 0.31872
v 0.18643 3.59861 0.32630
v 0.19261 3.59861 0.32896
v 0.19879 3.59861 0.32630
v 0.20402 3.59861 0.31872
v 0.20752 3.59861 0.30737
v 0.21693 3.60068 0.29398
v 0.21508 3.60068 0.27381
v 0.20981 3.60068 0.25671
v 0.20192 3.60068 0.24529
v 0.19261 3.60068 0.24128
v 0.18330 3.60068 0.24529
v 0.17541 3.60068 0.25671
v 0.17013 3.60068 0.27381
v 0.16828 3.60068 0.29398
v 0.17013 3.60068 0.31415
v 0.17541 3.60068 0.33125
v 0.18330 3.60068 0.34268
v 0.19261 3.60068 0.34669
v 0.20192 3.60068 0.34268
v 0.20981 3.60068 0.33125
v 0.21508 3.60068 0.31415
v 0.22384 3.60367 0.29398
v 0.22147 3.60367 0.26808
v 0.21470 3.60367 0.24613
v 0.20456 3.60367 0.23146
v 0.19261 3.60367 0.22631
v 0.18066 3.60367 0.23146
v 0.17052 3.60367 0.24613
v 0.16375 3.60367 0.26808
v 0.16137 3.60367 0.29398
v 0.16375 3.60367 0.31988
v 0.17052 3.60367 0.34184
v 0.18066 3.60367 0.35651
v 0.19261 3.60367 0.36166
v 0.20456 3.60367 0.35651
v 0.21470 3.60367 0.34184
v 0.22147 3.60367 0.31988
v 0.23035 3.60742 0.29398
v 0.22748 3.60742 0.26268
v 0.21930 3.60742 0.23615
v 0.20705 3.60742 0.21842
v 0.19261 3.60742 0.21220
v 0.17816 3.60742 0.21842
v 0.16592 3.60742 0.23615
v 0.15774 3.60742 0.26268
v 0.15486 3.60742 0.29398
v 0.15774 3.60742 0.32528
v 0.16592 3.60742 0.35181
v 0.17816 3.60742 0.36954
v 0.19261 3.60742 0.37576
v 0.20705 3.60742 0.36954
v 0.21930 3.60742 0.35181
v 0.22748 3.60742 0.32528
v 0.23615 3.61175 0.29398
v 0.23284 3.61175 0.25788
v 0.22340 3.61175 0.22727
v 0.20927 3.61175 0.20682
v 0.19261 3.61175 0.19964
v 0.17595 3.61175 0.20682
v 0.16182 3.61175 0.22727
v 0.15238 3.61175 0.25788
v 0.14907 3.61175 0.29398
v 0.15238 3.61175 0.33008
v 0.16182 3.61175 0.36069
v 0.17595 3.61175 0.38114
v 0.19261 3.61175 0.38832
v 0.20927 3.61175 0.38114
v 0.22340 3.61175 0.36069
v 0.23284 3.61175 0.33008
v 0.24120 3.61668 0.29398
v 0.23750 3.61668 0.25369
v 0.22697 3.61668 0.21954
v 0.21120 3.61668 0.19671
v 0.19261 3.61668 0.18870
v 0.17401 3.61668 0.19671
v 0.15825 3.61668 0.21954
v 0.14772 3.61668 0.25369
v 0.14402 3.61668 0.29398
v 0.14772 3.61668 0.33427
v 0.15825 3.61668 0.36843
v 0.17401 3.61668 0.39125
v 0.19261 3.61668 0.39926
v 0.21120 3.61668 0.39125
v 0.22697 3.61668 0.36843
v 0.23750 3.61668 0.33427
v 0.24553 3.62220 0.29398
v 0.24151 3.62220 0.25010
v 0.23003 3.62220 0.21289
v 0.21286 3.62220 0.18804
v 0.19261 3.62220 0.17931
v 0.17235 3.62220 0.18804
v 0.15518 3.62220 0.21289
v 0.14371 3.62220 0.25010
v 0.13968 3.62220 0.29398
v 0.14371 3.62220 0.33787
v 0.15518 3.62220 0.37507
v 0.17235 3.62220 0.39993
v 0.19261 3.62220 0.40866
v 0.21286 3.62220 0.39993
v 0.23003 3.62220 0.37507
v 0.24151 3.62220 0.33787
v 0.24895 3.62803 0.29398
v 0.24466 3.62803 0.24727
v 0.23245 3.62803 0.20767
v 0.21417 3.62803 0.18121
v 0.19261 3.62803 0.17192
v 0.17105 3.62803 0.18121
v 0.15277 3.62803 0.20767
v 0.14056 3.62803 0.24727
v 0.13627 3.62803 0.29398
v 0.14056 3.62803 0.34069
v 0.15277 3.62803 0.38030
v 0.17105 3.62803 0.40676
v 0.19261 3.62803 0.41605
v 0.21417 3.62803 0.40676
v 0.23245 3.62803 0.38030
v 0.24466 3.62803 0.34069
v 0.25139 3.63419 0.29398
v 0.24692 3.63419 0.24524
v 0.23417 3.63419 0.20392
v 0.21510 3.63419 0.17632
v 0.19261 3.63419 0.16662
v 0.17011 3.63419 0.17632
v 0.15104 3.63419 0.20392
v 0.13830 3.63419 0.24524
v 0.13383 3.63419 0.29398
v 0.13830 3.63419 0.34272
v 0.15104 3.63419 0.38404
v 0.17011 3.63419 0.41165
v 0.19261 3.63419 0.42134
v 0.21510 3.63419 0.41165
v 0.23417 3.63419 0.38404
v 0.24692 3.63419 0.34272
v 0.25291 3.64066 0.29398
v 0.24832 3.64066 0.24398
v 0.23525 3.64066 0.20160
v 0.21568 3.64066 0.17327
v 0.19261 3.64066 0.16333
v 0.16953 3.64066 0.17327
v 0.14997 3.64066 0.20160
v 0.13690 3.64066 0.24398
v 0.13231 3.64066 0.29398
v 0.13690 3.64066 0.34398
v 0.14997 3.64066 0.38637
v 0.16953 3.64066 0.41469
v 0.19261 3.64066 0.42463
v 0.21568 3.64066 0.41469
v 0.23525 3.64066 0.38637
v 0.24832 3.64066 0.34398
v 0.25343 3.64714 0.29398
v 0.24880 3.64714 0.24355
v 0.23562 3.64714 0.20080
v 0.21588 3.64714 0.17223
v 0.19261 3.64714 0.16220
v 0.16933 3.64714 0.17223
v 0.14960 3.64714 0.20080
v 0.13641 3.64714 0.24355
v 0.13178 3.64714 0.29398
v 0.13641 3.64714 0.34441
v 0.14960 3.64714 0.38717
v 0.16933 3.64714 0.41573
v 0.19261 3.64714 0.42577
v 0.21588 3.64714 0.41573
v 0.23562 3.64714 0.38717
v 0.24880 3.64714 0.34441
v 0.25291 3.65361 0.29398
v 0.24832 3.65361 0.24398
v 0.23525 3.65361 0.20160
v 0.21568 3.65361 0.17327
v 0.19261 3.65361 0.16333
v 0.16953 3.65361 0.17327
v 0.14997 3.65361 0.20160
v 0.13690 3.65361 0.24398
v 0.13231 3.65361 0.29398
v 0.13690 3.65361 0.34398
v 0.14997 3.65361 0.38637
v 0.16953 3.65361 0.41469
v 0.19261 3.65361 0.42463
v 0.21568 3.65361 0.41469
v 0.23525 3.65361 0.38637
v 0.24832 3.65361 0.34398
v 0.25139 3.66008 0.29398
v 0.24692 3.66008 0.24524
v 0.23417 3.66008 0.20392
v 0.21510 3.66008 0.17632
v 0.19261 3.66008 0.16662
v 0.17011 3.66008 0.17632
v 0.15104 3.66008 0.20392
v 0.13830 3.66008 0.24524
v 0.13383 3.66008 0.29398
v 0.13830 3.66008 0.34272
v 0.15104 3.66008 0.38404
v 0.17011 3.66008 0.41165
v 0.19261 3.66008 0.42134
v 0.21510 3.66008 0.41165
v 0.23417 3.66008 0.38404
v 0.24692 3.66008 0.34272
v 0.24895 3.66624 0.29398
v 0.24466 3.66624 0.24727
v 0.23245 3.66624 0.20767
v 0.21417 3.66624 0.18121
v 0.19261 3.66624 0.17192
v 0.17105 3.66624 0.18121
v 0.15277 3.66624 0.20767
v 0.14056 3.66624 0.24727
v 0.13627 3.66624 0.29398
v 0.14056 3.66624 0.34069
v 0.15277 3.66624 0.38030
v 0.17105 3.66624 0.40676
v 0.19261 3.66624 0.41605
v 0.21417 3.66624 0.40676
v 0.23245 3.66624 0.38030
v 0.24466 3.66624 0.34069
v 0.24553 3.67207 0.29398
v 0.24151 3.67207 0.25010
v 0.23003 3.67207 0.21289
v 0.21286 3.67207 0.18804
v 0.19261 3.67207 0.17931
v 0.17235 3.67207 0.18804
v 0.15518 3.67207 0.21289
v 0.14371 3.67207 0.25010
v 0.13968 3.67207 0.29398
v 0.14371 3.67207 0.33787
v 0.15518 3.67207 0.37507
v 0.17235 3.67207 0.39993
v 0.19261 3.67207 0.40866
v 0.21286 3.67207 0.39993
v 0.23003 3.67207 0.37507
v 0.24151 3.67207 0.33787
v 0.24120 3.67759 0.29398
v 0.23750 3.67759 0.25369
v 0.22697 3.67759 0.21954
v 0.21120 3.67759 0.19671
v 0.19261 3.67759 0.18870
v 0.17401 3.67759 0.19671
v 0.15825 3.67759 0.21954
v 0.14772 3.67759 0.25369
v 0.14402 3.67759 0.29398
v 0.14772 3.67759 0.33427
v 0.15825 3.67759 0.36843
v 0.17401 3.67759 0.39125
v 0.19261 3.67759 0.39926
v 0.21120 3.67759 0.39125
v 0.22697 3.67759 0.36843
v 0.23750 3.67759 0.33427
v 0.23615 3.68253 0.29398
v 0.23284 3.68253 0.25788
v 0.22340 3.68253 0.22727
v 0.20927 3.68253 0.20682
v 0.19261 3.68253 0.19964
v 0.17595 3.68253 0.20682
v 0.16182 3.68253 0.22727
v 0.15238 3.68253 0.25788
v 0.14907 3.68253 0.29398
v 0.15238 3.68253 0.33008
v 0.16182 3.68253 0.36069
v 0.17595 3.68253 0.38114
v 0.19261 3.68253 0.38832
v 0.20927 3.68253 0.38114
v 0.22340 3.68253 0.36069
v 0.23284 3.68253 0.33008
v 0.23035 3.68685 0.29398
v 0.22748 3.68685 0.26268
v 0.21930 3.68685 0.23615
v 0.20705 3.68685 0.21842
v 0.19261 3.68685 0.21220
v 0.17816 3.68685 0.21842
v 0.16592 3.68685 0.23615
v 0.15774 3.68685 0.26268
v 0.15486 3.68685 0.29398
v 0.15774 3.68685 0.32528
v 0.16592 3.68685 0.35181
v 0.17816 3.68685 0.36954
v 0.19261 3.68685 0.37576
v 0.20705 3.68685 0.36954
v 0.21930 3.68685 0.35181
v 0.22748 3.68685 0.32528
v 0.22384 3.69060 0.29398
v 0.22147 3.69060 0.26808
v 0.21470 3.69060 0.24613
v 0.20456 3.69060 0.23146
v 0.19261 3.69060 0.22631
v 0.18066 3.69060 0.23146
v 0.17052 3.69060 0.24613
v 0.16375 3.69060 0.26808
v 0.16137 3.69060 0.29398
v 0.16375 3.69060 0.31988
v 0.17052 3.69060 0.34184
v 0.18066 3.69060 0.35651
v 0.19261 3.69060 0.36166
v 0.20456 3.69060 0.35651
v 0.21470 3.69060 0.34184
v 0.22147 3.69060 0.31988
v 0.21693 3.69359 0.29398
v 0.21508 3.69359 0.27381
v 0.20981 3.69359 0.25671
v 0.20192 3.69359 0.24529
v 0.19261 3.69359 0.24128
v 0.18330 3.69359 0.24529
v 0.17541 3.69359 0.25671
v 0.17013 3.69359 0.27381
v 0.16828 3.69359 0.29398
v 0.17013 3.69359 0.31415
v 0.17541 3.69359 0.33125
v 0.18330 3.69359 0.34268
v 0.19261 3.69359 0.34669
v 0.20192 3.69359 0.34268
v 0.20981 3.69359 0.33125
v 0.21508 3.69359 0.31415
v 0.20875 3.69566 0.29398
v 0.20752 3.69566 0.28059
v 0.20402 3.69566 0.26925
v 0.19879 3.69566 0.26166
v 0.19261 3.69566 0.25900
v 0.18643 3.69566 0.26166
v 0.18119 3.69566 0.26925
v 0.17769 3.69566 0.28059
v 0.17646 3.69566 0.29398
v 0.17769 3.69566 0.30737
v 0.18119 3.69566 0.31872
v 0.18643 3.69566 0.32630
v 0.19261 3.69566 0.32896
v 0.19879 3.69566 0.32630
v 0.20402 3.69566 0.31872
v 0.20752 3.69566 0.30737
v 0.20017 3.69697 0.29398
v 0.19960 3.69697 0.28771
v 0.19796 3.69697 0.28239
v 0.19550 3.69697 0.27884
v 0.19261 3.69697 0.27759
v 0.18971 3.69697 0.27884
v 0.18726 3.69697 0.28239
v 0.18562 3.69697 0.28771
v 0.18504 3.69697 0.29398
v 0.18562 3.69697 0.30025
v 0.18726 3.69697 0.30557
v 0.18971 3.69697 0.30913
v 0.19261 3.69697 0.31037
v 0.19550 3.69697 0.30913
v 0.19796 3.69697 0.30557
v 0.19960 3.69697 0.30025
v 0.19413 3.69781 0.29398
v 0.19401 3.69781 0.29272
v 0.19368 3.69781 0.29165
v 0.19319 3.69781 0.29094
v 0.19261 3.69781 0.29069
v 0.19203 3.69781 0.29094
v 0.19153 3.69781 0.29165
v 0.19120 3.69781 0.29272
v 0.19109 3.69781 0.29398
v 0.19120 3.69781 0.29524
v 0.19153 3.69781 0.29631
v 0.19203 3.69781 0.29702
v 0.19261 3.69781 0.29728
v 0.19319 3.69781 0.29702
v 0.19368 3.69781 0.29631
v 0.19401 3.69781 0.29524
v 0.19261 3.59647 0.29398
v 0.19261 3.69781 0.29398
f 14795 14796 14812
f 14795 14812 14811
f 14796 14797 14813
f 14796 14813 14812
f 14797 14798 14814
f 14797 14814 14813
f 14798 14799 14815
f 14798 14815 14814
f 14799 14800 14816
f 14799 14816 14815
f 14800 14801 14817
f 14800 14817 14816
f 14801 14802 14818
f 14801 14818 14817
f 14802 14803 14819
f 14802 14819 14818
f 14803 14804 14820
f 14803 14820 14819
f 14804 14805 14821
f 14804 14821 14820
f 14805 14806 14822
f 14805 14822 14821
f 14806 14807 14823
f 14806 14823 14822
f 14807 14808 14824
f 14807 14824 14823
f 14808 14809 14825
f 14808 14825 14824
f 14809 14810 14826
f 14809 14826 14825
f 14810 14795 14811
f 14810 14811 14826
f 14811 14812 14828
f 14811 14828 14827
f 14812 14813 14829
f 14812 14829 14828
f 14813 14814 14830
f 14813 14830 14829
f 14814 14815 14831
f 14814 14831 14830
f 14815 14816 14832
f 14815 14832 14831
f 14816 14817 14833
f 14816 14833 14832
f 14817 14818 14834
f 14817 14834 14833
f 14818 14819 14835
f 14818 14835 14834
f 14819 14820 14836
f 14819 14836 14835
f 14820 14821 14837
f 14820 14837 14836
f 14821 14822 14838
f 14821 14838 14837
f 14822 14823 14839
f 14822 14839 14838
f 14823 14824 14840
f 14823 14840 14839
f 14824 14825 14841
f 14824 14841 14840
f 14825 14826 14842
f 14825 14842 14841
f 14826 14811 14827
f 14826 14827 14842
f 14827 14828 14844
f 14827 14844 14843
f 14828 14829 14845
f 14828 14845 14844
f 14829 14830 14846
f 14829 14846 14845
f 14830 14831 14847
f 14830 14847 14846
f 14831 14832 14848
f 14831 14848 14847
f 14832 14833 14849
f 14832 14849 14848
f 14833 14834 14850
f 14833 14850 14849
f 14834 14835 14851
f 14834 14851 14850
f 14835 14836 14852
f 14835 14852 14851
f 14836 14837 14853
f 14836 14853 14852
f 14837 14838 14854
f 14837 14854 14853
f 14838 14839 14855
f 14838 14855 14854
f 14839 14840 14856
f 14839 14856 14855
f 14840 14841 14857
f 14840 14857 14856
f 14841 14842 14858
f 14841 14858 14857
f 14842 14827 14843
f 14842 14843 14858
f 14843 14844 14860
f 14843 14860 14859
f 14844 14845 14861
f 14844 14861 14860
f 14845 14846 14862
f 14845 14862 14861
f 14846 14847 14863
f 14846 14863 14862
f 14847 14848 14864
f 14847 14864 14863
f 14848 14849 14865
f 14848 14865 14864
f 14849 14850 14866
f 14849 14866 14865
f 14850 14851 14867
f 14850 14867 14866
f 14851 14852 14868
f 14851 14868 14867
f 14852 14853 14869
f 14852 14869 14868
f 14853 14854 14870
f 14853 14870 14869
f 14854 14855 14871
f 14854 14871 14870
f 14855 14856 14872
f 14855 14872 14871
f 14856 14857 14873
f 14856 14873 14872
f 14857 14858 14874
f 14857 14874 14873
f 14858 14843 14859
f 14858 14859 14874
f 14859 14860 14876
f 14859 14876 14875
f 14860 14861 14877
f 14860 14877 14876
f 14861 14862 14878
f 14861 14878 14877
f 14862 14863 14879
f 14862 14879 14878
f 14863 14864 14880
f 14863 14880 14879
f 14864 14865 14881
f 14864 14881 14880
f 14865 14866 14882
f 14865 14882 14881
f 14866 14867 14883
f 14866 14883 14882
f 14867 14868 14884
f 14867 14884 14883
f 14868 14869 14885
f 14868 14885 14884
f 14869 14870 14886
f 14869 14886 14885
f 14870 14871 14887
f 14870 14887 14886
f 14871 14872 14888
f 14871 14888 14887
f 14872 14873 14889
f 14872 14889 14888
f 14873 14874 14890
f 14873 14890 14889
f 14874 14859 14875
f 14874 14875 14890
f 14875 14876 14892
f 14875 14892 14891
f 14876 14877 14893
f 14876 14893 14892
f 14877 14878 14894
f 14877 14894 14893
f 14878 14879 14895
f 14878 14895 14894
f 14879 14880 14896
f 14879 14896 14895
f 14880 14881 14897
f 14880 14897 14896
f 14881 14882 14898
f 14881 14898 14897
f 14882 14883 14899
f 14882 14899 14898
f 14883 14884 14900
f 14883 14900 14899
f 14884 14885 14901
f 14884 14901 14900
f 14885 14886 14902
f 14885 14902 14901
f 14886 14887 14903
f 14886 14903 14902
f 14887 14888 14904
f 14887 14904 14903
f 14888 14889 14905
f 14888 14905 14904
f 14889 14890 14906
f 14889 14906 14905
f 14890 14875 14891
f 14890 14891 14906
f 14891 14892 14908
f 14891 14908 14907
f 14892 14893 14909
f 14892 14909 14908
f 14893 14894 14910
f 14893 14910 14909
f 14894 14895 14911
f 14894 14911 14910
f 14895 14896 14912
f 14895 14912 14911
f 14896 14897 14913
f 14896 14913 14912
f 14897 14898 14914
f 14897 14914 14913
f 14898 14899 14915
f 14898 14915 14914
f 14899 14900 14916
f 14899 14916 14915
f 14900 14901 14917
f 14900 14917 14916
f 14901 14902 14918
f 14901 14918 14917
f 14902 14903 14919
f 14902 14919 14918
f 14903 14904 14920
f 14903 14920 14919
f 14904 14905 14921
f 14904 14921 14920
f 14905 14906 14922
f 14905 14922 14921
f 14906 14891 14907
f 14906 14907 14922
f 14907 14908 14924
f 14907 14924 14923
f 14908 14909 14925
f 14908 14925 14924
f 14909 14910 14926
f 14909 14926 14925
f 14910 14911 14927
f 14910 14927 14926
f 14911 14912 14928
f 14911 14928 14927
f 14912 14913 14929
f 14912 14929 14928
f 14913 14914 14930
f 14913 14930 14929
f 14914 14915 14931
f 14914 14931 14930
f 14915 14916 14932
f 14915 14932 14931
f 14916 14917 14933
f 14916 14933 14932
f 14917 14918 14934
f 14917 14934 14933
f 14918 14919 14935
f 14918 14935 14934
f 14919 14920 14936
f 14919 14936 14935
f 14920 14921 14937
f 14920 14937 14936
f 14921 14922 14938
f 14921 14938 14937
f 14922 14907 14923
f 14922 14923 14938
f 14923 14924 14940
f 14923 14940 14939
f 14924 14925 14941
f 14924 14941 14940
f 14925 14926 14942
f 14925 14942 14941
f 14926 14927 14943
f 14926 14943 14942
f 14927 14928 14944
f 14927 14944 14943
f 14928 14929 14945
f 14928 14945 14944
f 14929 14930 14946
f 14929 14946 14945
f 14930 14931 14947
f 14930 14947 14946
f 14931 14932 14948
f 14931 14948 14947
f 14932 14933 14949
f 14932 14949 14948
f 14933 14934 14950
f 14933 14950 14949
f 14934 14935 14951
f 14934 14951 14950
f 14935 14936 14952
f 14935 14952 14951
f 14936 14937 14953
f 14936 14953 14952
f 14937 14938 14954
f 14937 14954 14953
f 14938 14923 14939
f 14938 14939 14954
f 14939 14940 14956
f 14939 14956 14955
f 14940 14941 14957
f 14940 14957 14956
f 14941 14942 14958
f 14941 14958 14957
f 14942 14943 14959
f 14942 14959 14958
f 14943 14944 14960
f 14943 14960 14959
f 14944 14945 14961
f 14944 14961 14960
f 14945 14946 14962
f 14945 14962 14961
f 14946 14947 14963
f 14946 14963 14962
f 14947 14948 14964
f 14947 14964 14963
f 14948 14949 14965
f 14948 14965 14964
f 14949 14950 14966
f 14949 14966 14965
f 14950 14951 14967
f 14950 14967 14966
f 14951 14952 14968
f 14951 14968 14967
f 14952 14953 14969
f 14952 14969 14968
f 14953 14954 14970
f 14953 14970 14969
f 14954 14939 14955
f 14954 14955 14970
f 14955 14956 14972
f 14955 14972 14971
f 14956 14957 14973
f 14956 14973 14972
f 14957 14958 14974
f 14957 14974 14973
f 14958 14959 14975
f 14958 14975 14974
f 14959 14960 14976
f 14959 14976 14975
f 14960 14961 14977
f 14960 14977 14976
f 14961 14962 14978
f 14961 14978 14977
f 14962 14963 14979
f 14962 14979 14978
f 14963 14964 14980
f 14963 14980 14979
f 14964 14965 14981
f 14964 14981 14980
f 14965 14966 14982
f 14965 14982 14981
f 14966 14967 14983
f 14966 14983 14982
f 14967 14968 14984
f 14967 14984 14983
f 14968 14969 14985
f 14968 14985 14984
f 14969 14970 14986
f 14969 14986 14985
f 14970 14955 14971
f 14970 14971 14986
f 14971 14972 14988
f 14971 14988 14987
f 14972 14973 14989
f 14972 14989 14988
f 14973 14974 14990
f 14973 14990 14989
f 14974 14975 14991
f 14974 14991 14990
f 14975 14976 14992
f 14975 14992 14991
f 14976 14977 14993
f 14976 14993 14992
f 14977 14978 14994
f 14977 14994 14993
f 14978 14979 14995
f 14978 14995 14994
f 14979 14980 14996
f 14979 14996 14995
f 14980 14981 14997
f 14980 14997 14996
f 14981 14982 14998
f 14981 14998 14997
f 14982 14983 14999
f 14982 14999 14998
f 14983 14984 15000
f 14983 15000 14999
f 14984 14985 15001
f 14984 15001 15000
f 14985 14986 15002
f 14985 15002 15001
f 14986 14971 14987
f 14986 14987 15002
f 14987 14988 15004
f 14987 15004 15003
f 14988 14989 15005
f 14988 15005 15004
f 14989 14990 15006
f 14989 15006 15005
f 14990 14991 15007
f 14990 15007 15006
f 14991 14992 15008
f 14991 15008 15007
f 14992 14993 15009
f 14992 15009 15008
f 14993 14994 15010
f 14993 15010 15009
f 14994 14995 15011
f 14994 15011 15010
f 14995 14996 15012
f 14995 15012 15011
f 14996 14997 15013
f 14996 15013 15012
f 14997 14998 15014
f 14997 15014 15013
f 14998 14999 15015
f 14998 15015 15014
f 14999 15000 15016
f 14999 15016 15015
f 15000 15001 15017
f 15000 15017 15016
f 15001 15002 15018
f 15001 15018 15017
f 15002 14987 15003
f 15002 15003 15018
f 15003 15004 15020
f 15003 15020 15019
f 15004 15005 15021
f 15004 15021 15020
f 15005 15006 15022
f 15005 15022 15021
f 15006 15007 15023
f 15006 15023 15022
f 15007 15008 15024
f 15007 15024 15023
f 15008 15009 15025
f 15008 15025 15024
f 15009 15010 15026
f 15009 15026 15025
f 15010 15011 15027
f 15010 15027 15026
f 15011 15012 15028
f 15011 15028 15027
f 15012 15013 15029
f 15012 15029 15028
f 15013 15014 15030
f 15013 15030 15029
f 15014 15015 15031
f 15014 15031 15030
f 15015 15016 15032
f 15015 15032 15031
f 15016 15017 15033
f 15016 15033 15032
f 15017 15018 15034
f 15017 15034 15033
f 15018 15003 15019
f 15018 15019 15034
f 15019 15020 15036
f 15019 15036 15035
f 15020 15021 15037
f 15020 15037 15036
f 15021 15022 15038
f 15021 15038 15037
f 15022 15023 15039
f 15022 15039 15038
f 15023 15024 15040
f 15023 15040 15039
f 15024 15025 15041
f 15024 15041 15040
f 15025 15026 15042
f 15025 15042 15041
f 15026 15027 15043
f 15026 15043 15042
f 15027 15028 15044
f 15027 15044 15043
f 15028 15029 15045
f 15028 15045 15044
f 15029 15030 15046
f 15029 15046 15045
f 15030 15031 15047
f 15030 15047 15046
f 15031 15032 15048
f 15031 15048 15047
f 15032 15033 15049
f 15032 15049 15048
f 15033 15034 15050
f 15033 15050 15049
f 15034 15019 15035
f 15034 15035 15050
f 15035 15036 15052
f 15035 15052 15051
f 15036 15037 15053
f 15036 15053 15052
f 15037 15038 15054
f 15037 15054 15053
f 15038 15039 15055
f 15038 15055 15054
f 15039 15040 15056
f 15039 15056 15055
f 15040 15041 15057
f 15040 15057 15056
f 15041 15042 15058
f 15041 15058 15057
f 15042 15043 15059
f 15042 15059 15058
f 15043 15044 15060
f 15043 15060 15059
f 15044 15045 15061
f 15044 15061 15060
f 15045 15046 15062
f 15045 15062 15061
f 15046 15047 15063
f 15046 15063 15062
f 15047 15048 15064
f 15047 15064 15063
f 15048 15049 15065
f 15048 15065 15064
f 15049 15050 15066
f 15049 15066 15065
f 15050 15035 15051
f 15050 15051 15066
f 15051 15052 15068
f 15051 15068 15067
f 15052 15053 15069
f 15052 15069 15068
f 15053 15054 15070
f 15053 15070 15069
f 15054 15055 15071
f 15054 15071 15070
f 15055 15056 15072
f 15055 15072 15071
f 15056 15057 15073
f 15056 15073 15072
f 15057 15058 15074
f 15057 15074 15073
f 15058 15059 15075
f 15058 15075 15074
f 15059 15060 15076
f 15059 15076 15075
f 15060 15061 15077
f 15060 15077 15076
f 15061 15062 15078
f 15061 15078 15077
f 15062 15063 15079
f 15062 15079 15078
f 15063 15064 15080
f 15063 15080 15079
f 15064 15065 15081
f 15064 15081 15080
f 15065 15066 15082
f 15065 15082 15081
f 15066 15051 15067
f 15066 15067 15082
f 15067 15068 15084
f 15067 15084 15083
f 15068 15069 15085
f 15068 15085 15084
f 15069 15070 15086
f 15069 15086 15085
f 15070 15071 15087
f 15070 15087 15086
f 15071 15072 15088
f 15071 15088 15087
f 15072 15073 15089
f 15072 15089 15088
f 15073 15074 15090
f 15073 15090 15089
f 15074 15075 15091
f 15074 15091 15090
f 15075 15076 15092
f 15075 15092 15091
f 15076 15077 15093
f 15076 15093 15092
f 15077 15078 15094
f 15077 15094 15093
f 15078 15079 15095
f 15078 15095 15094
f 15079 15080 15096
f 15079 15096 15095
f 15080 15081 15097
f 15080 15097 15096
f 15081 15082 15098
f 15081 15098 15097
f 15082 15067 15083
f 15082 15083 15098
f 15083 15084 15100
f 15083 15100 15099
f 15084 15085 15101
f 15084 15101 15100
f 15085 15086 15102
f 15085 15102 15101
f 15086 15087 15103
f 15086 15103 15102
f 15087 15088 15104
f 15087 15104 15103
f 15088 15089 15105
f 15088 15105 15104
f 15089 15090 15106
f 15089 15106 15105
f 15090 15091 15107
f 15090 15107 15106
f 15091 15092 15108
f 15091 15108 15107
f 15092 15093 15109
f 15092 15109 15108
f 15093 15094 15110
f 15093 15110 15109
f 15094 15095 15111
f 15094 15111 15110
f 15095 15096 15112
f 15095 15112 15111
f 15096 15097 15113
f 15096 15113 15112
f 15097 15098 15114
f 15097 15114 15113
f 15098 15083 15099
f 15098 15099 15114
f 15099 15100 15116
f 15099 15116 15115
f 15100 15101 15117
f 15100 15117 15116
f 15101 15102 15118
f 15101 15118 15117
f 15102 15103 15119
f 15102 15119 15118
f 15103 15104 15120
f 15103 15120 15119
f 15104 15105 15121
f 15104 15121 15120
f 15105 15106 15122
f 15105 15122 15121
f 15106 15107 15123
f 15106 15123 15122
f 15107 15108 15124
f 15107 15124 15123
f 15108 15109 15125
f 15108 15125 15124
f 15109 15110 15126
f 15109 15126 15125
f 15110 15111 15127
f 15110 15127 15126
f 15111 15112 15128
f 15111 15128 15127
f 15112 15113 15129
f 15112 15129 15128
f 15113 15114 15130
f 15113 15130 15129
f 15114 15099 15115
f 15114 15115 15130
f 15115 15116 15132
f 15115 15132 15131
f 15116 15117 15133
f 15116 15133 15132
f 15117 15118 15134
f 15117 15134 15133
f 15118 15119 15135
f 15118 15135 15134
f 15119 15120 15136
f 15119 15136 15135
f 15120 15121 15137
f 15120 15137 15136
f 15121 15122 15138
f 15121 15138 15137
f 15122 15123 15139
f 15122 15139 15138
f 15123 15124 15140
f 15123 15140 15139
f 15124 15125 15141
f 15124 15141 15140
f 15125 15126 15142
f 15125 15142 15141
f 15126 15127 15143
f 15126 15143 15142
f 15127 15128 15144
f 15127 15144 15143
f 15128 15129 15145
f 15128 15145 15144
f 15129 15130 15146
f 15129 15146 15145
f 15130 15115 15131
f 15130 15131 15146
f 15131 15132 15148
f 15131 15148 15147
f 15132 15133 15149
f 15132 15149 15148
f 15133 15134 15150
f 15133 15150 15149
f 15134 15135 15151
f 15134 15151 15150
f 15135 15136 15152
f 15135 15152 15151
f 15136 15137 15153
f 15136 15153 15152
f 15137 15138 15154
f 15137 15154 15153
f 15138 15139 15155
f 15138 15155 15154
f 15139 15140 15156
f 15139 15156 15155
f 15140 15141 15157
f 15140 15157 15156
f 15141 15142 15158
f 15141 15158 15157
f 15142 15143 15159
f 15142 15159 15158
f 15143 15144 15160
f 15143 15160 15159
f 15144 15145 15161
f 15144 15161 15160
f 15145 15146 15162
f 15145 15162 15161
f 15146 15131 15147
f 15146 15147 15162
f 15147 15148 15164
f 15147 15164 15163
f 15148 15149 15165
f 15148 15165 15164
f 15149 15150 15166
f 15149 15166 15165
f 15150 15151 15167
f 15150 15167 15166
f 15151 15152 15168
f 15151 15168 15167
f 15152 15153 15169
f 15152 15169 15168
f 15153 15154 15170
f 15153 15170 15169
f 15154 15155 15171
f 15154 15171 15170
f 15155 15156 15172
f 15155 15172 15171
f 15156 15157 15173
f 15156 15173 15172
f 15157 15158 15174
f 15157 15174 15173
f 15158 15159 15175
f 15158 15175 15174
f 15159 15160 15176
f 15159 15176 15175
f 15160 15161 15177
f 15160 15177 15176
f 15161 15162 15178
f 15161 15178 15177
f 15162 15147 15163
f 15162 15163 15178
f 15163 15164 15180
f 15163 15180 15179
f 15164 15165 15181
f 15164 15181 15180
f 15165 15166 15182
f 15165 15182 15181
f 15166 15167 15183
f 15166 15183 15182
f 15167 15168 15184
f 15167 15184 15183
f 15168 15169 15185
f 15168 15185 15184
f 15169 15170 15186
f 15169 15186 15185
f 15170 15171 15187
f 15170 15187 15186
f 15171 15172 15188
f 15171 15188 15187
f 15172 15173 15189
f 15172 15189 15188
f 15173 15174 15190
f 15173 15190 15189
f 15174 15175 15191
f 15174 15191 15190
f 15175 15176 15192
f 15175 15192 15191
f 15176 15177 15193
f 15176 15193 15192
f 15177 15178 15194
f 15177 15194 15193
f 15178 15163 15179
f 15178 15179 15194
f 15195 14796 14795
f 15195 14797 14796
f 15195 14798 14797
f 15195 14799 14798
f 15195 14800 14799
f 15195 14801 14800
f 15195 14802 14801
f 15195 14803 14802
f 15195 14804 14803
f 15195 14805 14804
f 15195 14806 14805
f 15195 14807 14806
f 15195 14808 14807
f 15195 14809 14808
f 15195 14810 14809
f 15195 14795 14810
f 15196 15179 15180
f 15196 15180 15181
f 15196 15181 15182
f 15196 15182 15183
f 15196 15183 15184
f 15196 15184 15185
f 15196 15185 15186
f 15196 15186 15187
f 15196 15187 15188
f 15196 15188 15189
f 15196 15189 15190
f 15196 15190 15191
f 15196 15191 15192
f 15196 15192 15193
f 15196 15193 15194
f 15196 15194 15179
o Avarin_Mantle_R
usemtl sail_membrane
s 1
v 0.00078 4.65478 -0.38009
v 0.00052 4.65478 -0.37842
v 0.00026 4.65478 -0.37675
v 0.00000 4.65478 -0.37508
v -0.00026 4.65478 -0.37341
v -0.00052 4.65478 -0.37174
v -0.00078 4.65478 -0.37007
v 0.07225 4.67886 -0.46412
v 0.06718 4.71334 -0.43148
v 0.06210 4.73403 -0.39885
v 0.05702 4.74093 -0.36621
v 0.05195 4.73403 -0.33357
v 0.04687 4.71334 -0.30093
v 0.04179 4.67886 -0.26830
v 0.13844 4.70293 -0.51417
v 0.13031 4.76665 -0.46190
v 0.12218 4.80488 -0.40962
v 0.11404 4.81762 -0.35734
v 0.10591 4.80488 -0.30506
v 0.09778 4.76665 -0.25278
v 0.08965 4.70293 -0.20050
v 0.20110 4.72701 -0.54152
v 0.19109 4.81026 -0.47717
v 0.18108 4.86021 -0.41282
v 0.17107 4.87686 -0.34847
v 0.16106 4.86021 -0.28412
v 0.15105 4.81026 -0.21977
v 0.14104 4.72701 -0.15542
v 0.26003 4.75109 -0.54494
v 0.24938 4.84120 -0.47650
v 0.23874 4.89526 -0.40805
v 0.22809 4.91328 -0.33960
v 0.21744 4.89526 -0.27115
v 0.20679 4.84120 -0.20270
v 0.19615 4.75109 -0.13425
v 0.31514 4.77516 -0.52378
v 0.30513 4.85841 -0.45943
v 0.29512 4.90836 -0.39508
v 0.28511 4.92501 -0.33073
v 0.27510 4.90836 -0.26638
v 0.26509 4.85841 -0.20203
v 0.25508 4.77516 -0.13768
v 0.36653 4.79924 -0.47869
v 0.35840 4.86296 -0.42642
v 0.35027 4.90119 -0.37414
v 0.34213 4.91393 -0.32186
v 0.33400 4.90119 -0.26958
v 0.32587 4.86296 -0.21730
v 0.31774 4.79924 -0.16502
v 0.41439 4.82331 -0.41090
v 0.40931 4.85780 -0.37826
v 0.40423 4.87849 -0.34563
v 0.39916 4.88538 -0.31299
v 0.39408 4.87849 -0.28035
v 0.38900 4.85780 -0.24771
v 0.38392 4.82331 -0.21508
v 0.45696 4.84739 -0.30913
v 0.45670 4.84739 -0.30746
v 0.45644 4.84739 -0.30579
v 0.45618 4.84739 -0.30412
v 0.45592 4.84739 -0.30245
v 0.45566 4.84739 -0.30078
v 0.45540 4.84739 -0.29911
v 0.00078 4.66695 -0.38009
v 0.00052 4.66695 -0.37842
v 0.00026 4.66695 -0.37675
v 0.00000 4.66695 -0.37508
v -0.00026 4.66695 -0.37341
v -0.00052 4.66695 -0.37174
v -0.00078 4.66695 -0.37007
v 0.07225 4.69102 -0.46412
v 0.06718 4.72551 -0.43148
v 0.06210 4.74620 -0.39885
v 0.05702 4.75309 -0.36621
v 0.05195 4.74620 -0.33357
v 0.04687 4.72551 -0.30093
v 0.04179 4.69102 -0.26830
v 0.13844 4.71510 -0.51417
v 0.13031 4.77882 -0.46190
v 0.12218 4.81705 -0.40962
v 0.11404 4.82979 -0.35734
v 0.10591 4.81705 -0.30506
v 0.09778 4.77882 -0.25278
v 0.08965 4.71510 -0.20050
v 0.20110 4.73917 -0.54152
v 0.19109 4.82242 -0.47717
v 0.18108 4.87238 -0.41282
v 0.17107 4.88903 -0.34847
v 0.16106 4.87238 -0.28412
v 0.15105 4.82242 -0.21977
v 0.14104 4.73917 -0.15542
v 0.26003 4.76325 -0.54494
v 0.24938 4.85336 -0.47650
v 0.23874 4.90743 -0.40805
v 0.22809 4.92545 -0.33960
v 0.21744 4.90743 -0.27115
v 0.20679 4.85336 -0.20270
v 0.19615 4.76325 -0.13425
v 0.31514 4.78733 -0.52378
v 0.30513 4.87058 -0.45943
v 0.29512 4.92053 -0.39508
v 0.28511 4.93718 -0.33073
v 0.27510 4.92053 -0.26638
v 0.26509 4.87058 -0.20203
v 0.25508 4.78733 -0.13768
v 0.36653 4.81140 -0.47869
v 0.35840 4.87512 -0.42642
v 0.35027 4.91335 -0.37414
v 0.34213 4.92609 -0.32186
v 0.33400 4.91335 -0.26958
v 0.32587 4.87512 -0.21730
v 0.31774 4.81140 -0.16502
v 0.41439 4.83548 -0.41090
v 0.40931 4.86996 -0.37826
v 0.40423 4.89065 -0.34563
v 0.39916 4.89755 -0.31299
v 0.39408 4.89065 -0.28035
v 0.38900 4.86996 -0.24771
v 0.38392 4.83548 -0.21508
v 0.45696 4.85956 -0.30913
v 0.45670 4.85956 -0.30746
v 0.45644 4.85956 -0.30579
v 0.45618 4.85956 -0.30412
v 0.45592 4.85956 -0.30245
v 0.45566 4.85956 -0.30078
v 0.45540 4.85956 -0.29911
f 15197 15205 15198
f 15197 15204 15205
f 15198 15206 15199
f 15198 15205 15206
f 15199 15207 15200
f 15199 15206 15207
f 15200 15208 15201
f 15200 15207 15208
f 15201 15209 15202
f 15201 15208 15209
f 15202 15210 15203
f 15202 15209 15210
f 15204 15212 15205
f 15204 15211 15212
f 15205 15213 15206
f 15205 15212 15213
f 15206 15214 15207
f 15206 15213 15214
f 15207 15215 15208
f 15207 15214 15215
f 15208 15216 15209
f 15208 15215 15216
f 15209 15217 15210
f 15209 15216 15217
f 15211 15219 15212
f 15211 15218 15219
f 15212 15220 15213
f 15212 15219 15220
f 15213 15221 15214
f 15213 15220 15221
f 15214 15222 15215
f 15214 15221 15222
f 15215 15223 15216
f 15215 15222 15223
f 15216 15224 15217
f 15216 15223 15224
f 15218 15226 15219
f 15218 15225 15226
f 15219 15227 15220
f 15219 15226 15227
f 15220 15228 15221
f 15220 15227 15228
f 15221 15229 15222
f 15221 15228 15229
f 15222 15230 15223
f 15222 15229 15230
f 15223 15231 15224
f 15223 15230 15231
f 15225 15233 15226
f 15225 15232 15233
f 15226 15234 15227
f 15226 15233 15234
f 15227 15235 15228
f 15227 15234 15235
f 15228 15236 15229
f 15228 15235 15236
f 15229 15237 15230
f 15229 15236 15237
f 15230 15238 15231
f 15230 15237 15238
f 15232 15240 15233
f 15232 15239 15240
f 15233 15241 15234
f 15233 15240 15241
f 15234 15242 15235
f 15234 15241 15242
f 15235 15243 15236
f 15235 15242 15243
f 15236 15244 15237
f 15236 15243 15244
f 15237 15245 15238
f 15237 15244 15245
f 15239 15247 15240
f 15239 15246 15247
f 15240 15248 15241
f 15240 15247 15248
f 15241 15249 15242
f 15241 15248 15249
f 15242 15250 15243
f 15242 15249 15250
f 15243 15251 15244
f 15243 15250 15251
f 15244 15252 15245
f 15244 15251 15252
f 15246 15254 15247
f 15246 15253 15254
f 15247 15255 15248
f 15247 15254 15255
f 15248 15256 15249
f 15248 15255 15256
f 15249 15257 15250
f 15249 15256 15257
f 15250 15258 15251
f 15250 15257 15258
f 15251 15259 15252
f 15251 15258 15259
f 15260 15261 15268
f 15260 15268 15267
f 15261 15262 15269
f 15261 15269 15268
f 15262 15263 15270
f 15262 15270 15269
f 15263 15264 15271
f 15263 15271 15270
f 15264 15265 15272
f 15264 15272 15271
f 15265 15266 15273
f 15265 15273 15272
f 15267 15268 15275
f 15267 15275 15274
f 15268 15269 15276
f 15268 15276 15275
f 15269 15270 15277
f 15269 15277 15276
f 15270 15271 15278
f 15270 15278 15277
f 15271 15272 15279
f 15271 15279 15278
f 15272 15273 15280
f 15272 15280 15279
f 15274 15275 15282
f 15274 15282 15281
f 15275 15276 15283
f 15275 15283 15282
f 15276 15277 15284
f 15276 15284 15283
f 15277 15278 15285
f 15277 15285 15284
f 15278 15279 15286
f 15278 15286 15285
f 15279 15280 15287
f 15279 15287 15286
f 15281 15282 15289
f 15281 15289 15288
f 15282 15283 15290
f 15282 15290 15289
f 15283 15284 15291
f 15283 15291 15290
f 15284 15285 15292
f 15284 15292 15291
f 15285 15286 15293
f 15285 15293 15292
f 15286 15287 15294
f 15286 15294 15293
f 15288 15289 15296
f 15288 15296 15295
f 15289 15290 15297
f 15289 15297 15296
f 15290 15291 15298
f 15290 15298 15297
f 15291 15292 15299
f 15291 15299 15298
f 15292 15293 15300
f 15292 15300 15299
f 15293 15294 15301
f 15293 15301 15300
f 15295 15296 15303
f 15295 15303 15302
f 15296 15297 15304
f 15296 15304 15303
f 15297 15298 15305
f 15297 15305 15304
f 15298 15299 15306
f 15298 15306 15305
f 15299 15300 15307
f 15299 15307 15306
f 15300 15301 15308
f 15300 15308 15307
f 15302 15303 15310
f 15302 15310 15309
f 15303 15304 15311
f 15303 15311 15310
f 15304 15305 15312
f 15304 15312 15311
f 15305 15306 15313
f 15305 15313 15312
f 15306 15307 15314
f 15306 15314 15313
f 15307 15308 15315
f 15307 15315 15314
f 15309 15310 15317
f 15309 15317 15316
f 15310 15311 15318
f 15310 15318 15317
f 15311 15312 15319
f 15311 15319 15318
f 15312 15313 15320
f 15312 15320 15319
f 15313 15314 15321
f 15313 15321 15320
f 15314 15315 15322
f 15314 15322 15321
f 15197 15198 15261
f 15197 15261 15260
f 15198 15199 15262
f 15198 15262 15261
f 15199 15200 15263
f 15199 15263 15262
f 15200 15201 15264
f 15200 15264 15263
f 15201 15202 15265
f 15201 15265 15264
f 15202 15203 15266
f 15202 15266 15265
f 15203 15210 15273
f 15203 15273 15266
f 15210 15217 15280
f 15210 15280 15273
f 15217 15224 15287
f 15217 15287 15280
f 15224 15231 15294
f 15224 15294 15287
f 15231 15238 15301
f 15231 15301 15294
f 15238 15245 15308
f 15238 15308 15301
f 15245 15252 15315
f 15245 15315 15308
f 15252 15259 15322
f 15252 15322 15315
f 15259 15258 15321
f 15259 15321 15322
f 15258 15257 15320
f 15258 15320 15321
f 15257 15256 15319
f 15257 15319 15320
f 15256 15255 15318
f 15256 15318 15319
f 15255 15254 15317
f 15255 15317 15318
f 15254 15253 15316
f 15254 15316 15317
f 15253 15246 15309
f 15253 15309 15316
f 15246 15239 15302
f 15246 15302 15309
f 15239 15232 15295
f 15239 15295 15302
f 15232 15225 15288
f 15232 15288 15295
f 15225 15218 15281
f 15225 15281 15288
f 15218 15211 15274
f 15218 15274 15281
f 15211 15204 15267
f 15211 15267 15274
f 15204 15197 15260
f 15204 15260 15267
o Avarin_SensoryRibbon_R0
usemtl sail_vein
s 1
v 0.20095 4.73960 -0.44604
v 0.20404 4.74232 -0.45439
v 0.21231 4.74483 -0.45785
v 0.22092 4.74566 -0.45439
v 0.22482 4.74433 -0.44604
v 0.22172 4.74161 -0.43769
v 0.21345 4.73910 -0.43423
v 0.20485 4.73826 -0.43769
v 0.20921 4.69792 -0.45655
v 0.21232 4.70057 -0.46492
v 0.22059 4.70306 -0.46839
v 0.22919 4.70392 -0.46492
v 0.23307 4.70266 -0.45655
v 0.22997 4.70000 -0.44819
v 0.22169 4.69752 -0.44472
v 0.21309 4.69665 -0.44819
v 0.22086 4.63932 -0.47045
v 0.22405 4.64149 -0.47892
v 0.23237 4.64379 -0.48242
v 0.24092 4.64488 -0.47892
v 0.24471 4.64411 -0.47045
v 0.24151 4.64194 -0.46197
v 0.23320 4.63964 -0.45847
v 0.22464 4.63856 -0.46197
v 0.23139 4.58742 -0.47645
v 0.23495 4.58781 -0.48505
v 0.24340 4.58942 -0.48861
v 0.25179 4.59131 -0.48505
v 0.25520 4.59238 -0.47645
v 0.25164 4.59200 -0.46786
v 0.24319 4.59039 -0.46430
v 0.23480 4.58849 -0.46786
v 0.23968 4.54899 -0.46669
v 0.24382 4.54675 -0.47472
v 0.25249 4.54736 -0.47805
v 0.26062 4.55045 -0.47472
v 0.26343 4.55423 -0.46669
v 0.25929 4.55646 -0.45866
v 0.25062 4.55586 -0.45533
v 0.24249 4.55276 -0.45866
v 0.24683 4.51738 -0.44904
v 0.25124 4.51403 -0.45653
v 0.26002 4.51422 -0.45963
v 0.26802 4.51783 -0.45653
v 0.27055 4.52276 -0.44904
v 0.26614 4.52611 -0.44156
v 0.25736 4.52592 -0.43846
v 0.24936 4.52230 -0.44156
v 0.25171 4.49596 -0.43590
v 0.25617 4.49245 -0.44328
v 0.26496 4.49258 -0.44634
v 0.27294 4.49627 -0.44328
v 0.27543 4.50137 -0.43590
v 0.27097 4.50489 -0.42852
v 0.26218 4.50476 -0.42547
v 0.25420 4.50106 -0.42852
v 0.21288 4.74196 -0.44604
v 0.26357 4.49867 -0.43590
f 15323 15324 15332
f 15323 15332 15331
f 15324 15325 15333
f 15324 15333 15332
f 15325 15326 15334
f 15325 15334 15333
f 15326 15327 15335
f 15326 15335 15334
f 15327 15328 15336
f 15327 15336 15335
f 15328 15329 15337
f 15328 15337 15336
f 15329 15330 15338
f 15329 15338 15337
f 15330 15323 15331
f 15330 15331 15338
f 15331 15332 15340
f 15331 15340 15339
f 15332 15333 15341
f 15332 15341 15340
f 15333 15334 15342
f 15333 15342 15341
f 15334 15335 15343
f 15334 15343 15342
f 15335 15336 15344
f 15335 15344 15343
f 15336 15337 15345
f 15336 15345 15344
f 15337 15338 15346
f 15337 15346 15345
f 15338 15331 15339
f 15338 15339 15346
f 15339 15340 15348
f 15339 15348 15347
f 15340 15341 15349
f 15340 15349 15348
f 15341 15342 15350
f 15341 15350 15349
f 15342 15343 15351
f 15342 15351 15350
f 15343 15344 15352
f 15343 15352 15351
f 15344 15345 15353
f 15344 15353 15352
f 15345 15346 15354
f 15345 15354 15353
f 15346 15339 15347
f 15346 15347 15354
f 15347 15348 15356
f 15347 15356 15355
f 15348 15349 15357
f 15348 15357 15356
f 15349 15350 15358
f 15349 15358 15357
f 15350 15351 15359
f 15350 15359 15358
f 15351 15352 15360
f 15351 15360 15359
f 15352 15353 15361
f 15352 15361 15360
f 15353 15354 15362
f 15353 15362 15361
f 15354 15347 15355
f 15354 15355 15362
f 15355 15356 15364
f 15355 15364 15363
f 15356 15357 15365
f 15356 15365 15364
f 15357 15358 15366
f 15357 15366 15365
f 15358 15359 15367
f 15358 15367 15366
f 15359 15360 15368
f 15359 15368 15367
f 15360 15361 15369
f 15360 15369 15368
f 15361 15362 15370
f 15361 15370 15369
f 15362 15355 15363
f 15362 15363 15370
f 15363 15364 15372
f 15363 15372 15371
f 15364 15365 15373
f 15364 15373 15372
f 15365 15366 15374
f 15365 15374 15373
f 15366 15367 15375
f 15366 15375 15374
f 15367 15368 15376
f 15367 15376 15375
f 15368 15369 15377
f 15368 15377 15376
f 15369 15370 15378
f 15369 15378 15377
f 15370 15363 15371
f 15370 15371 15378
f 15379 15324 15323
f 15379 15325 15324
f 15379 15326 15325
f 15379 15327 15326
f 15379 15328 15327
f 15379 15329 15328
f 15379 15330 15329
f 15379 15323 15330
f 15380 15371 15372
f 15380 15372 15373
f 15380 15373 15374
f 15380 15374 15375
f 15380 15375 15376
f 15380 15376 15377
f 15380 15377 15378
f 15380 15378 15371
o Avarin_SensoryRibbon_R1
usemtl sail_vein
s 1
v 0.27199 4.73924 -0.44604
v 0.27500 4.74204 -0.45439
v 0.28319 4.74479 -0.45785
v 0.29177 4.74589 -0.45439
v 0.29570 4.74469 -0.44604
v 0.29269 4.74189 -0.43769
v 0.28449 4.73913 -0.43423
v 0.27592 4.73804 -0.43769
v 0.28156 4.69756 -0.45655
v 0.28459 4.70029 -0.46492
v 0.29279 4.70302 -0.46839
v 0.30135 4.70415 -0.46492
v 0.30527 4.70302 -0.45655
v 0.30225 4.70028 -0.44818
v 0.29405 4.69755 -0.44472
v 0.28548 4.69642 -0.44818
v 0.29509 4.63894 -0.47045
v 0.29822 4.64120 -0.47892
v 0.30645 4.64376 -0.48243
v 0.31497 4.64513 -0.47892
v 0.31878 4.64450 -0.47045
v 0.31565 4.64223 -0.46197
v 0.30741 4.63967 -0.45846
v 0.29890 4.63830 -0.46197
v 0.30752 4.58695 -0.47645
v 0.31106 4.58748 -0.48505
v 0.31944 4.58943 -0.48861
v 0.32775 4.59165 -0.48505
v 0.33113 4.59285 -0.47645
v 0.32759 4.59233 -0.46786
v 0.31921 4.59038 -0.46430
v 0.31090 4.58815 -0.46786
v 0.31773 4.54839 -0.46669
v 0.32197 4.54640 -0.47474
v 0.33060 4.54745 -0.47807
v 0.33856 4.55094 -0.47474
v 0.34119 4.55482 -0.46669
v 0.33695 4.55682 -0.45865
v 0.32832 4.55576 -0.45531
v 0.32036 4.55227 -0.45865
v 0.32678 4.51671 -0.44904
v 0.33136 4.51366 -0.45655
v 0.34011 4.51436 -0.45966
v 0.34790 4.51841 -0.45655
v 0.35016 4.52343 -0.44904
v 0.34558 4.52648 -0.44154
v 0.33683 4.52577 -0.43843
v 0.32905 4.52173 -0.44154
v 0.33298 4.49529 -0.43590
v 0.33762 4.49208 -0.44331
v 0.34639 4.49273 -0.44638
v 0.35415 4.49686 -0.44331
v 0.35635 4.50205 -0.43590
v 0.35172 4.50526 -0.42849
v 0.34295 4.50460 -0.42543
v 0.33519 4.50047 -0.42849
v 0.28384 4.74196 -0.44604
v 0.34467 4.49867 -0.43590
f 15381 15382 15390
f 15381 15390 15389
f 15382 15383 15391
f 15382 15391 15390
f 15383 15384 15392
f 15383 15392 15391
f 15384 15385 15393
f 15384 15393 15392
f 15385 15386 15394
f 15385 15394 15393
f 15386 15387 15395
f 15386 15395 15394
f 15387 15388 15396
f 15387 15396 15395
f 15388 15381 15389
f 15388 15389 15396
f 15389 15390 15398
f 15389 15398 15397
f 15390 15391 15399
f 15390 15399 15398
f 15391 15392 15400
f 15391 15400 15399
f 15392 15393 15401
f 15392 15401 15400
f 15393 15394 15402
f 15393 15402 15401
f 15394 15395 15403
f 15394 15403 15402
f 15395 15396 15404
f 15395 15404 15403
f 15396 15389 15397
f 15396 15397 15404
f 15397 15398 15406
f 15397 15406 15405
f 15398 15399 15407
f 15398 15407 15406
f 15399 15400 15408
f 15399 15408 15407
f 15400 15401 15409
f 15400 15409 15408
f 15401 15402 15410
f 15401 15410 15409
f 15402 15403 15411
f 15402 15411 15410
f 15403 15404 15412
f 15403 15412 15411
f 15404 15397 15405
f 15404 15405 15412
f 15405 15406 15414
f 15405 15414 15413
f 15406 15407 15415
f 15406 15415 15414
f 15407 15408 15416
f 15407 15416 15415
f 15408 15409 15417
f 15408 15417 15416
f 15409 15410 15418
f 15409 15418 15417
f 15410 15411 15419
f 15410 15419 15418
f 15411 15412 15420
f 15411 15420 15419
f 15412 15405 15413
f 15412 15413 15420
f 15413 15414 15422
f 15413 15422 15421
f 15414 15415 15423
f 15414 15423 15422
f 15415 15416 15424
f 15415 15424 15423
f 15416 15417 15425
f 15416 15425 15424
f 15417 15418 15426
f 15417 15426 15425
f 15418 15419 15427
f 15418 15427 15426
f 15419 15420 15428
f 15419 15428 15427
f 15420 15413 15421
f 15420 15421 15428
f 15421 15422 15430
f 15421 15430 15429
f 15422 15423 15431
f 15422 15431 15430
f 15423 15424 15432
f 15423 15432 15431
f 15424 15425 15433
f 15424 15433 15432
f 15425 15426 15434
f 15425 15434 15433
f 15426 15427 15435
f 15426 15435 15434
f 15427 15428 15436
f 15427 15436 15435
f 15428 15421 15429
f 15428 15429 15436
f 15437 15382 15381
f 15437 15383 15382
f 15437 15384 15383
f 15437 15385 15384
f 15437 15386 15385
f 15437 15387 15386
f 15437 15388 15387
f 15437 15381 15388
f 15438 15429 15430
f 15438 15430 15431
f 15438 15431 15432
f 15438 15432 15433
f 15438 15433 15434
f 15438 15434 15435
f 15438 15435 15436
f 15438 15436 15429
o Avarin_SensoryRibbon_R2
usemtl sail_vein
s 1
v 0.34304 4.73889 -0.44604
v 0.34597 4.74176 -0.45440
v 0.35408 4.74475 -0.45786
v 0.36261 4.74611 -0.45440
v 0.36657 4.74504 -0.44604
v 0.36364 4.74216 -0.43768
v 0.35553 4.73917 -0.43422
v 0.34700 4.73782 -0.43768
v 0.35393 4.69720 -0.45655
v 0.35687 4.70001 -0.46493
v 0.36499 4.70298 -0.46839
v 0.37351 4.70438 -0.46493
v 0.37746 4.70337 -0.45655
v 0.37451 4.70056 -0.44818
v 0.36640 4.69759 -0.44471
v 0.35787 4.69620 -0.44818
v 0.36934 4.63856 -0.47045
v 0.37240 4.64091 -0.47892
v 0.38055 4.64373 -0.48243
v 0.38901 4.64537 -0.47892
v 0.39283 4.64487 -0.47045
v 0.38978 4.64252 -0.46197
v 0.38163 4.63970 -0.45846
v 0.37316 4.63806 -0.46197
v 0.38368 4.58650 -0.47645
v 0.38719 4.58716 -0.48505
v 0.39549 4.58944 -0.48861
v 0.40371 4.59198 -0.48505
v 0.40703 4.59331 -0.47645
v 0.40352 4.59264 -0.46786
v 0.39522 4.59037 -0.46430
v 0.38700 4.58782 -0.46786
v 0.39581 4.54782 -0.46669
v 0.40013 4.54607 -0.47475
v 0.40869 4.54757 -0.47809
v 0.41648 4.55143 -0.47475
v 0.41893 4.55540 -0.46669
v 0.41461 4.55714 -0.45863
v 0.40604 4.55565 -0.45529
v 0.39826 4.55178 -0.45863
v 0.40677 4.51608 -0.44904
v 0.41149 4.51333 -0.45658
v 0.42018 4.51454 -0.45971
v 0.42774 4.51898 -0.45658
v 0.42975 4.52406 -0.44904
v 0.42502 4.52680 -0.44151
v 0.41633 4.52560 -0.43838
v 0.40877 4.52116 -0.44151
v 0.41429 4.49464 -0.43590
v 0.41908 4.49175 -0.44335
v 0.42779 4.49291 -0.44643
v 0.43531 4.49745 -0.44335
v 0.43724 4.50270 -0.43590
v 0.43245 4.50558 -0.42846
v 0.42375 4.50442 -0.42538
v 0.41622 4.49989 -0.42846
v 0.35481 4.74196 -0.44604
v 0.42577 4.49867 -0.43590
f 15439 15440 15448
f 15439 15448 15447
f 15440 15441 15449
f 15440 15449 15448
f 15441 15442 15450
f 15441 15450 15449
f 15442 15443 15451
f 15442 15451 15450
f 15443 15444 15452
f 15443 15452 15451
f 15444 15445 15453
f 15444 15453 15452
f 15445 15446 15454
f 15445 15454 15453
f 15446 15439 15447
f 15446 15447 15454
f 15447 15448 15456
f 15447 15456 15455
f 15448 15449 15457
f 15448 15457 15456
f 15449 15450 15458
f 15449 15458 15457
f 15450 15451 15459
f 15450 15459 15458
f 15451 15452 15460
f 15451 15460 15459
f 15452 15453 15461
f 15452 15461 15460
f 15453 15454 15462
f 15453 15462 15461
f 15454 15447 15455
f 15454 15455 15462
f 15455 15456 15464
f 15455 15464 15463
f 15456 15457 15465
f 15456 15465 15464
f 15457 15458 15466
f 15457 15466 15465
f 15458 15459 15467
f 15458 15467 15466
f 15459 15460 15468
f 15459 15468 15467
f 15460 15461 15469
f 15460 15469 15468
f 15461 15462 15470
f 15461 15470 15469
f 15462 15455 15463
f 15462 15463 15470
f 15463 15464 15472
f 15463 15472 15471
f 15464 15465 15473
f 15464 15473 15472
f 15465 15466 15474
f 15465 15474 15473
f 15466 15467 15475
f 15466 15475 15474
f 15467 15468 15476
f 15467 15476 15475
f 15468 15469 15477
f 15468 15477 15476
f 15469 15470 15478
f 15469 15478 15477
f 15470 15463 15471
f 15470 15471 15478
f 15471 15472 15480
f 15471 15480 15479
f 15472 15473 15481
f 15472 15481 15480
f 15473 15474 15482
f 15473 15482 15481
f 15474 15475 15483
f 15474 15483 15482
f 15475 15476 15484
f 15475 15484 15483
f 15476 15477 15485
f 15476 15485 15484
f 15477 15478 15486
f 15477 15486 15485
f 15478 15471 15479
f 15478 15479 15486
f 15479 15480 15488
f 15479 15488 15487
f 15480 15481 15489
f 15480 15489 15488
f 15481 15482 15490
f 15481 15490 15489
f 15482 15483 15491
f 15482 15491 15490
f 15483 15484 15492
f 15483 15492 15491
f 15484 15485 15493
f 15484 15493 15492
f 15485 15486 15494
f 15485 15494 15493
f 15486 15479 15487
f 15486 15487 15494
f 15495 15440 15439
f 15495 15441 15440
f 15495 15442 15441
f 15495 15443 15442
f 15495 15444 15443
f 15495 15445 15444
f 15495 15446 15445
f 15495 15439 15446
f 15496 15487 15488
f 15496 15488 15489
f 15496 15489 15490
f 15496 15490 15491
f 15496 15491 15492
f 15496 15492 15493
f 15496 15493 15494
f 15496 15494 15487
